# ************************************************************
# Sequel Pro SQL dump
# Version 4541
#
# http://www.sequelpro.com/
# https://github.com/sequelpro/sequelpro
#
# Host: 127.0.0.1 (MySQL 5.7.27-0ubuntu0.18.04.1)
# Database: laravel-shop
# Generation Time: 2020-06-03 10:10:36 +0000
# ************************************************************


/*!40101 SET @OLD_CHARACTER_SET_CLIENT=@@CHARACTER_SET_CLIENT */;
/*!40101 SET @OLD_CHARACTER_SET_RESULTS=@@CHARACTER_SET_RESULTS */;
/*!40101 SET @OLD_COLLATION_CONNECTION=@@COLLATION_CONNECTION */;
/*!40101 SET NAMES utf8 */;
/*!40014 SET @OLD_FOREIGN_KEY_CHECKS=@@FOREIGN_KEY_CHECKS, FOREIGN_KEY_CHECKS=0 */;
/*!40101 SET @OLD_SQL_MODE=@@SQL_MODE, SQL_MODE='NO_AUTO_VALUE_ON_ZERO' */;
/*!40111 SET @OLD_SQL_NOTES=@@SQL_NOTES, SQL_NOTES=0 */;


# Dump of table admin_menu
# ------------------------------------------------------------

DROP TABLE IF EXISTS `admin_menu`;

CREATE TABLE `admin_menu` (
  `id` int(10) unsigned NOT NULL AUTO_INCREMENT,
  `parent_id` int(11) NOT NULL DEFAULT '0',
  `order` int(11) NOT NULL DEFAULT '0',
  `title` varchar(50) COLLATE utf8mb4_unicode_ci NOT NULL,
  `icon` varchar(50) COLLATE utf8mb4_unicode_ci NOT NULL,
  `uri` varchar(50) COLLATE utf8mb4_unicode_ci DEFAULT NULL,
  `permission` varchar(255) COLLATE utf8mb4_unicode_ci DEFAULT NULL,
  `created_at` timestamp NULL DEFAULT NULL,
  `updated_at` timestamp NULL DEFAULT NULL,
  PRIMARY KEY (`id`)
) ENGINE=InnoDB DEFAULT CHARSET=utf8mb4 COLLATE=utf8mb4_unicode_ci;

LOCK TABLES `admin_menu` WRITE;
/*!40000 ALTER TABLE `admin_menu` DISABLE KEYS */;

INSERT INTO `admin_menu` (`id`, `parent_id`, `order`, `title`, `icon`, `uri`, `permission`, `created_at`, `updated_at`)
VALUES
	(1,0,1,'首页','fa-bar-chart','/',NULL,NULL,'2020-05-21 13:24:03'),
	(2,0,6,'系统管理','fa-tasks',NULL,NULL,NULL,'2020-05-30 16:47:47'),
	(3,2,7,'管理员','fa-users','auth/users',NULL,NULL,'2020-05-30 16:47:47'),
	(4,2,8,'角色','fa-user','auth/roles',NULL,NULL,'2020-05-30 16:47:47'),
	(5,2,9,'权限','fa-ban','auth/permissions',NULL,NULL,'2020-05-30 16:47:47'),
	(6,2,10,'菜单','fa-bars','auth/menu',NULL,NULL,'2020-05-30 16:47:47'),
	(7,2,11,'操作日志','fa-history','auth/logs',NULL,NULL,'2020-05-30 16:47:47'),
	(8,0,2,'用户管理','fa-users','/users',NULL,'2020-05-22 10:09:51','2020-05-22 10:10:03'),
	(9,0,3,'商品管理','fa-cubes','/products',NULL,'2020-05-22 15:18:10','2020-05-22 15:18:16'),
	(10,0,4,'订单管理','fa-rmb','/orders',NULL,'2020-05-29 10:21:47','2020-05-29 10:21:59'),
	(11,0,5,'优惠券管理','fa-bars','/coupon_codes',NULL,'2020-05-30 16:47:30','2020-05-30 16:47:47');

/*!40000 ALTER TABLE `admin_menu` ENABLE KEYS */;
UNLOCK TABLES;


# Dump of table admin_operation_log
# ------------------------------------------------------------

DROP TABLE IF EXISTS `admin_operation_log`;

CREATE TABLE `admin_operation_log` (
  `id` int(10) unsigned NOT NULL AUTO_INCREMENT,
  `user_id` int(11) NOT NULL,
  `path` varchar(255) COLLATE utf8mb4_unicode_ci NOT NULL,
  `method` varchar(10) COLLATE utf8mb4_unicode_ci NOT NULL,
  `ip` varchar(255) COLLATE utf8mb4_unicode_ci NOT NULL,
  `input` text COLLATE utf8mb4_unicode_ci NOT NULL,
  `created_at` timestamp NULL DEFAULT NULL,
  `updated_at` timestamp NULL DEFAULT NULL,
  PRIMARY KEY (`id`),
  KEY `admin_operation_log_user_id_index` (`user_id`)
) ENGINE=InnoDB DEFAULT CHARSET=utf8mb4 COLLATE=utf8mb4_unicode_ci;

LOCK TABLES `admin_operation_log` WRITE;
/*!40000 ALTER TABLE `admin_operation_log` DISABLE KEYS */;

INSERT INTO `admin_operation_log` (`id`, `user_id`, `path`, `method`, `ip`, `input`, `created_at`, `updated_at`)
VALUES
	(1,1,'admin','GET','192.168.10.1','[]','2020-05-21 13:15:41','2020-05-21 13:15:41'),
	(2,1,'admin','GET','192.168.10.1','{\"_pjax\":\"#pjax-container\"}','2020-05-21 13:15:54','2020-05-21 13:15:54'),
	(3,1,'admin/auth/setting','GET','192.168.10.1','{\"_pjax\":\"#pjax-container\"}','2020-05-21 13:16:00','2020-05-21 13:16:00'),
	(4,1,'admin','GET','192.168.10.1','{\"_pjax\":\"#pjax-container\"}','2020-05-21 13:16:12','2020-05-21 13:16:12'),
	(5,1,'admin','GET','192.168.10.1','{\"_pjax\":\"#pjax-container\"}','2020-05-21 13:16:16','2020-05-21 13:16:16'),
	(6,1,'admin','GET','192.168.10.1','[]','2020-05-21 13:16:40','2020-05-21 13:16:40'),
	(7,1,'admin','GET','192.168.10.1','[]','2020-05-21 13:17:08','2020-05-21 13:17:08'),
	(8,1,'admin','GET','192.168.10.1','{\"_pjax\":\"#pjax-container\"}','2020-05-21 13:17:11','2020-05-21 13:17:11'),
	(9,1,'admin','GET','192.168.10.1','{\"_pjax\":\"#pjax-container\"}','2020-05-21 13:17:13','2020-05-21 13:17:13'),
	(10,1,'admin','GET','192.168.10.1','[]','2020-05-21 13:17:59','2020-05-21 13:17:59'),
	(11,1,'admin/auth/logout','GET','192.168.10.1','{\"_pjax\":\"#pjax-container\"}','2020-05-21 13:18:03','2020-05-21 13:18:03'),
	(12,1,'admin','GET','192.168.10.1','[]','2020-05-21 13:18:43','2020-05-21 13:18:43'),
	(13,1,'admin','GET','192.168.10.1','{\"_pjax\":\"#pjax-container\"}','2020-05-21 13:18:46','2020-05-21 13:18:46'),
	(14,1,'admin','GET','192.168.10.1','[]','2020-05-21 13:19:53','2020-05-21 13:19:53'),
	(15,1,'admin','GET','192.168.10.1','[]','2020-05-21 13:21:47','2020-05-21 13:21:47'),
	(16,1,'admin','GET','192.168.10.1','[]','2020-05-21 13:21:53','2020-05-21 13:21:53'),
	(17,1,'admin','GET','192.168.10.1','[]','2020-05-21 13:23:07','2020-05-21 13:23:07'),
	(18,1,'admin','GET','192.168.10.1','{\"_pjax\":\"#pjax-container\"}','2020-05-21 13:23:09','2020-05-21 13:23:09'),
	(19,1,'admin','GET','192.168.10.1','{\"_pjax\":\"#pjax-container\"}','2020-05-21 13:23:16','2020-05-21 13:23:16'),
	(20,1,'admin/auth/menu','GET','192.168.10.1','{\"_pjax\":\"#pjax-container\"}','2020-05-21 13:23:24','2020-05-21 13:23:24'),
	(21,1,'admin/auth/menu/1/edit','GET','192.168.10.1','{\"_pjax\":\"#pjax-container\"}','2020-05-21 13:23:32','2020-05-21 13:23:32'),
	(22,1,'admin/auth/menu/1','PUT','192.168.10.1','{\"parent_id\":\"0\",\"title\":\"\\u9996\\u9875\",\"icon\":\"fa-bar-chart\",\"uri\":\"\\/\",\"roles\":[null],\"permission\":null,\"_token\":\"6ifSPtXbyPwASQNr7swAlnYDqa7EDAw9MQZi2zxq\",\"_method\":\"PUT\",\"_previous_\":\"http:\\/\\/laravel-shop.test\\/admin\\/auth\\/menu\"}','2020-05-21 13:24:03','2020-05-21 13:24:03'),
	(23,1,'admin/auth/menu','GET','192.168.10.1','[]','2020-05-21 13:24:04','2020-05-21 13:24:04'),
	(24,1,'admin/auth/menu','GET','192.168.10.1','[]','2020-05-21 13:24:08','2020-05-21 13:24:08'),
	(25,1,'admin/auth/menu/2/edit','GET','192.168.10.1','{\"_pjax\":\"#pjax-container\"}','2020-05-21 13:24:12','2020-05-21 13:24:12'),
	(26,1,'admin/auth/menu/2','PUT','192.168.10.1','{\"parent_id\":\"0\",\"title\":\"\\u7cfb\\u7edf\\u7ba1\\u7406\",\"icon\":\"fa-tasks\",\"uri\":null,\"roles\":[\"1\",null],\"permission\":null,\"_token\":\"6ifSPtXbyPwASQNr7swAlnYDqa7EDAw9MQZi2zxq\",\"_method\":\"PUT\",\"_previous_\":\"http:\\/\\/laravel-shop.test\\/admin\\/auth\\/menu\"}','2020-05-21 13:24:22','2020-05-21 13:24:22'),
	(27,1,'admin/auth/menu','GET','192.168.10.1','[]','2020-05-21 13:24:23','2020-05-21 13:24:23'),
	(28,1,'admin/auth/menu/3/edit','GET','192.168.10.1','{\"_pjax\":\"#pjax-container\"}','2020-05-21 13:24:28','2020-05-21 13:24:28'),
	(29,1,'admin/auth/menu/3','PUT','192.168.10.1','{\"parent_id\":\"2\",\"title\":\"\\u7ba1\\u7406\\u5458\",\"icon\":\"fa-users\",\"uri\":\"auth\\/users\",\"roles\":[null],\"permission\":null,\"_token\":\"6ifSPtXbyPwASQNr7swAlnYDqa7EDAw9MQZi2zxq\",\"_method\":\"PUT\",\"_previous_\":\"http:\\/\\/laravel-shop.test\\/admin\\/auth\\/menu\"}','2020-05-21 13:24:34','2020-05-21 13:24:34'),
	(30,1,'admin/auth/menu','GET','192.168.10.1','[]','2020-05-21 13:24:35','2020-05-21 13:24:35'),
	(31,1,'admin/auth/menu/4/edit','GET','192.168.10.1','{\"_pjax\":\"#pjax-container\"}','2020-05-21 13:24:40','2020-05-21 13:24:40'),
	(32,1,'admin/auth/menu/4','PUT','192.168.10.1','{\"parent_id\":\"2\",\"title\":\"\\u89d2\\u8272\",\"icon\":\"fa-user\",\"uri\":\"auth\\/roles\",\"roles\":[null],\"permission\":null,\"_token\":\"6ifSPtXbyPwASQNr7swAlnYDqa7EDAw9MQZi2zxq\",\"_method\":\"PUT\",\"_previous_\":\"http:\\/\\/laravel-shop.test\\/admin\\/auth\\/menu\"}','2020-05-21 13:24:44','2020-05-21 13:24:44'),
	(33,1,'admin/auth/menu','GET','192.168.10.1','[]','2020-05-21 13:24:44','2020-05-21 13:24:44'),
	(34,1,'admin/auth/menu/5/edit','GET','192.168.10.1','{\"_pjax\":\"#pjax-container\"}','2020-05-21 13:24:47','2020-05-21 13:24:47'),
	(35,1,'admin/auth/menu/5','PUT','192.168.10.1','{\"parent_id\":\"2\",\"title\":\"\\u6743\\u9650\",\"icon\":\"fa-ban\",\"uri\":\"auth\\/permissions\",\"roles\":[null],\"permission\":null,\"_token\":\"6ifSPtXbyPwASQNr7swAlnYDqa7EDAw9MQZi2zxq\",\"_method\":\"PUT\",\"_previous_\":\"http:\\/\\/laravel-shop.test\\/admin\\/auth\\/menu\"}','2020-05-21 13:24:53','2020-05-21 13:24:53'),
	(36,1,'admin/auth/menu','GET','192.168.10.1','[]','2020-05-21 13:24:53','2020-05-21 13:24:53'),
	(37,1,'admin/auth/menu/6/edit','GET','192.168.10.1','{\"_pjax\":\"#pjax-container\"}','2020-05-21 13:24:58','2020-05-21 13:24:58'),
	(38,1,'admin/auth/menu/6','PUT','192.168.10.1','{\"parent_id\":\"2\",\"title\":\"\\u83dc\\u5355\",\"icon\":\"fa-bars\",\"uri\":\"auth\\/menu\",\"roles\":[null],\"permission\":null,\"_token\":\"6ifSPtXbyPwASQNr7swAlnYDqa7EDAw9MQZi2zxq\",\"_method\":\"PUT\",\"_previous_\":\"http:\\/\\/laravel-shop.test\\/admin\\/auth\\/menu\"}','2020-05-21 13:25:03','2020-05-21 13:25:03'),
	(39,1,'admin/auth/menu','GET','192.168.10.1','[]','2020-05-21 13:25:03','2020-05-21 13:25:03'),
	(40,1,'admin/auth/menu/7/edit','GET','192.168.10.1','{\"_pjax\":\"#pjax-container\"}','2020-05-21 13:25:11','2020-05-21 13:25:11'),
	(41,1,'admin/auth/menu/7','PUT','192.168.10.1','{\"parent_id\":\"2\",\"title\":\"\\u64cd\\u4f5c\\u65e5\\u5fd7\",\"icon\":\"fa-history\",\"uri\":\"auth\\/logs\",\"roles\":[null],\"permission\":null,\"_token\":\"6ifSPtXbyPwASQNr7swAlnYDqa7EDAw9MQZi2zxq\",\"_method\":\"PUT\",\"_previous_\":\"http:\\/\\/laravel-shop.test\\/admin\\/auth\\/menu\"}','2020-05-21 13:25:17','2020-05-21 13:25:17'),
	(42,1,'admin/auth/menu','GET','192.168.10.1','[]','2020-05-21 13:25:17','2020-05-21 13:25:17'),
	(43,1,'admin','GET','192.168.10.1','{\"_pjax\":\"#pjax-container\"}','2020-05-21 13:25:20','2020-05-21 13:25:20'),
	(44,1,'admin','GET','192.168.10.1','[]','2020-05-21 13:25:22','2020-05-21 13:25:22'),
	(45,1,'admin/auth/users','GET','192.168.10.1','{\"_pjax\":\"#pjax-container\"}','2020-05-21 13:25:25','2020-05-21 13:25:25'),
	(46,1,'admin/auth/roles','GET','192.168.10.1','{\"_pjax\":\"#pjax-container\"}','2020-05-21 13:25:32','2020-05-21 13:25:32'),
	(47,1,'admin/auth/permissions','GET','192.168.10.1','{\"_pjax\":\"#pjax-container\"}','2020-05-21 13:25:35','2020-05-21 13:25:35'),
	(48,1,'admin/auth/menu','GET','192.168.10.1','{\"_pjax\":\"#pjax-container\"}','2020-05-21 13:25:38','2020-05-21 13:25:38'),
	(49,1,'admin/auth/users','GET','192.168.10.1','{\"_pjax\":\"#pjax-container\"}','2020-05-21 13:25:59','2020-05-21 13:25:59'),
	(50,1,'admin/auth/users/1/edit','GET','192.168.10.1','{\"_pjax\":\"#pjax-container\"}','2020-05-21 13:26:04','2020-05-21 13:26:04'),
	(51,1,'admin/auth/users','GET','192.168.10.1','{\"_pjax\":\"#pjax-container\"}','2020-05-21 13:26:08','2020-05-21 13:26:08'),
	(52,1,'admin','GET','192.168.10.1','{\"_pjax\":\"#pjax-container\"}','2020-05-21 13:26:11','2020-05-21 13:26:11'),
	(53,1,'admin','GET','192.168.10.1','[]','2020-05-21 13:26:22','2020-05-21 13:26:22'),
	(54,1,'admin','GET','192.168.10.1','{\"_pjax\":\"#pjax-container\"}','2020-05-21 13:26:24','2020-05-21 13:26:24'),
	(55,1,'admin/auth/menu','GET','192.168.10.1','{\"_pjax\":\"#pjax-container\"}','2020-05-21 13:26:30','2020-05-21 13:26:30'),
	(56,1,'admin/auth/menu','GET','192.168.10.1','[]','2020-05-21 13:27:10','2020-05-21 13:27:10'),
	(57,1,'admin/auth/menu','GET','192.168.10.1','[]','2020-05-21 13:29:46','2020-05-21 13:29:46'),
	(58,1,'admin/auth/menu','GET','192.168.10.1','[]','2020-05-21 13:30:24','2020-05-21 13:30:24'),
	(59,1,'admin/auth/menu','GET','192.168.10.1','{\"_pjax\":\"#pjax-container\"}','2020-05-21 13:30:29','2020-05-21 13:30:29'),
	(60,1,'admin/auth/users','GET','192.168.10.1','{\"_pjax\":\"#pjax-container\"}','2020-05-21 13:30:43','2020-05-21 13:30:43'),
	(61,1,'admin/auth/users','GET','192.168.10.1','{\"_columns_\":\"id,name,roles,updated_at,username\",\"_pjax\":\"#pjax-container\"}','2020-05-21 13:30:50','2020-05-21 13:30:50'),
	(62,1,'admin/auth/users','GET','192.168.10.1','{\"_pjax\":\"#pjax-container\"}','2020-05-21 13:30:54','2020-05-21 13:30:54'),
	(63,1,'admin/auth/users','GET','192.168.10.1','{\"_pjax\":\"#pjax-container\",\"_sort\":{\"column\":\"id\",\"type\":\"desc\"}}','2020-05-21 13:31:03','2020-05-21 13:31:03'),
	(64,1,'admin/auth/users','GET','192.168.10.1','{\"_pjax\":\"#pjax-container\",\"_sort\":{\"column\":\"id\",\"type\":\"asc\"}}','2020-05-21 13:31:05','2020-05-21 13:31:05'),
	(65,1,'admin/auth/users','GET','192.168.10.1','{\"_sort\":{\"column\":\"id\",\"type\":\"asc\"}}','2020-05-21 13:31:08','2020-05-21 13:31:08'),
	(66,1,'admin','GET','192.168.10.1','{\"_pjax\":\"#pjax-container\"}','2020-05-21 13:31:12','2020-05-21 13:31:12'),
	(67,1,'admin/auth/users','GET','192.168.10.1','{\"_pjax\":\"#pjax-container\"}','2020-05-21 13:31:14','2020-05-21 13:31:14'),
	(68,1,'admin/auth/users','GET','192.168.10.1','[]','2020-05-21 13:31:48','2020-05-21 13:31:48'),
	(69,1,'admin','GET','192.168.10.1','[]','2020-05-22 09:46:29','2020-05-22 09:46:29'),
	(70,1,'admin/auth/logout','GET','192.168.10.1','{\"_pjax\":\"#pjax-container\"}','2020-05-22 09:46:33','2020-05-22 09:46:33'),
	(71,1,'admin','GET','192.168.10.1','[]','2020-05-22 09:46:43','2020-05-22 09:46:43'),
	(72,1,'admin/auth/users','GET','192.168.10.1','{\"_pjax\":\"#pjax-container\"}','2020-05-22 09:46:52','2020-05-22 09:46:52'),
	(73,1,'admin/auth/users/1/edit','GET','192.168.10.1','{\"_pjax\":\"#pjax-container\"}','2020-05-22 09:46:57','2020-05-22 09:46:57'),
	(74,1,'admin/auth/permissions','GET','192.168.10.1','{\"_pjax\":\"#pjax-container\"}','2020-05-22 09:47:02','2020-05-22 09:47:02'),
	(75,1,'admin','GET','192.168.10.1','{\"_pjax\":\"#pjax-container\"}','2020-05-22 09:57:45','2020-05-22 09:57:45'),
	(76,1,'admin','GET','192.168.10.1','[]','2020-05-22 09:58:01','2020-05-22 09:58:01'),
	(77,1,'admin/auth/roles','GET','192.168.10.1','{\"_pjax\":\"#pjax-container\"}','2020-05-22 09:58:05','2020-05-22 09:58:05'),
	(78,1,'admin/auth/roles/1/edit','GET','192.168.10.1','{\"_pjax\":\"#pjax-container\"}','2020-05-22 09:58:08','2020-05-22 09:58:08'),
	(79,1,'admin/auth/users','GET','192.168.10.1','{\"_pjax\":\"#pjax-container\"}','2020-05-22 09:58:28','2020-05-22 09:58:28'),
	(80,1,'admin/auth/users/create','GET','192.168.10.1','{\"_pjax\":\"#pjax-container\"}','2020-05-22 09:58:32','2020-05-22 09:58:32'),
	(81,1,'admin/auth/roles','GET','192.168.10.1','{\"_pjax\":\"#pjax-container\"}','2020-05-22 09:58:40','2020-05-22 09:58:40'),
	(82,1,'admin/auth/permissions','GET','192.168.10.1','{\"_pjax\":\"#pjax-container\"}','2020-05-22 09:59:08','2020-05-22 09:59:08'),
	(83,1,'admin/auth/menu','GET','192.168.10.1','{\"_pjax\":\"#pjax-container\"}','2020-05-22 09:59:11','2020-05-22 09:59:11'),
	(84,1,'admin/auth/menu','GET','192.168.10.1','[]','2020-05-22 10:09:15','2020-05-22 10:09:15'),
	(85,1,'admin/auth/menu','POST','192.168.10.1','{\"parent_id\":\"0\",\"title\":\"\\u7528\\u6237\\u7ba1\\u7406\",\"icon\":\"fa-users\",\"uri\":\"\\/users\",\"roles\":[null],\"permission\":null,\"_token\":\"Z4Dy9xu5bz43iytCU6XXSKCcSTfQbJ6JcYVcVfrl\"}','2020-05-22 10:09:51','2020-05-22 10:09:51'),
	(86,1,'admin/auth/menu','GET','192.168.10.1','[]','2020-05-22 10:09:51','2020-05-22 10:09:51'),
	(87,1,'admin/auth/menu','POST','192.168.10.1','{\"_token\":\"Z4Dy9xu5bz43iytCU6XXSKCcSTfQbJ6JcYVcVfrl\",\"_order\":\"[{\\\"id\\\":1},{\\\"id\\\":8},{\\\"id\\\":2,\\\"children\\\":[{\\\"id\\\":3},{\\\"id\\\":4},{\\\"id\\\":5},{\\\"id\\\":6},{\\\"id\\\":7}]}]\"}','2020-05-22 10:10:03','2020-05-22 10:10:03'),
	(88,1,'admin/auth/menu','GET','192.168.10.1','{\"_pjax\":\"#pjax-container\"}','2020-05-22 10:10:04','2020-05-22 10:10:04'),
	(89,1,'admin/auth/menu','GET','192.168.10.1','[]','2020-05-22 10:10:07','2020-05-22 10:10:07'),
	(90,1,'admin/users','GET','192.168.10.1','{\"_pjax\":\"#pjax-container\"}','2020-05-22 10:10:09','2020-05-22 10:10:09'),
	(91,1,'admin/users','GET','192.168.10.1','[]','2020-05-22 10:11:07','2020-05-22 10:11:07'),
	(92,1,'admin/users','GET','192.168.10.1','[]','2020-05-22 10:11:20','2020-05-22 10:11:20'),
	(93,1,'admin/users','GET','192.168.10.1','[]','2020-05-22 10:13:42','2020-05-22 10:13:42'),
	(94,1,'admin/users','GET','192.168.10.1','[]','2020-05-22 10:14:10','2020-05-22 10:14:10'),
	(95,1,'admin/users','GET','192.168.10.1','[]','2020-05-22 10:14:19','2020-05-22 10:14:19'),
	(96,1,'admin/auth/setting','GET','192.168.10.1','{\"_pjax\":\"#pjax-container\"}','2020-05-22 10:14:24','2020-05-22 10:14:24'),
	(97,1,'admin/auth/setting','PUT','192.168.10.1','{\"name\":\"Administrator\",\"password\":\"$2y$10$9ilYgz2Q7qpIml9qEwt2NOMMhn1b7qUTGTGFRKd6W\\/r.dhd42jl6W\",\"password_confirmation\":\"$2y$10$9ilYgz2Q7qpIml9qEwt2NOMMhn1b7qUTGTGFRKd6W\\/r.dhd42jl6W\",\"_token\":\"Z4Dy9xu5bz43iytCU6XXSKCcSTfQbJ6JcYVcVfrl\",\"_method\":\"PUT\",\"_previous_\":\"http:\\/\\/laravel-shop.test\\/admin\\/users\"}','2020-05-22 10:16:22','2020-05-22 10:16:22'),
	(98,1,'admin/auth/setting','GET','192.168.10.1','[]','2020-05-22 10:16:23','2020-05-22 10:16:23'),
	(99,1,'admin/auth/setting','GET','192.168.10.1','[]','2020-05-22 10:16:30','2020-05-22 10:16:30'),
	(100,1,'admin/auth/setting','PUT','192.168.10.1','{\"name\":\"Administrator\",\"password\":\"$2y$10$9ilYgz2Q7qpIml9qEwt2NOMMhn1b7qUTGTGFRKd6W\\/r.dhd42jl6W\",\"password_confirmation\":\"$2y$10$9ilYgz2Q7qpIml9qEwt2NOMMhn1b7qUTGTGFRKd6W\\/r.dhd42jl6W\",\"_token\":\"Z4Dy9xu5bz43iytCU6XXSKCcSTfQbJ6JcYVcVfrl\",\"_method\":\"PUT\",\"_previous_\":\"http:\\/\\/laravel-shop.test\\/admin\\/users\"}','2020-05-22 10:17:18','2020-05-22 10:17:18'),
	(101,1,'admin/auth/setting','GET','192.168.10.1','[]','2020-05-22 10:17:18','2020-05-22 10:17:18'),
	(102,1,'admin/auth/setting','GET','192.168.10.1','[]','2020-05-22 10:17:22','2020-05-22 10:17:22'),
	(103,1,'admin/auth/setting','GET','192.168.10.1','[]','2020-05-22 10:17:33','2020-05-22 10:17:33'),
	(104,1,'admin/auth/setting','GET','192.168.10.1','{\"_pjax\":\"#pjax-container\"}','2020-05-22 10:17:35','2020-05-22 10:17:35'),
	(105,1,'admin','GET','192.168.10.1','{\"_pjax\":\"#pjax-container\"}','2020-05-22 10:17:38','2020-05-22 10:17:38'),
	(106,1,'admin/auth/setting','GET','192.168.10.1','{\"_pjax\":\"#pjax-container\"}','2020-05-22 10:17:43','2020-05-22 10:17:43'),
	(107,1,'admin/auth/setting','PUT','192.168.10.1','{\"name\":\"Administrator\",\"password\":\"$2y$10$9ilYgz2Q7qpIml9qEwt2NOMMhn1b7qUTGTGFRKd6W\\/r.dhd42jl6W\",\"password_confirmation\":\"$2y$10$9ilYgz2Q7qpIml9qEwt2NOMMhn1b7qUTGTGFRKd6W\\/r.dhd42jl6W\",\"_token\":\"Z4Dy9xu5bz43iytCU6XXSKCcSTfQbJ6JcYVcVfrl\",\"_method\":\"PUT\",\"_previous_\":\"http:\\/\\/laravel-shop.test\\/admin\"}','2020-05-22 10:18:06','2020-05-22 10:18:06'),
	(108,1,'admin/auth/setting','GET','192.168.10.1','[]','2020-05-22 10:18:07','2020-05-22 10:18:07'),
	(109,1,'admin/auth/setting','GET','192.168.10.1','[]','2020-05-22 10:18:10','2020-05-22 10:18:10'),
	(110,1,'admin/auth/setting','GET','192.168.10.1','[]','2020-05-22 10:18:48','2020-05-22 10:18:48'),
	(111,1,'admin/auth/setting','GET','192.168.10.1','[]','2020-05-22 10:18:51','2020-05-22 10:18:51'),
	(112,1,'admin','GET','192.168.10.1','{\"_pjax\":\"#pjax-container\"}','2020-05-22 10:19:03','2020-05-22 10:19:03'),
	(113,1,'admin/auth/setting','GET','192.168.10.1','{\"_pjax\":\"#pjax-container\"}','2020-05-22 10:19:21','2020-05-22 10:19:21'),
	(114,1,'admin/auth/logout','GET','192.168.10.1','{\"_pjax\":\"#pjax-container\"}','2020-05-22 10:19:47','2020-05-22 10:19:47'),
	(115,1,'admin','GET','192.168.10.1','[]','2020-05-22 10:19:55','2020-05-22 10:19:55'),
	(116,1,'admin/auth/menu','GET','192.168.10.1','{\"_pjax\":\"#pjax-container\"}','2020-05-22 10:20:00','2020-05-22 10:20:00'),
	(117,1,'admin/auth/menu','GET','192.168.10.1','[]','2020-05-22 10:23:16','2020-05-22 10:23:16'),
	(118,1,'admin/auth/menu','GET','192.168.10.1','[]','2020-05-22 10:24:50','2020-05-22 10:24:50'),
	(119,1,'admin/auth/setting','GET','192.168.10.1','{\"_pjax\":\"#pjax-container\"}','2020-05-22 10:25:35','2020-05-22 10:25:35'),
	(120,1,'admin/auth/setting','PUT','192.168.10.1','{\"name\":\"Administrator\",\"password\":\"$2y$10$9ilYgz2Q7qpIml9qEwt2NOMMhn1b7qUTGTGFRKd6W\\/r.dhd42jl6W\",\"password_confirmation\":\"$2y$10$9ilYgz2Q7qpIml9qEwt2NOMMhn1b7qUTGTGFRKd6W\\/r.dhd42jl6W\",\"_token\":\"bcxeqhF2NhIaEZfdan2tTaO7Gt0RVsImcDwHPt60\",\"_method\":\"PUT\",\"_previous_\":\"http:\\/\\/laravel-shop.test\\/admin\\/auth\\/menu\"}','2020-05-22 10:25:42','2020-05-22 10:25:42'),
	(121,1,'admin/auth/setting','GET','192.168.10.1','[]','2020-05-22 10:25:42','2020-05-22 10:25:42'),
	(122,1,'admin/auth/setting','GET','192.168.10.1','[]','2020-05-22 10:25:45','2020-05-22 10:25:45'),
	(123,1,'admin','GET','192.168.10.1','{\"_pjax\":\"#pjax-container\"}','2020-05-22 10:26:56','2020-05-22 10:26:56'),
	(124,1,'admin','GET','192.168.10.1','[]','2020-05-22 10:27:00','2020-05-22 10:27:00'),
	(125,1,'admin/auth/setting','GET','192.168.10.1','{\"_pjax\":\"#pjax-container\"}','2020-05-22 10:27:04','2020-05-22 10:27:04'),
	(126,1,'admin/auth/setting','GET','192.168.10.1','[]','2020-05-22 10:38:18','2020-05-22 10:38:18'),
	(127,1,'admin','GET','192.168.10.1','{\"_pjax\":\"#pjax-container\"}','2020-05-22 10:38:37','2020-05-22 10:38:37'),
	(128,1,'admin','GET','192.168.10.1','[]','2020-05-22 11:23:31','2020-05-22 11:23:31'),
	(129,1,'admin/auth/permissions','GET','192.168.10.1','{\"_pjax\":\"#pjax-container\"}','2020-05-22 11:24:14','2020-05-22 11:24:14'),
	(130,1,'admin/auth/permissions/create','GET','192.168.10.1','{\"_pjax\":\"#pjax-container\"}','2020-05-22 11:24:17','2020-05-22 11:24:17'),
	(131,1,'admin/auth/permissions','POST','192.168.10.1','{\"slug\":\"users\",\"name\":\"\\u7528\\u6237\\u7ba1\\u7406\",\"http_method\":[null],\"http_path\":\"\\/users*\",\"_token\":\"bcxeqhF2NhIaEZfdan2tTaO7Gt0RVsImcDwHPt60\",\"_previous_\":\"http:\\/\\/laravel-shop.test\\/admin\\/auth\\/permissions\"}','2020-05-22 11:24:59','2020-05-22 11:24:59'),
	(132,1,'admin/auth/permissions','GET','192.168.10.1','[]','2020-05-22 11:25:00','2020-05-22 11:25:00'),
	(133,1,'admin/auth/roles','GET','192.168.10.1','{\"_pjax\":\"#pjax-container\"}','2020-05-22 11:25:24','2020-05-22 11:25:24'),
	(134,1,'admin/auth/roles/create','GET','192.168.10.1','{\"_pjax\":\"#pjax-container\"}','2020-05-22 11:25:26','2020-05-22 11:25:26'),
	(135,1,'admin/auth/roles','POST','192.168.10.1','{\"slug\":null,\"name\":null,\"permissions\":[\"2\",\"3\",\"4\",\"6\",null],\"_token\":\"bcxeqhF2NhIaEZfdan2tTaO7Gt0RVsImcDwHPt60\",\"_previous_\":\"http:\\/\\/laravel-shop.test\\/admin\\/auth\\/roles\"}','2020-05-22 11:26:09','2020-05-22 11:26:09'),
	(136,1,'admin/auth/roles/create','GET','192.168.10.1','[]','2020-05-22 11:26:10','2020-05-22 11:26:10'),
	(137,1,'admin/auth/roles','POST','192.168.10.1','{\"slug\":\"operation\",\"name\":\"\\u8fd0\\u8425\",\"permissions\":[\"2\",\"3\",\"4\",\"6\",null],\"_token\":\"bcxeqhF2NhIaEZfdan2tTaO7Gt0RVsImcDwHPt60\"}','2020-05-22 11:27:33','2020-05-22 11:27:33'),
	(138,1,'admin/auth/roles','GET','192.168.10.1','[]','2020-05-22 11:27:34','2020-05-22 11:27:34'),
	(139,1,'admin/auth/users','GET','192.168.10.1','{\"_pjax\":\"#pjax-container\"}','2020-05-22 11:27:55','2020-05-22 11:27:55'),
	(140,1,'admin/auth/roles','GET','192.168.10.1','{\"_pjax\":\"#pjax-container\"}','2020-05-22 11:28:10','2020-05-22 11:28:10'),
	(141,1,'admin/auth/users','GET','192.168.10.1','{\"_pjax\":\"#pjax-container\"}','2020-05-22 11:28:12','2020-05-22 11:28:12'),
	(142,1,'admin/auth/users/create','GET','192.168.10.1','{\"_pjax\":\"#pjax-container\"}','2020-05-22 11:28:13','2020-05-22 11:28:13'),
	(143,1,'admin/auth/users','POST','192.168.10.1','{\"username\":\"operator\",\"name\":\"\\u8fd0\\u8425\",\"password\":\"1234\",\"password_confirmation\":\"1234\",\"roles\":[\"2\",null],\"permissions\":[null],\"_token\":\"bcxeqhF2NhIaEZfdan2tTaO7Gt0RVsImcDwHPt60\",\"_previous_\":\"http:\\/\\/laravel-shop.test\\/admin\\/auth\\/users\"}','2020-05-22 11:29:19','2020-05-22 11:29:19'),
	(144,1,'admin/auth/users','GET','192.168.10.1','[]','2020-05-22 11:29:19','2020-05-22 11:29:19'),
	(145,2,'admin/auth/users','GET','192.168.10.1','[]','2020-05-22 11:29:47','2020-05-22 11:29:47'),
	(146,2,'admin','GET','192.168.10.1','{\"_pjax\":\"#pjax-container\"}','2020-05-22 11:29:53','2020-05-22 11:29:53'),
	(147,2,'admin/auth/setting','GET','192.168.10.1','{\"_pjax\":\"#pjax-container\"}','2020-05-22 11:30:01','2020-05-22 11:30:01'),
	(148,2,'admin/auth/setting','GET','192.168.10.1','{\"_pjax\":\"#pjax-container\"}','2020-05-22 11:30:03','2020-05-22 11:30:03'),
	(149,2,'admin/users','GET','192.168.10.1','{\"_pjax\":\"#pjax-container\"}','2020-05-22 11:30:11','2020-05-22 11:30:11'),
	(150,2,'admin','GET','192.168.10.1','{\"_pjax\":\"#pjax-container\"}','2020-05-22 11:30:19','2020-05-22 11:30:19'),
	(151,2,'admin/users','GET','192.168.10.1','{\"_pjax\":\"#pjax-container\"}','2020-05-22 11:30:21','2020-05-22 11:30:21'),
	(152,1,'admin/auth/users','GET','192.168.10.1','[]','2020-05-22 11:30:27','2020-05-22 11:30:27'),
	(153,1,'admin/auth/users','GET','192.168.10.1','[]','2020-05-22 11:30:30','2020-05-22 11:30:30'),
	(154,1,'admin/auth/users','GET','192.168.10.1','[]','2020-05-22 11:31:53','2020-05-22 11:31:53'),
	(155,2,'admin/users','GET','192.168.10.1','[]','2020-05-22 11:31:57','2020-05-22 11:31:57'),
	(156,2,'admin/auth/setting','GET','192.168.10.1','{\"_pjax\":\"#pjax-container\"}','2020-05-22 11:32:02','2020-05-22 11:32:02'),
	(157,2,'admin','GET','192.168.10.1','{\"_pjax\":\"#pjax-container\"}','2020-05-22 11:32:07','2020-05-22 11:32:07'),
	(158,2,'admin/users','GET','192.168.10.1','{\"_pjax\":\"#pjax-container\"}','2020-05-22 11:32:14','2020-05-22 11:32:14'),
	(159,1,'admin/users','GET','192.168.10.1','{\"_pjax\":\"#pjax-container\"}','2020-05-22 11:33:57','2020-05-22 11:33:57'),
	(160,1,'admin/users','GET','192.168.10.1','[]','2020-05-22 11:42:46','2020-05-22 11:42:46'),
	(161,1,'admin/users','GET','192.168.10.1','[]','2020-05-22 11:47:21','2020-05-22 11:47:21'),
	(162,1,'admin/users','GET','192.168.10.1','{\"per_page\":\"100\",\"_pjax\":\"#pjax-container\"}','2020-05-22 14:32:02','2020-05-22 14:32:02'),
	(163,1,'admin/users','GET','192.168.10.1','{\"per_page\":\"10\",\"_pjax\":\"#pjax-container\"}','2020-05-22 14:32:06','2020-05-22 14:32:06'),
	(164,1,'admin/users','GET','192.168.10.1','{\"per_page\":\"10\"}','2020-05-22 14:37:14','2020-05-22 14:37:14'),
	(165,1,'admin/users','GET','192.168.10.1','{\"_pjax\":\"#pjax-container\"}','2020-05-22 14:37:19','2020-05-22 14:37:19'),
	(166,1,'admin/auth/menu','GET','192.168.10.1','{\"_pjax\":\"#pjax-container\"}','2020-05-22 14:37:25','2020-05-22 14:37:25'),
	(167,1,'admin/auth/roles','GET','192.168.10.1','{\"_pjax\":\"#pjax-container\"}','2020-05-22 14:37:39','2020-05-22 14:37:39'),
	(168,1,'admin/auth/permissions','GET','192.168.10.1','{\"_pjax\":\"#pjax-container\"}','2020-05-22 14:37:47','2020-05-22 14:37:47'),
	(169,1,'admin/auth/permissions/create','GET','192.168.10.1','{\"_pjax\":\"#pjax-container\"}','2020-05-22 14:37:49','2020-05-22 14:37:49'),
	(170,1,'admin/auth/roles','GET','192.168.10.1','{\"_pjax\":\"#pjax-container\"}','2020-05-22 14:37:54','2020-05-22 14:37:54'),
	(171,1,'admin/auth/permissions','GET','192.168.10.1','{\"_pjax\":\"#pjax-container\"}','2020-05-22 14:37:56','2020-05-22 14:37:56'),
	(172,1,'admin/auth/users','GET','192.168.10.1','{\"_pjax\":\"#pjax-container\"}','2020-05-22 14:37:57','2020-05-22 14:37:57'),
	(173,1,'admin/auth/users/create','GET','192.168.10.1','{\"_pjax\":\"#pjax-container\"}','2020-05-22 14:37:59','2020-05-22 14:37:59'),
	(174,1,'admin/auth/permissions','GET','192.168.10.1','{\"_pjax\":\"#pjax-container\"}','2020-05-22 14:38:17','2020-05-22 14:38:17'),
	(175,1,'admin/auth/permissions/create','GET','192.168.10.1','{\"_pjax\":\"#pjax-container\"}','2020-05-22 14:38:22','2020-05-22 14:38:22'),
	(176,1,'admin/auth/permissions','GET','192.168.10.1','{\"_pjax\":\"#pjax-container\"}','2020-05-22 14:38:28','2020-05-22 14:38:28'),
	(177,1,'admin/auth/permissions/6','GET','192.168.10.1','{\"_pjax\":\"#pjax-container\"}','2020-05-22 14:38:32','2020-05-22 14:38:32'),
	(178,1,'admin/auth/permissions','GET','192.168.10.1','{\"_pjax\":\"#pjax-container\"}','2020-05-22 14:38:38','2020-05-22 14:38:38'),
	(179,1,'admin/auth/roles','GET','192.168.10.1','{\"_pjax\":\"#pjax-container\"}','2020-05-22 14:38:44','2020-05-22 14:38:44'),
	(180,1,'admin/auth/roles/2/edit','GET','192.168.10.1','{\"_pjax\":\"#pjax-container\"}','2020-05-22 14:38:48','2020-05-22 14:38:48'),
	(181,1,'admin/auth/users','GET','192.168.10.1','{\"_pjax\":\"#pjax-container\"}','2020-05-22 14:39:00','2020-05-22 14:39:00'),
	(182,1,'admin/auth/users/2','GET','192.168.10.1','{\"_pjax\":\"#pjax-container\"}','2020-05-22 14:39:03','2020-05-22 14:39:03'),
	(183,1,'admin/auth/users','GET','192.168.10.1','{\"_pjax\":\"#pjax-container\"}','2020-05-22 14:39:07','2020-05-22 14:39:07'),
	(184,1,'admin/auth/users/2/edit','GET','192.168.10.1','{\"_pjax\":\"#pjax-container\"}','2020-05-22 14:39:09','2020-05-22 14:39:09'),
	(185,1,'admin/users','GET','192.168.10.1','{\"_pjax\":\"#pjax-container\"}','2020-05-22 14:39:40','2020-05-22 14:39:40'),
	(186,1,'admin/users','GET','192.168.10.1','[]','2020-05-22 15:17:27','2020-05-22 15:17:27'),
	(187,1,'admin/auth/menu','GET','192.168.10.1','{\"_pjax\":\"#pjax-container\"}','2020-05-22 15:17:31','2020-05-22 15:17:31'),
	(188,1,'admin/auth/menu','POST','192.168.10.1','{\"parent_id\":\"0\",\"title\":\"\\u5546\\u54c1\\u7ba1\\u7406\",\"icon\":\"fa-cubes\",\"uri\":\"\\/products\",\"roles\":[null],\"permission\":null,\"_token\":\"I6zdtzE6pXlawvZpd1h62MRq2CqsmM8rk9ksNEPZ\"}','2020-05-22 15:18:10','2020-05-22 15:18:10'),
	(189,1,'admin/auth/menu','GET','192.168.10.1','[]','2020-05-22 15:18:11','2020-05-22 15:18:11'),
	(190,1,'admin/auth/menu','POST','192.168.10.1','{\"_token\":\"I6zdtzE6pXlawvZpd1h62MRq2CqsmM8rk9ksNEPZ\",\"_order\":\"[{\\\"id\\\":1},{\\\"id\\\":8},{\\\"id\\\":9},{\\\"id\\\":2,\\\"children\\\":[{\\\"id\\\":3},{\\\"id\\\":4},{\\\"id\\\":5},{\\\"id\\\":6},{\\\"id\\\":7}]}]\"}','2020-05-22 15:18:16','2020-05-22 15:18:16'),
	(191,1,'admin/auth/menu','GET','192.168.10.1','{\"_pjax\":\"#pjax-container\"}','2020-05-22 15:18:17','2020-05-22 15:18:17'),
	(192,1,'admin/auth/menu','GET','192.168.10.1','{\"_pjax\":\"#pjax-container\"}','2020-05-22 15:18:22','2020-05-22 15:18:22'),
	(193,1,'admin/auth/menu','GET','192.168.10.1','[]','2020-05-22 15:18:25','2020-05-22 15:18:25'),
	(194,1,'admin/products','GET','192.168.10.1','{\"_pjax\":\"#pjax-container\"}','2020-05-22 15:18:28','2020-05-22 15:18:28'),
	(195,1,'admin/products','GET','192.168.10.1','[]','2020-05-22 15:18:39','2020-05-22 15:18:39'),
	(196,1,'admin/users','GET','192.168.10.1','{\"_pjax\":\"#pjax-container\"}','2020-05-22 15:18:57','2020-05-22 15:18:57'),
	(197,1,'admin/products','GET','192.168.10.1','{\"_pjax\":\"#pjax-container\"}','2020-05-22 15:18:59','2020-05-22 15:18:59'),
	(198,1,'admin/products','GET','192.168.10.1','[]','2020-05-22 15:19:02','2020-05-22 15:19:02'),
	(199,1,'admin/products','GET','192.168.10.1','[]','2020-05-22 15:20:41','2020-05-22 15:20:41'),
	(200,1,'admin/products','GET','192.168.10.1','[]','2020-05-22 15:31:54','2020-05-22 15:31:54'),
	(201,1,'admin/products','GET','192.168.10.1','[]','2020-05-22 15:32:37','2020-05-22 15:32:37'),
	(202,1,'admin/products','GET','192.168.10.1','[]','2020-05-22 15:32:44','2020-05-22 15:32:44'),
	(203,1,'admin/products','GET','192.168.10.1','[]','2020-05-22 15:45:31','2020-05-22 15:45:31'),
	(204,1,'admin/products/create','GET','192.168.10.1','{\"_pjax\":\"#pjax-container\"}','2020-05-22 15:45:34','2020-05-22 15:45:34'),
	(205,1,'admin/products/create','GET','192.168.10.1','[]','2020-05-22 15:46:24','2020-05-22 15:46:24'),
	(206,1,'admin/products','GET','192.168.10.1','{\"_pjax\":\"#pjax-container\"}','2020-05-22 15:46:29','2020-05-22 15:46:29'),
	(207,1,'admin/products','GET','192.168.10.1','[]','2020-05-22 15:46:31','2020-05-22 15:46:31'),
	(208,1,'admin/products/create','GET','192.168.10.1','{\"_pjax\":\"#pjax-container\"}','2020-05-22 15:46:33','2020-05-22 15:46:33'),
	(209,1,'admin/products/create','GET','192.168.10.1','[]','2020-05-22 15:49:08','2020-05-22 15:49:08'),
	(210,1,'admin/products','GET','192.168.10.1','{\"_pjax\":\"#pjax-container\"}','2020-05-22 15:49:12','2020-05-22 15:49:12'),
	(211,1,'admin/products/create','GET','192.168.10.1','{\"_pjax\":\"#pjax-container\"}','2020-05-22 15:49:15','2020-05-22 15:49:15'),
	(212,1,'admin/products','POST','192.168.10.1','{\"title\":null,\"description\":\"<p><br><\\/p>\",\"on_sale\":\"0\",\"_token\":\"I6zdtzE6pXlawvZpd1h62MRq2CqsmM8rk9ksNEPZ\",\"_previous_\":\"http:\\/\\/laravel-shop.test\\/admin\\/products\"}','2020-05-22 15:49:29','2020-05-22 15:49:29'),
	(213,1,'admin/products/create','GET','192.168.10.1','[]','2020-05-22 15:49:29','2020-05-22 15:49:29'),
	(214,1,'admin/products/create','GET','192.168.10.1','[]','2020-05-22 15:51:10','2020-05-22 15:51:10'),
	(215,1,'admin/products','GET','192.168.10.1','{\"_pjax\":\"#pjax-container\"}','2020-05-22 15:51:24','2020-05-22 15:51:24'),
	(216,1,'admin/users','GET','192.168.10.1','{\"_pjax\":\"#pjax-container\"}','2020-05-22 15:51:27','2020-05-22 15:51:27'),
	(217,1,'admin','GET','192.168.10.1','{\"_pjax\":\"#pjax-container\"}','2020-05-22 15:51:30','2020-05-22 15:51:30'),
	(218,1,'admin','GET','192.168.10.1','[]','2020-05-22 15:52:10','2020-05-22 15:52:10'),
	(219,1,'admin/auth/setting','GET','192.168.10.1','{\"_pjax\":\"#pjax-container\"}','2020-05-22 15:52:17','2020-05-22 15:52:17'),
	(220,1,'admin/users','GET','192.168.10.1','{\"_pjax\":\"#pjax-container\"}','2020-05-22 15:52:27','2020-05-22 15:52:27'),
	(221,1,'admin/products','GET','192.168.10.1','{\"_pjax\":\"#pjax-container\"}','2020-05-22 15:52:28','2020-05-22 15:52:28'),
	(222,1,'admin/products/create','GET','192.168.10.1','{\"_pjax\":\"#pjax-container\"}','2020-05-22 15:52:31','2020-05-22 15:52:31'),
	(223,1,'admin/products/create','GET','192.168.10.1','[]','2020-05-22 15:52:35','2020-05-22 15:52:35'),
	(224,1,'admin/products','POST','192.168.10.1','{\"title\":\"IphoneX\",\"description\":\"<p>IphoneX\\u5546\\u54c1\\u63cf\\u8ff0<\\/p><p>IphoneX\\u5546\\u54c1\\u63cf\\u8ff0<\\/p><p>IphoneX\\u5546\\u54c1\\u63cf\\u8ff0<\\/p>\",\"on_sale\":\"1\",\"skus\":{\"new_1\":{\"title\":\"\\u94f6\\u827264G\",\"description\":\"IphoneX \\u94f6\\u827264G\",\"price\":\"6999\",\"stock\":\"100\",\"id\":null,\"_remove_\":\"0\"},\"new_2\":{\"title\":\"\\u7070\\u8272256G\",\"description\":\"IphoneX \\u7070\\u8272256G\",\"price\":\"9999\",\"stock\":\"90\",\"id\":null,\"_remove_\":\"0\"}},\"_token\":\"I6zdtzE6pXlawvZpd1h62MRq2CqsmM8rk9ksNEPZ\"}','2020-05-22 15:55:28','2020-05-22 15:55:28'),
	(225,1,'admin/products/create','GET','192.168.10.1','[]','2020-05-22 15:55:30','2020-05-22 15:55:30'),
	(226,1,'admin/products/create','GET','192.168.10.1','[]','2020-05-22 15:56:14','2020-05-22 15:56:14'),
	(227,1,'admin/products','POST','192.168.10.1','{\"title\":\"IphoneX\",\"description\":\"<p>IphoneX\\u5546\\u54c1\\u63cf\\u8ff0<\\/p><p>IphoneX\\u5546\\u54c1\\u63cf\\u8ff0<\\/p><p>IphoneX\\u5546\\u54c1\\u63cf\\u8ff0<\\/p>\",\"on_sale\":\"0\",\"_token\":\"I6zdtzE6pXlawvZpd1h62MRq2CqsmM8rk9ksNEPZ\"}','2020-05-22 15:56:29','2020-05-22 15:56:29'),
	(228,1,'admin/products/create','GET','192.168.10.1','[]','2020-05-22 15:56:30','2020-05-22 15:56:30'),
	(229,1,'admin/products/create','GET','192.168.10.1','[]','2020-05-22 15:57:33','2020-05-22 15:57:33'),
	(230,1,'admin/products','POST','192.168.10.1','{\"title\":\"IphoneX\",\"description\":\"<p>IphoneX\\u5546\\u54c1\\u63cf\\u8ff0<\\/p><p>IphoneX\\u5546\\u54c1\\u63cf\\u8ff0<\\/p><p>IphoneX\\u5546\\u54c1\\u63cf\\u8ff0<\\/p>\",\"on_sale\":\"0\",\"_token\":\"I6zdtzE6pXlawvZpd1h62MRq2CqsmM8rk9ksNEPZ\"}','2020-05-22 15:57:46','2020-05-22 15:57:46'),
	(231,1,'admin/products/create','GET','192.168.10.1','[]','2020-05-22 15:57:47','2020-05-22 15:57:47'),
	(232,1,'admin/users','GET','192.168.10.1','{\"_pjax\":\"#pjax-container\"}','2020-05-22 17:22:58','2020-05-22 17:22:58'),
	(233,1,'admin/products/create','GET','192.168.10.1','{\"_pjax\":\"#pjax-container\"}','2020-05-22 17:24:35','2020-05-22 17:24:35'),
	(234,1,'admin/products/create','GET','192.168.10.1','[]','2020-05-22 17:24:39','2020-05-22 17:24:39'),
	(235,1,'admin/products','POST','192.168.10.1','{\"title\":\"IphoneX\",\"description\":\"<p>IphoneX\\u5546\\u54c1\\u63cf\\u8ff0<\\/p><p>IphoneX\\u5546\\u54c1\\u63cf\\u8ff0<\\/p><p>IphoneX\\u5546\\u54c1\\u63cf\\u8ff0<\\/p>\",\"on_sale\":\"1\",\"skus\":{\"new_1\":{\"title\":\"\\u94f6\\u827264G\",\"description\":\"IphoneX \\u94f6\\u827264G\",\"price\":\"6999\",\"stock\":\"100\",\"id\":null,\"_remove_\":\"0\"},\"new_2\":{\"title\":\"\\u7070\\u8272256G\",\"description\":\"IphoneX \\u7070\\u8272256G\",\"price\":\"9999\",\"stock\":\"90\",\"id\":null,\"_remove_\":\"0\"}},\"_token\":\"I6zdtzE6pXlawvZpd1h62MRq2CqsmM8rk9ksNEPZ\"}','2020-05-22 17:25:19','2020-05-22 17:25:19'),
	(236,1,'admin/products','GET','192.168.10.1','[]','2020-05-22 17:25:20','2020-05-22 17:25:20'),
	(237,1,'admin/products','GET','192.168.10.1','[]','2020-05-22 17:25:26','2020-05-22 17:25:26'),
	(238,1,'admin/products','GET','192.168.10.1','[]','2020-05-22 17:26:02','2020-05-22 17:26:02'),
	(239,1,'admin/products','GET','192.168.10.1','[]','2020-05-22 17:34:19','2020-05-22 17:34:19'),
	(240,1,'admin/products','GET','192.168.10.1','[]','2020-05-22 17:37:51','2020-05-22 17:37:51'),
	(241,1,'admin/products','GET','192.168.10.1','[]','2020-05-22 17:52:01','2020-05-22 17:52:01'),
	(242,1,'admin/products','GET','192.168.10.1','{\"_pjax\":\"#pjax-container\"}','2020-05-22 17:52:04','2020-05-22 17:52:04'),
	(243,1,'admin/products/create','GET','192.168.10.1','{\"_pjax\":\"#pjax-container\"}','2020-05-22 17:52:08','2020-05-22 17:52:08'),
	(244,1,'admin/products/create','GET','192.168.10.1','[]','2020-05-22 17:55:17','2020-05-22 17:55:17'),
	(245,1,'admin/products','GET','192.168.10.1','{\"_pjax\":\"#pjax-container\"}','2020-05-22 17:55:23','2020-05-22 17:55:23'),
	(246,1,'admin/products/1/edit','GET','192.168.10.1','{\"_pjax\":\"#pjax-container\"}','2020-05-22 17:55:26','2020-05-22 17:55:26'),
	(247,1,'admin/products/1','PUT','192.168.10.1','{\"title\":\"Apple\\/\\u82f9\\u679c IphoneX\",\"description\":\"<p>IphoneX\\u5546\\u54c1\\u63cf\\u8ff0<\\/p><p>IphoneX\\u5546\\u54c1\\u63cf\\u8ff0<\\/p><p>IphoneX\\u5546\\u54c1\\u63cf\\u8ff0<\\/p>\",\"on_sale\":\"1\",\"skus\":{\"1\":{\"title\":\"\\u94f6\\u827264G\",\"description\":\"IphoneX \\u94f6\\u827264G\",\"price\":\"5999.00\",\"stock\":\"100\",\"id\":\"1\",\"_remove_\":\"0\"},\"2\":{\"title\":\"\\u7070\\u8272256G\",\"description\":\"IphoneX \\u7070\\u8272256G\",\"price\":\"9999.00\",\"stock\":\"90\",\"id\":\"2\",\"_remove_\":\"0\"}},\"_token\":\"I6zdtzE6pXlawvZpd1h62MRq2CqsmM8rk9ksNEPZ\",\"_method\":\"PUT\",\"_previous_\":\"http:\\/\\/laravel-shop.test\\/admin\\/products\"}','2020-05-22 17:57:21','2020-05-22 17:57:21'),
	(248,1,'admin/products','GET','192.168.10.1','[]','2020-05-22 17:57:22','2020-05-22 17:57:22'),
	(249,1,'admin/products/1/edit','GET','192.168.10.1','{\"_pjax\":\"#pjax-container\"}','2020-05-22 17:57:44','2020-05-22 17:57:44'),
	(250,1,'admin/products/1/edit','GET','192.168.10.1','[]','2020-05-22 17:58:47','2020-05-22 17:58:47'),
	(251,1,'admin/products/2/edit','GET','192.168.10.1','[]','2020-05-22 17:58:51','2020-05-22 17:58:51'),
	(252,1,'admin/products','GET','192.168.10.1','{\"_pjax\":\"#pjax-container\"}','2020-05-22 17:59:03','2020-05-22 17:59:03'),
	(253,1,'admin/products/1/edit','GET','192.168.10.1','{\"_pjax\":\"#pjax-container\"}','2020-05-22 17:59:07','2020-05-22 17:59:07'),
	(254,1,'admin/products','GET','192.168.10.1','{\"_pjax\":\"#pjax-container\"}','2020-05-22 17:59:10','2020-05-22 17:59:10'),
	(255,1,'admin/users','GET','192.168.10.1','{\"_pjax\":\"#pjax-container\"}','2020-05-22 17:59:16','2020-05-22 17:59:16'),
	(256,1,'admin/products','GET','192.168.10.1','{\"_pjax\":\"#pjax-container\"}','2020-05-22 17:59:18','2020-05-22 17:59:18'),
	(257,1,'admin/products/1/edit','GET','192.168.10.1','{\"_pjax\":\"#pjax-container\"}','2020-05-22 18:00:38','2020-05-22 18:00:38'),
	(258,1,'admin/products/1/edit','GET','192.168.10.1','[]','2020-05-22 18:02:53','2020-05-22 18:02:53'),
	(259,1,'admin/products/1','PUT','192.168.10.1','{\"title\":\"Apple\\/\\u82f9\\u679c IphoneX\",\"description\":\"<p>IphoneX\\u5546\\u54c1\\u63cf\\u8ff0<\\/p><p>IphoneX\\u5546\\u54c1\\u63cf\\u8ff0<\\/p><p>IphoneX\\u5546\\u54c1\\u63cf\\u8ff0<\\/p><p><br><\\/p><p><img src=\\\"data:image\\/jpeg;base64,\\/9j\\/4AAQSkZJRgABAQAAAQABAAD\\/2wBDAAMCAgMCAgMDAwMEAwMEBQgFBQQEBQoHBwYIDAoMDAsKCwsNDhIQDQ4RDgsLEBYQERMUFRUVDA8XGBYUGBIUFRT\\/2wBDAQMEBAUEBQkFBQkUDQsNFBQUFBQUFBQUFBQUFBQUFBQUFBQUFBQUFBQUFBQUFBQUFBQUFBQUFBQUFBQUFBQUFBT\\/wAARCAJYAlgDASIAAhEBAxEB\\/8QAHQAAAQUBAQEBAAAAAAAAAAAAAAECAwQFBgcICf\\/EAEoQAAEEAQMCBAMGBAQDBQcDBQEAAgMRBAUSIQYxE0FRYQcicQgUMoGRoSNCscEVM1LRCSThYnKSovAWJUNTY4KyNDXCF1Rzs\\/H\\/xAAbAQACAwEBAQAAAAAAAAAAAAAAAQIDBAUGB\\/\\/EAC8RAAICAgICAQMDBAICAwAAAAABAhEDIQQxEkEFEyJRMmGBFCMzcQZCNKEkkbH\\/2gAMAwEAAhEDEQA\\/APuwikiU2kpewPLjXN3JUqECoYWWbTdpvtwpUJ2FEThSS1KRYTHNqqRYqIyEpHZKeEDkWnYDSKSEWE6iUiYiMsFdk1SkWEm0DsEWDI0KSilA9QnYqI0il2WUbAPJFiIX\\/hTY+6nLAU3w0WA1Ru4KnLOFG8cJ2BH3TQ2inUUIASu6SgU7ugClIBpoBN7p9JC0WiwEItRuu6rhTAeyRzb7IToi1ZC2+fROHKNptLtpOyNMQNpJyPdOArukPsiw6EBTweFGW12SgoEmPtM81JVpC1KybVjaTgU1137JQKHKZFfsOJoJhPmnO\\/CVEeUht0KeSgopBU00RGh\\/PKa42Uh4R5qdgDeTSkBHkka2h7p1cKNoKsB3T7ooa1G0WFBuySVIXuUFtlAbynFpvhKx9oTsi0EFKGlIECNt0nAUjzSJAE4MsWlDQnVtCBERFIJpPeL5UJNlADXvPkoX\\/MbuypnN8wmlvspJ0Qdsr1aNqlLLKPDVnkiBEW0ghSltppbRRaGRltpNvsVIQWoTTCiMMpLSehOwInCuVG8WpyFG4eqAImjum0fRP3turFpQbQRGsHKFIPohAHUoQhYjaFJvZOSEWgBEJSElIAEicAlHCAGVfdFBOIQAgCPYmOYQVMk80ARV7IpSlthIGAJ2KiLagBShtBJs90WFEdEFLXsn+GEu3ikWFERCNql28Uk2e6LCiIt4TdqnLKCYWkosVERZaY6MAqfakLb7hSsVEAArsEFoIU2weiTYPRFipkGz3R4ZvupS3lJXKdhRGfl8gU0qQsvuk2BFhREQgC1I5tJqYhCLSbaBTu6KpFgMA9km3lSJK5QAgFpCD2T0obZ7JWBFSc0eqlLAmhtgosEiN7TSb2UtHzSbUJia2R0gilIWgppClYUR7R6JPD9ApK90fmnYmrGhpr3SkUnDslq0m9jWhPogjsnAUlRYCAdkqEUT2SAEJOUu1yBgnMFkoayxyngUgBzQlq0gFJSaCix0RSGjSj8gnyWSmUVIiNLaQRaf5JlcoGMLaQnO7JE0RoQjhNTkBOxNDSPVMc2uQnnhIW2EJkWRpL4Q\\/wCU9+FWyskRx\\/LyVNbF0Pkymx3fNLPmzXzHjgKOR\\/iGzajdx2KvSK236GPkdu4cRS0sSbxYrP4h3Wc7twpcXI8J3PYoa0JGr50hQnKjonchQ\\/2WWdehKilgNgiEIR6AEIQot6AEIRaV7AEItFqSYCbUUlQmAlcpKKchFgNooopyEwE2pCKTkEWgBqEoCWkANTXX5Jx7oQAzZx7pu0gcqVJVoFREOyQhTUPQJjqvhAERajapKSUE7ERlvCYQQVMW2EbOEWBAWbgmNb6ilYITSKUrERhoCR7SSFIRaTaUCoj2c+yAzk+ilpIgKG7QnIQgYiE7ajagCN7dwTWsrupa5SE0gTIjx3QTSa4pFIQeaPyTqSBqBaECcAl20la3cgYiE50ZPZK1hvlKwGhh7qQCglqklEnsiwE2BOAS7UAUkSoSkEUnJD9EAKkclCQi0CGnsmFh7p6E7ERHv7pru6leOAmEWiwGEWm0n1ykTAY5HdK7lJVIENPPkmE7BZNBPe4MFqhlzmQUD2UkrYpUtkWVl73UOB6hU3W48qQ8BNc4AdgtCVGduyMprj5IcO6Sq7qViGkkNSAXyeydVmq4S7aanZEjcNo4CE2QcoRQHpNJTaQGkE8rk2dUQG+6U1SRLXCLFQlov2QhIKC\\/ZAQlHdACJTwUUUHkoGJ5oQUfkmiLBCEJPYgQi\\/ZH5KVjoEI\\/JCfkIEIQl5AIa\\/NIlI5SJ2AdkJSEidgCjLaPCkQmAJuwWnIQKhhabodikcKaFIkItAMi7hNpPKRBEZXKCLT6SECk7AbtSUnIRYDKQnpDykA1CEKQDXccqIneSpXJA0BMTInCuEBprspCAUtUEWIj2m+ycGAcqQBFAoChALS0E7b7IPCB0NoJaQirQMEJdqAEAIEJ1BFIAQC0lJyD2QA1CEIExiEp4TS6ggQj+wTE2R\\/PCjMhLvZAEyQi1H4oB5SiZpTQAUxxoJZJGtHdVpJt4IHCYrIsicuNBVHD5lM\\/jlQk2r1SKWyNRlpv2UrkValZCiGrCa4eincwAduFG4UeyLEN8vQprga44TvdJfCLFRAQQ7lCe5vKFZYqPQ0IQuQdUEoSJSOEAFJEtcJEACUJEIAcDaVNso5rlAC1aRIlAtACIS1SRAg7I5QUIBhyhCKQKwBtCEUkFAUeaKR5pgCQpUh7oEIhBQpJgCEIUrAEIQmAx\\/FJtcKQgFMeDdoFQ1CEKNhQUkItKhH8jEIpInIUhUNAsocE5CAoj22ElUnkITsiR0E4NBTkJ2A3alpKhFgCRLSWuEANpCdwkKYAhLwUULQAiEIQAIQhAWNISJxJtNe8BqAGSPDeFXkeXduAnSfM8lNQRGcpnKkPdMc1SEN4J8kvYJAwBI812QBE6+yY9oPCkITSExUyvKOBSTw7bdcqcsTOwUiDRWMZs3wmhTPFnlRyNoClJMQ0i0jh2CdXCa7un5EXZCRyU08KRzas+SjPqpEBDwEJjyhMD0Qt5SkWg90fquYdIAOEUEqFEVjDV0iqKUnlJfKkAIQhBIUC0ruyS6QSgBEoNJLQgBbCLHokRaQgSEVSVBTGCB3RaB3QRQqQ9kp7pD2QSCgiqRaEEARSEIASuUhTu6aRSABCEIAEIQhACa\\/8JTk1\\/wCEqVgMaLKXwyhndP3D1RYEZFFIpHEEKNCQAhCXbfF0VKgAC0oG7kcJ4FBDuxTAjPCQi0IQISktBCWqQISkVSEIECEIUgCgighCYCVylQkcgVieaEIQKwQhCCQh7KCXupiVFI0k8JoiRnsmV81J9FCYDKCanuamntSXoBtcppAJ7J\\/ZNB5SAYWAqOlN2Ub6tMCJyYQKUjgmVwpIh7IHtN2ElW21OBahc0g9uFIiRnkpjgLUj6byOyjcQ5CIsYB34TXNs+yk8\\/ySUKo9k7ZFkLmAdihSuY0BCdsid5aLQhc6zpggJOQlCGIYfxJQLSO7pQaTCxSOUhFJQbSEpgIeyVNNpQgOwR5pDYShAkB8kIKRAxbRaPIJDaAF80eaEHgoF7BCEeaCQIpISikCDsUXygcFLSBMKSO7oqkhFIECEIQAIQhSiA1u6+eyUixSVClYCVQUY5v2T3OpN3eyLQDRylqzSCfyQDRtFoBwZ6pdvNpQUWmAqEJEEWIWglGwJyECG7AEjnDsU4mhaZRdygBDXkkQhAAgmk2zuSlSIgXItIku0wHbkE2kSE0gBUJLqkEoEFpCbCRCBgkclR3QAzuExzQApSExwsIAjTSKKe5u1NItADCCU2qHIUpCaQgCJ49FG5pFlTEWmPHFIAhckITvNIQpWBEeDQSP7FPcPNNdy1NCaKz\\/AHHCZQ9FIRRS7QpFNEFmvK0oHHKk22m0gTQxw7cWhLJ8oQgDuUIQuedAEJNyVAmIR7oA90h7pFIiOApIUWkTGCKPqgmkIEJSUj0RSK90ErE5S80ikIFYh8kp8kEWikAmCD5IQRaBAjzRSCEDvYnmUtH1SNSoCwpFoBtIRZQIDRSJdqRAAhCEACEIQAh4CYXEhPPYqOuLQAiEoFoQAiUWCnNb5lO2i7TAbsShlFOQhsAQhCcRMEIQpkQTLdfCco5JRHduArmygA2n0TXXS4PrL439L9GEx5OosyMryx8a5H\\/svJdZ+1u90obpmk0yyC7JcQa+g5SbUeyUYyl0j6RLiD2sFPomvReA6B9pf72wOzMGm+ZaDwupg+Pug5EO4feXP\\/8AlQAW39RyoPJH8knikn0eqOJ7D9VHuLKO4m\\/JeN6v9oXT8OESQ4crgOScmWr\\/ACAXnmpfbZ07S8h0Y0L7yAfmMc9V+qTzRXsf0Mj3R9VeJQ5BSj5r5tfOvTf20+i9TLBmtytODu\\/iNEgH5jsvaulOv+netMds+iati57CLLYn\\/MPq08j9FLzT6K3Bx7R0AscI2rL1HqnStKeRl5jYHAXtf3P0HdZeN8TunMmUxjPDT6uYaVisrbR09IVfF1bCzovExsuGZnmWvHCstcHt3AgtPYjm0WMSrQlqkDnhSARI7slIpBCAI3C0zafRSlqRAERFJp7qR\\/4lGe6AGEUm7aTyLSIAic202q791MQo3ji0rAhcE0jhPIs+yQqYELm2E1oAdxypS3lIGgH3TI+OyN7bHuoyKU7lG9hc5FkJIge3cEJ5FcITsjR2qQmkyOUPFpx7rAbbBFoB4SICwQi0JoQIQhMAq0IsJQlYCISk2kTAEIQgAQhCiAIJpCQmlIBb4SXdpOSlFJgIOxSjukujSTe2+6AH8BIXABRulawC\\/NBmYB+L8kBofutCYJmf6qTg9psB1oAVCKBPdO7IAahK5AFhACJKCWkIATaEgaE5CQAhCEwBCEUkAJQEAJU+gErlNcnqrqWdBpmFPmZDwyCBhe9x7AAWU7YqKPUHUWF01p8mXmyiKNg4BPLj6D3XgvWHWPUvxBkONhb9K019uDWuLXGPze93kPZdTHizdfTO6g1CR\\/8Ah7LdiYx4a1g8yPMlaGg9LDWnPlltuAJN+0HmQjtf\\/ZHonKccStkseOWV0jynS\\/g\\/BPE+cyOxMGH55dQlFy5Hs2\\/wt\\/fsuS6s6Xw9L24+n4wgZ+LkW9zfUnytfR2sQjVtROG0BmDiAOc0cb3VwCvHutnwfeMuYAO2Cr8rvt+4XJy8hydne4\\/H8FR5BruQ7S9PjjijL5ZDWxppqudE5c+BkDMmk5raQ0UB+S3c7p0SYjZJRumcNxHofReeax1ENEzfurneHZoBZlyVOVM1y4vjH7TP+JvWORgslbIyR0biakbJ2C8KzOocTMlc7+PESe1Ag+55Xf8AWGdJkSO3VIwiwaXm2p6dBO\\/cQw+x4\\/2SUp+Vroi4xjEmg1hocGeK2j28QUt7RerNU6eyWZumZ0+nZUbtzZseY\\/vS4s6XAwU0SR7eSN52kfU2pIssYzqheSPMFwIP6crUpyS7MzjFuqPpXpr406n1pJHHreqSMzm3\\/wAywbhP2oH\\/ANea6vRer88a7FC3KxsvA2k7gQHhwPmPJfKWi6xIyexcT\\/JzDY\\/Rdp8OupcvI6jyZ9QnYwYsbtu51Nd2W\\/DyLVS7Ofm4yTbj0fUUvxHbjtcC9sTHHnaa8\\/6LoOivjfl6PlBzZzJjtI3wSvJY9vt6L446\\/wDik+DIEOK8AAW112K9Vm9G\\/FXU8yJ2LjtlzZw8O2xsLiB+S0f1MW\\/Ay\\/0j8fI\\/XDpvqTD6p0mHPwpA+N4+Zt8sPoVrduV8j\\/ZF+ImVm9WzaHlRyxmfFdIWScbXNog19F9cntSt\\/wBGamuwItLwSgdkh\\/dAgIUaekIQOiJ\\/dMoFSuG4UmEbUCI0EBKRfKQi1GwGHsmkWnpru6EBE7uUxzb7KdB5CnYFdMcFM4UU0hFgRf1SUpCFGUyLWiGX2CE8tB5KEFZvtJYbBVmKcPHPdURJfknWfI0qGjTZo3aR3YqCKbyJ5TnZTG8Huq6ZKyXtSVVPvVvNdkozPkJ87T8WxWWhylIpZ78t7nWOE5ma4GnJeLCy5tTu3KrjLHfuo5cqxwimFluwkDgfNZvjPI7pWTvb3UvAVmme6RVmZgI7J33tt0o0xk9hChGQw+YTvHb6hFMZIgqJ2Sxo7gqF2ZuIofomkwLRIaFDJMB+Huog9zrsph7qSQrJHyud2NFVi9191LXukLL9FJIRCfmHJsICmEe0I2oIsa0cBO5HbgpaS1xSLQx8U7mCnchTiVpF7qVTalrhLxHZcYQ4GjaWiqUcjo+Apo5zuId2UKHZOD5IISNcCODackMahOpIAgBEAWlPPZKBQTAQNSpLSpWAIQlQAAWuE+N0WVN8OdSjwx\\/EkfExx5oMMjQ4mvKrtd4OyiytNg1XFmxMmMSwTNLHsd2IKi5VsaVnlnxHfF090lh6LgSD73mzw4UewixucNx\\/IcrtsiCLRtHgxIBQjjDBXc0KXIZnwdM+tnUHZ8mQMacZMccnI3hu3n8v3RrXXrNP1OLH1LFnii3gGVrbA9yuLlzNyfkejw4FCC8dj2SEYeoudQcyUg13peE6+yTU82CEOoT5Bf7fLX+5XtnU0kJ0rUNW0uWPJjdC50sTHfjoXY9+PNfP+Hqx1TXMB0YOyKDc4+juSf6hYc06R08EfLo6rVosfCiHINDm18kfGrUWt6mb4JsjsPcWvobrDqAwRPLr5BrlfH\\/XmsP1Tqd7dxLtx4vtaw4pW7N2SPjSNbJlOfpzQHbpK9VyOUZ8SRw\\/zGHydTglm1ebEx9zXfh8iVg6j1D4hJsDzLV0scmcvNH8l7JfDkREAiJ3bZfBWDqmkDHYHby0E8OB7KHTpdS6l1NuDpODPn5bgS2HHaXOP5DyXrfwU+CGf8RtW1LE16PJ0aLTSwT40jC2V5ddDnsOO66uHFPPJKC7OVmzQwxbm+jxnTtUycLPYGSiRu7s4rrdL1OfW9edpMTxiRzkGaUtssb5keq9H+0t8P8ApzoPS+nsTRcSHFznTSb3xj5pGNA5cfPleC4mrvxtWMokqSqJae6u5XHfCy\\/Scr6KsGePLx\\/UitHq+rdG6E7X26Y6DIj0pkTXnNked0h89vlf7LudC6o0Xo3H+5aThx40LXU9zRTzQ7k+ZXmGkdcS63pkmkZjibG6CW\\/mYR6FZAzcnHmbFO0vO79vOiqo5VB3FEpYvJU2ffn2VOpsLW\\/iBjTzRj7393lihlHevQ\\/ovsUGzS+DvsHdP5GudWy6tG+Qafp+O4O3A0ZHUAP6\\/ovvNo2gc8Lqxl5qziTj4NpC9gikHslUrIoae\\/CQ8pyaixjTwkItOItImwIXNrhNPdSvF8qJyiJjCmuCkpI4IChgFoIpOSOFhOwoYWgqM8FSkUmv48kxETgo3AKW7tM22VJAREikKQsQmQ8UaHISt9UgdYQDSqJkni22uxTe6TcEo7ICwPfhO2DamgWVIOAgkiPaQirTnnn2QHAeSAGi2IJJQ525CCIINeSQmijhA0PY3i00nk+iLI80IGN5Sc+qd5IA57oIibSnMFHlKBZTgyu6CQ5pq04DhNpOaCkkAoFp20HySNFlSNaSeEm6GRupgsmh6lVdXyPuOnvnB7eaNecI8BxdwO\\/1pct1DqDp9JwcZjiXzEXa53J5Dx6R2eFxFlrIzqNEnlzNNhmkFOeL5V1wLaUmFh\\/d8SGICtjAP2UroqHZa4ukkzmZac210VSEbVM6Ln2TSzaplZDXsik8oRYCMJaQrQcD5qslaSOAUmBY\\/NH1KiDyD6pHPs+iVATAUlTWH5eU5ABQQhCQAlBpIlq6QA5Z\\/UGtu6f0qfKZi5GW9rfljgZuN\\/7LSaLUOp6lBh4pDqcfRZsuRRjs18fE5zVHO9OdQyax0szU8iCXDfkklsMzdrg0drHum4+NjZ0Rly2Me3sNwtQjJk1qctbyB2aOAvJfij1Z1Z0bnTfd9IyNQ09zrBgI+X25pcGT032evxwjkyeMnVlv40aBmaT0zn5\\/S73MnDbdjsFh7fMAe6+f\\/hRlZGfjZkuZE7Hyo3bDC8UR5k\\/S\\/wCi93+HvWmf1Xiudl6dl4QPBZkx0VLrXSeMzJdM2FsbzyXNFWsGWTyK0dOOJYX49niXWehyZ+G97Dtc2yP9l8edVYU2L1jqAeKMJH60F98a\\/prWwScgAWvir4qRR4\\/Xuqcna+Njqvi+f9lTge2hZ1q2cTq8YENtNtcLIvzXK5UTHEB7SL8x3W1Nm+ICwnt2Czshwouc0Gh2PZdTEkcfK\\/wex\\/Zw606P+HOk6rkatmNxNXyJdolkZZ8Mdg3+6+idO+Juj9RaBPq2jFmVM5jo2Ma1wknI5rt29CV8TfC3q7pLQer\\/AB+sdKfqmnbajDOfBdf4i3+YL6L177XfSmkQaXh9IYTpwzIjM75cfw2xwgjcAOOaX0DgczHHjJSklXr2fOPleBmzch\\/TTd\\/\\/AEeD\\/Gt\\/Weq9SZGt9U6LlaZh0YcRpbcbGeQB8z5krybEIdOXNPc\\/qv0G6n+OvRnXOjvxYm6fm42QwxyQPnDS4Edi1wHK+Idc6HzdDyM7KfC3FwRkOEDHPBcWlx2j9P6Ll\\/J8VRrPGfkpHc+Myvw+lOHi0R6WfCzI3sdtcF7J8O\\/g91H8WNWx9P0CGPJl\\/G+3hoY01bjfkvFsB9zDyI7UvvX7A2FI\\/qp2S1pAbjkSEDiiKFrj4Y+b8Tp8iX04+SPrX4G\\/CPB+DfQWHoWKRLlEeLmZAH+ZKe9ew7Beg0nCrPqkPddmCSVI4MnbsSkqEpCmIRIQlSHkIAamnunJHIAY7kFR1XdSqN7ebQBGgi0pFJEAJtTT2T0VaAGGimn9U890hQKiFre\\/CSiO6lqkjhYUrEQu4QlI8kJgWQaTlGDSeCoAKl3JEtWgBe6W+PokApKgEJuRYSVSTugbHAUlSXSVAhpFI2pSaQEDQqKR3KewEd+yBjdtEBKW0E9CAEb2CVCUGkAKB5pwFpE7ySboBQFYjHy+6gAVpgulWSRmdQwb8MA+YK5DH0\\/75relMcf4Q5N9uCut6umkh08eEzc4g\\/kFxmlZe22TO8ORt7X+gK87y5r6yR6349P6P+z06GWKe\\/Dka+u9FOeyxwvNunZszB1GZ8sptjiHMPZd5pWuY+r7hE8GRnDgF08XJjk0+zk8rgywN+O1+SV7aUZHCsSN54UTgthyqIHR0CU0DhTEWEzYR2ClYhm1KBSVw290d0ADRZTvD5StFBL2UQEPZSDsEwG04WgB26ggmwkQgBwKVIAlQBHkPdHjSOYCXNFrz3L6gxNYysvGgzoZcrGI8aBkgL477bm9wvSo9oBLq2+d9lwmvdFaedbOpYeNHBlyg+JI1tEg8Gz59lxuZGUqpnoPjpQjdjuhMgS5M7e+wrr9QxcXIiImja8d6Itcz0xpbNFEtv3ySGyfJXtQznURdLHB+EaZ1JJSyWjOzIsfHtsUbWD0Apch1JkNe00tzOyu\\/K43XJy7dzwsWWWqOjiu0ed9X5Ahgmd2IaV8F\\/E7UHZ3XmdscSCwNPsQV9ydbOe\\/GmAPdpC+NtT6Ufm\\/EXWcTZb2RiRrj2Nn\\/qFhhJQbZryLzSSPKMp0mM8mT5RfdVsrUsR8VOmI9gF9RYfwi0PWsGMZVRxtYLrg1St6H8AOls+GYf4XtZdRyPeTvafM\\/wDRa48uCXRzpcWTvZ8ZZMET5S5jnOB7E8KGWUQN2s8+9BeqfHv4aY3wt6obh44242TCJom7ia5ojleef4e2TEbI\\/wCVp547ldOE1kVo5mTG8UqZ6D8JdH0efSDlT5WHHqEk4D58kj\\/lmj8NX3ceT+Ssu6Q6z+LurZGLoumPmwsJj5oYtwDpwOC4G\\/mefIfoovgdjdLS52dJrs0WE+IjwPGcfnab3fUigvqf7IGv6R8Qvi9m9NDADdOxYHzw5cTi0ytBAojy7+q6cIp41Fs5eWUovziuj5R6Q+EvVOqa4zBi0HPdmB+x0DsZwc09uQRwv1T+zN8F2\\/CPoqFuVGDrWa0S5j6\\/B6Rj2HP5r1\\/F0nDwQBj47GOaK3Vz+vdWj7rRiw\\/TdnPzZ5ZVTBtC0h7ovhAC3mRigpUIQAjkiUi0iAGuCaRaeeQmoAZ2QnEWmoAiPBSEWpXN3Jm0+iAGVygik7skItAEZ7opPSVygBqaU\\/akc1AmQlhJQpKQgQgNpwKiYaUg7qTAcDScmpQaUQHcko5KEWSgBe6AEnZKOR3QOhKKUAhL+aEBQhFpUIQMCpG9vdNY2+UNB3FAD0IQgAStQBaciwFaE6rSDsnN7qtuySHsF\\/VWYxZAVePvasRmuVEZV11g+6M4twvn2Xneu6e+GXfGOCLv1Xo+sQ+NiCQcln9PNc5nxRzYbY3EB+3heb5uN\\/Us9TwMi+nRzePlR5jI8XIm8DJ27Isg9nejH\\/2Ki00Zeh6lIWtMT2f5jT6rNz2VM9gNhafTWHPJi5Mksr5d7wxm82Wgdxf5qrhx+rnjfo08\\/L9Ljyr2eg6RrYz8aI5G1kjuGn1Kvub78Lyrq7UpcHUtPihcWxxA3R4srr+l+r49W34j3fx4+BZ78L1bje0eKjLSTOkIpIgm7CFWTEIBRtHolQgAQBaE4CkAIB6pUIQAIQhABacEg7pyBoZlYzcvFlhe4hsjS0kGiL8149g9UT9G6vLpGsZTsrGkcfu2ZIbB57E+X5r2iOIS8FcJ1B0fgzTPbNC17CeA7mlyeZFtpxZ6z4fNhjCeLOri\\/wD9\\/JZxcwSkEOsHmwmZ8l3SqafgxaXA2CAFrG9gTdJ+S8uC5vo16vRjZ7y1q5LVTuJ9V1eoefquV1NtbuViym3Ezz\\/qOEPDg7kFeI5fSzJtdyNWj7\\/fBA8jzjLQ039HWvaOrcsQRuJ7BcJ8MI3dT4WoxxOY90c8j3Mf3cDNX9Fz\\/bRtS6PMJddxodekwcHLbl4oJYXRn5TZ55+q906Uw4sTpsSZEgigh+YvceGtAtYOV8KNDGpzZeNp7NN2P+aXdtj47mjwF5D9on454Wn6Selensps0TARlZMTuHn\\/AEgjuo4sbcnZbnlDxVejxD7U3xIg+IHxPmfp79+n4MbcaF9fjr8TvzP9FwcHOHE3yWM9j8zLdK91lxuytlv+W0D+XhejwR8Y0eVzz85tlbOiMVOBojyX2X\\/w45Az4zzNLRbtKkId5j5mL4\\/1uHa0\\/QG19df8Oact+MYZf+ZpMtc96exbsf60jn53\\/bkfpzaRNBtOXaitHnwSjskAtOVgAhCEACCEIQAwJp7p57pCLQA0pu1OQgBiR\\/4UqFFugIh7oT7O6vJNI9OUkwG1wkpOSEWn5ANQnbUAKQDC1CcQhAFTzT2u8vNRNKVSIE458+U4BQR+ql3CkqGSBKmAik4EJDFpKD5Je6QAIGKkvhFi6VPKzGxEtabcEA3Rd8wgcrPi1RpNOFX5q9G9r+Wm0CuycCghFj1RaBgl8kCilNAJMAATh3TR2TmqsY5K0JE9pryQNEjW0pWlRpwKixlhhtpB5BHZcT1ZAcPJZtsMPLCP6Lsg7hQahpsGqQ7J2kgdnA0QsfJw\\/WhS7N\\/F5H0JW+jy3IhZKfEH\\/wBwXRaRCIcHHaOxt5WbqeiPwclzIXGZvp5rXAOPj+HVGKMM\\/ZZuFglim3NF\\/wAhyoZ4RjB3s47qgHIyIZPPc7+q5LL1jI6f6mknicWtG0n9Au31OHxmR2P5lxHWunOfqDQ38Lw0ud7Bd3H+xxG0tM9s6W6kj6h02OZvyyEW4LdHZeOdK6jLp0uO6Kw0cFvqF67iTMy4GSxngi0suPwYY5+WidHmlA4QAs5aKBSEIQAqOEicAKQA1FJdvCUBAAOAl80IQND2yFjXOAsgcLntWnM8hPkt667KGTChmJL4hZ71wsWbC8n6To8bkLDqRxcxcwqNztwpdkdGw38OY4D2cq2V0tjGCR8EkgkaLDTVFcufGyROxDl4m0jgs9hdfkuT1mN+0gArusvHFHzWFn4u9hFWVzciOrCXs8D6+ZLFBKRZNFeT\\/C3MlbgCbGmfjuikkdJM3jneeL9u\\/wCi9\\/646YytSina5whgDSTs7u48z\\/svFNI8LRPhhgzNAjc+NzifMnc5YHHtmxZG6R418efidqefmHTo87I+6tFFpkPP5L531TMflyC3HaOPzXafEPNOXqWTM5+4l1AnuuDad8zBfcro8fH7MXJybovGJsb2gDgAWntfua0V52nPYfHcfIAg\\/ol8P54GVQAslddKjjPbLGs8w893Navq7\\/h2wPk+NeI5osRaZOXew3N\\/3XydqZ3xQ15iyvsX\\/hv4rz8VsvIAJYzSntc70t7aH7fsrcSvIjNyPtxs\\/SkFKkA4CVduPRwBzUqB7IQwBKWkIIpSEWnegIkd094ACYop6GJSROTT3UrENISJx5TUm6GhHJqcU1RfYAk20ClQkIY1nHKQsNqRCAI9h9EhFKVBAKadARITyxCsA51uQ8KVmaeLVQguopfZWUZrZoty2tCH5fyktrhZ1khOLjtARRLyL0OeC6nilcZMx\\/AKxCaTmyFtUTaXiCmze38dwo5clkbLJv6LI+8Pqt1ppcXNolKifmWcnUXPdTeB7Ko6Qk2R+aEpPkpVRXdjWmyrEGS6B4IsjzCgHCUG0xqVGyc2NtG7ViGYStsLACt4srozYPHoq3EsUrNuzwlTWPD2ghOVUiYJzUjU7zSGhR3SoHZK2iaSskSpwKQd0qiOhyeHUPZRpHuph+iB9I5LJcXasPRQyPM0k9njspZzszfR7rN+gVKAWJHF12VsatI5cE4y37KGRB2Hldrleq2+LnRtA7MB\\/quxnIolczrsYfkNJHO0f3TxqmWylbK+mvELGuPcLvujNbE7zA62hw+U35rz6vCi9AAt7pyV4aJGCq5BV8l5xKVJxkerdghVcDLGdiskHLuzvqrS5dVo6a2rBCEoFoHQAc2nBCECBCEIHQJAlQgYJQUiEqGKVJH2CjCljbdfVVy6Jx6OI1vF8HKmaBQ3Gh7LAmx3PJ4Xc67j+LlPcO3\\/AEWG\\/CABK8rlj97o9dhn\\/bVnnHWGN4OhahK6gWY8jh7fKV8pdd4kuD8PNPxmP2vGO0kgevP919XfFqQ43SGptZw+WPwW15ucaH9V86fFvAdHpuxgpjGBrR6cLFk0jo4ds+F+t93357T68rmMRgOYxru1hd513phjy5HBtu8wO9rgYgYp2uI53DyXU436TnctNSOgyIPDEx8h3tVg35t18gUtLMY52I9\\/FOaHfnwqFbgGggbjS6LOatjtQYRHhvH4XMv9aX3J\\/wANDTWv6j6pynNsxYcUQd6W4n+y+Ipx4sGCD3EIoL72\\/wCGnDsn6yePwGHGBo9zblPF\\/kRn5P8AjlZ92M7JxNJAOOE4Czz2XatI4Q4CkDlCcwi+3Kg3YAXE8DlSJjCLNBPQNDXCwmAWpHGlGT6IARNIpOSORYhEw909NcEEkIRaQhKhAUMQn0ikCoYhOrn2RQQFDUqWktJ0IbSE5CegOU\\/mAQ+g7jslABKXaCeeVoMo3t2FpaspwFCkVR4QA3YAbQa44Tt1mikrugYh4R3aEoHHuiigQ2kcpxFpQKQAwWnBKGWVJQAQA0ClYb2UdCuO6e2w3sok4uixBkPjIo8ei0o5hMPl7rIaPmU8bzH24Vco2WpmsCnN5NqnDlgjnup2zivdVtFiosBPAFWAqzJ7tTRzB3CgMmApKml49U4coGgrlQ52S3Ggc53euB6qY0OT2WFqEpy5zRJY3gAJxVvYMxZtznzTuPNf1VfHN45aPM8qxrQGNilodT3nkeir4jS3Fbfchbf+pzZ7yV+CHJ+WMhYOpt3zNP8A2aW5mO4pY2oGm2fIKUNEG9mFqWTs2RN\\/E9wYF12ksGPghnAcQOVw7\\/42t4rP9ALvzXZxODNgJoUrlpFcpbOv6fy\\/uz9jv8t\\/7FdL58dl59h5b53eFE78Pc+a73FBbjxBxtwaAVhzR8XZ0ME\\/JUSgWnDhIB5pVms1AhCErCgQhFIsYITqSqQDO6UBOSVZRYCjuFMxt8+Q5TAwcFOlf4WM93sqMkkotl2KPlJL8mPkt8Yuv1VPIxxHH7la2C0ZDTY81W1BjWbpJCGRt9V59xc3o9PFqKp+jyD4i4EmsZWBp0LDITL95eB5BnIs+XzV+i4TqfoHDybdqEpndXELPlb+fmf2Xq+RL96y8rPBa2OWmRf9wdv17rmOpYgcOWWOPxZG9gOSV0eN8Z9WnM53J+WhxvtjtnyZ8W+gsc4srcLCjgiDDW1oaCfqvjbqPRH6bnysO22SWa9F+hXXk0suLK2XFkaCDw5q+O\\/ir0fNjak\\/NibeO\\/8AEK7H3XQz8KGGNwOfg+RlypfecHJDv0eN4dfZp\\/JZ8zRcP1cf0C1sOMyaDPZ5jk\\/W1mTNrZVEiMn+y5zqjpLsc14dJgtr\\/wCGRY\\/9e6\\/Qn\\/huQtg0\\/q9473jtr\\/xf7r88MUl+bjtB\\/ASP1A\\/2X6Nf8Olv\\/uvqwWTuMBFduxU8C\\/uIo5X+Jn2o3nhPAoJjRTk9dY4YvkntHA9UjW+qemIYw2e1J6RKgmJVoLQQlSHtwgCMiikSkk9+6Qi0CoakItPPZNQMYhORtQA1CdSVADEJ6AEAN2pQE4jlG1AqG0hP7ISFRyYYB9UikCKG5azIR0lA9U+uEiAGk+yUBKRyhACUEJUoFoAbSAEpFJdvKLAGhOCUMuk8DhRGg2i+yVo7pa4StCCaFDU8JAntb5KLLCSIClKw8qONvcFStFUFBjRLH3KfSYxvmpALVZIeDY7qxC8FtKu1JNMMcAjl3kPVRWyRPlS7IyG\\/iPHK5\\/MzW4TSBRkPYenun52teGXxsdvndxu8gs+DBcZPEmNu7hqtivyN\\/sZmpyG2h9l7uVdDPDhYPZQZ8bptRa0N4BFlWsg0FpfSRzIu5SZlZp+cLI1M\\/wAP+q1sogvWNqTu\\/wBFbHoqf6jmMIGXqOQ3YaAF1+XkNhY2+5poXL6ZFWsSyV3ItTaxnk5MbN1D8R\\/oP7q5rZnvykzrNNyBFkNcOHBenYUwycWKX\\/U0FeL4WoWY9x59V6z0xOJ9Ji5stsFY+QrjZ0OLKpOJroQhc86IIQlAtAwATkiWkACEobZTg3bdpgNa2+U+ueEXwlApIa7sUDlQai\\/fE2Josk+SoajmyT5TcHEP8U8ySDsweq2cPHhw4Q3duIFbnHlYcknk+yJ1McFhSyTeyGCD7nj8gbqtcN1bqr9QmOFjXJEP\\/wBRIBx\\/3B7nz9l0Oq6y7U3vx8GQFjDtknItrPUN9T+wWTJBj48exz9jBz\\/681p4\\/HjHckc\\/lcyeS4wdHDZUOROa3Bo9G81+iz8rDkiaS6OZ\\/wBG8LuJcrBaablNB7fNwkbg4+XH\\/DyWuB82utdmOStUcB4LdtnkmvvEmn5EJ00z7mFtyeS+Mvi5gappQmjnww+Elw3kXwV+iuo9L48zS2QiYe4XiPxq+CsWvaNkNxYHOJaSC38QPsjJL6kGkjVx8awyts\\/N6Bo+657GDb824D04WRkkMbCSOTHzX1W9r+mzdL9S5mmTsMJZIY3BwWHmxVjxtP4mcWF5qetM9XDe0ZOHk+FrERP4GyD9F+k3\\/DwJjxepoDxxE5p8j3C\\/MyR\\/8QHzH\\/8A1foz\\/wAOHXHZsWqx7h4b4Wgg99wI\\/sCpce\\/LZTyq+mfd4oklOA3HhRt4Kna0DsuqcQVKhCBoEpFfRAQeyRIRCO6EAMePNMUyY0fMUAMRSWkiYDUUnEIPZADUUUbgE4OFeqVgFBBQnggN5TAYBaC4fRJJJt57KnNlht8qUY2QlJInknA7cIWPkZ13yhaY4bRklnVlYtrv3Q1lqQt9UoHooDGBgpLsCdSKQSGOjocJu0+im8uUEcoQdkJFGvNODOOU\\/ZZtLtTYkM2D3QWi7T6QR7JEhKJCUCk7bYSAWkSoUBKBRSgUlASskACkYPNMUkYSGSAKVvKiZyFM0Kt9kiRv4QntTWg1ScOFEmPAWZrUGS5niRSUwCi0DkfmtQJ23cKqwknTsDl8PEbF85+Z3qrRd8w9SrORh\\/dpjX4DyD\\/ZVXf5gPdX3eyN0ig4F2a43wO6hndy7zFq24U558lRmN2rEc9OrZnzu3SFY2pG3ELTncfFf6WsrO\\/zSfRaY9GdvZjY7vCyJnn+UFYz53Zuozu8gQ0fktPNm8ETO45WRixFuOH9nOJcSrmtWZ8f62beG525vPZejdJ6w7HMTL4Joi+6810\\/IJ+V7dw\\/ddDomW5uqtjs7Wta791XONxpl2OVZLR7ZQtFKvp2owahGDE4Egct8wrYZa4z1o9AqasjpOAvsn7D6pwbSVjqkIGJxNIQmRE7pClJUM84hA43Pdw1o7koutkory6HySsiYXPcGtAuys1mpS6lKY8IbYxw6dw4\\/L1WrkRQnGEU7GyyOFuYewWTNkeBCIcTbCwCt4b2Ho0Kvxnkdei9ZMeCLclb\\/wDQ7xsTRz4bHbp38kDl7vcrL1PNys22O3RQ3+Bjq3D\\/ALR\\/sEoAxmvEDHF7vxSO5c4+5KoZOLlTGzG8j3dS1Y8UYKjkZuRkyOxJXeHC2NmUyBg4DIWcD9wsbJdCLMmTJJ9BSuTYs7QR92b9S7\\/qqUkeTGOMVlevC2wS9GF3ZnujwndmTyO9P\\/QTRPjYT933SRlc7ny7Qrc2RkRxne6OJv1C5jWdT0wy+E+N+RMe\\/hk0k7NOJX2dFjdRDLkIGwt9GushTvy2TtIv5TxR5XCY+Od5ZEDDz2b3WpA6XHe1j3HnsotGhJM+Uvt2\\/BCIaW3rjRYNk0Dg3OjjbwW+T+F8YHJGVi476\\/E7a79F+unXOgxdV9Gapps8Ymjycd8bmu87C\\/JXUNIfo2p5+lzAh2LkObXmKPC5PLgk\\/Jezs8LI5Lxfo5HIIbkuBsBr19rf8NLWnQdZanhlw8Mxg7b87PNfQn9l8Xa1E6LMmFcE3wvqP\\/h0Zz4fjRLEG2JsIj2aQ5vKxYX\\/AHFRq5K\\/tSP1haObs\\/QqVp4UcXzMBsJ7Tyuv6OESIAtDeU5KyQIItL2R5JAIgi0IQAhCRKSkQAJhjBKehADS2wmEV3Uqa5tlNAQhluTjEQO6duDSmSSj6KSVgF7b5TJcih5KvLlBo9KWXk6hVi1dHHbM88qiXMnNq+VkZWaboFVp8t0hPKrWfNb8eKjmZMzb0Ollc8+yFG59IWtJIyttm\\/SUNTwPVFLjWd1IYK9UEKTw78kbBdIsKZFRQAfRSFpB7ILeyLFX4I65S7U4M5TtoRY6GUCOEbVIWgt4CSglY6G0lDU4BAbZSGJSVP2BKGgIGDW17pwahqcO6i3Q0KBSmYP2UYFqZo44VZIc3unjumgUnNSZIeApWjgKMClIz8ISAHxNmYWOFgrCzsc481NNj1W\\/X9Fkai8tie7ufJTx7ZXkdIxpgWxm\\/NZk0vykLUn4hWNkUAfVaUYZaRSkdZKysx4dI8AgkHn2K0nHlci7Nd\\/juqQtPZzD9DQV91RTGLkmyvrP+XIB5qSOD+DG2u4Cj1IeICbsG+Vfx492NHX+kLS39qMMbjN2SY2EGjytXdKbWdku9A1tqCFrmt78+6k0qQufOfWSr\\/JVy6Lse2dvoWWIJA8vpx8gu+wMj71jtk9V43pRkGW63khp4sr0TQNZbCwxyHg9vYrn5oXtHVwzUXtnUgIWbFrMckzmO+QAXfko5dfja0uZThfcrMscn6Njyw\\/Jq2AlXN\\/+1BLq2CvVWG9QBw+YUp\\/TkQ+qjWmyGRgguaD7lZ7cs47zIx7HSH+ZxuvoqGRPFl\\/hkH081U+4GaYl85o9mt7BWxxR9lMs81pF+bOyGhxDr3dyPNZs2dktd3cnZEWLiMMk2QWNHHJq1Sdq+OOIonPA\\/nef7K5KvRmlK3tjZNWyQSBuCqzalmO\\/lc5TSa1s7MjH1Wfk9RPbYEn\\/AIQp1+xH+Rsrs2fjwpBfmFXk0iUtLpsrwW+5VXI1yaSz4r\\/\\/ABLC1DUZKdy4n1J7J7JRi5OjSyxpeGP42Zvd+ZXPalrOmwkmG3u9hS53Uc4z5FOJv0URx3O5LaHuo+Rp+l4rRck6gyPm8D+Hfn5q7puryuhd4xLnk\\/KT3WQ2ENN1ytDAi3yDj5VHb7ZDz8VR22l5nj42x\\/chfmj9qnpxnSXx51SBrdkGcwZDR5XZB\\/ov0b0uXdIQD7L4D+3vlMHxwwdg5jw2NdXuSVi5f+O2buHL+8qPnbWm\\/wAcBzdwo0V759gHJGP8ftPjJc0SQubQ5\\/mavDtWHiiIj8Xr9V7D9g7II+0Ro+OSbka7aAPSnf2K5OLU0drOv7cj9iIAPCHqOFPY4pQxH5QRyD5qZjeeV2GcBDmWO6eBaKTx2USQlcIPASpCUANRdISEWUABo+aRB4KQkDzQAqaXAGk10tdlBJMAUdiuid0oAUBmAPdVZssBZ8+fR7\\/uro42ymWVI1JcoC+VSnzx6rLlzySqcmQ5wWuGL8mKfIouZOfZNG1nvldIe6b3SWLW2EEkYZTcgL+PdNLiUOq+ErW2OVYVjEJ7meiExnVBo9EuwXVJ4baXbyuIegIwElBSltI2hAELm39UBopTbUleyAIiwEIawAKWvZFeyAGJNo9E8tRtQAwABKBSdsQAgBqWrS0lpKwEa1PASNFp4Fcd1BuySClOwcJjW1ypGhRY0KBacBSAEo79uFEkOq+FK0UKUbOSFKl6JIR5pt+gWRni2NAPmtXIIER8rWPnPuRrLUodmfK9GZl8N9lh5fBPst3NHy0sWZu4krXA5836KDYyT9SvO+ocx2m9Q5LceKSaWdwJDRx2ql6WWc9lzmVhxR5k0wYBI48upQyQnkcfB9MngzQwt\\/UV2jnJIZp8dvjsbFXaNp\\/qtPDNY0Le1NCZlW3sO581Nhjc+NpC6KVRVnPnPym2tI0HMLYxXBUWjND8eR7uxlcf3VvLNQXVABU+nJAdPIIv5yov9LHjdTNzS8ciZx7A8rYEhjdYPPqquBsEQpwc4+vknzhzQVlOg+jVxdZGRL4O0B2ynH1TYs\\/DgDo3B9h3LSey5HS9T8LqSWEnvCHAfmVo69vbKzMibua6mytHkfIq3wrRRGXs1cjVcfdUQr6pkmeCy2m7XPRsefmc4MB91aglc7hgJ8tzhQR4pFnk5D35s8MhfuLRfe07\\/H3gc2T6qCfHO63Hc5RfdyeCOE9A79EOp6pNmAFzi4N7C1QxtRyaqRxb6C1puwm0SaAVPKEUJDmsMjm\\/orVK1RmlGpeRKzxHgOc7j1KgnyY4zV7neyp5OXI5vzHYPRLiYT5\\/ndbQf1Kgy1b2OdPudtDbcfL0VXNx5slvh9mn0W5HgNjaKbQHmo5Q2Me6jVlkZuLtHO\\/4HDAd7wHHzKoZrml21g+VvZbGqZQYwsH4isGW3OpQaou+o5IhaC4kBX4T4URrhxUETA0V29VLF\\/EkHp2SINm1ojdhDnHkr87ftwz+N8a895NuY5sYH0H\\/AFX6G4M2x9\\/yhfmb9rfVf8T+MeqP3WDkPo\\/Sh\\/YrDzP8Rv8Aj95jg5\\/42JjuvuK\\/PuvZPsCQiT7TuhN27trJz9PkdyvGMM+LpDC7+V3de5\\/8PWYD7UGkB4FeBkgGub2FcaL+5UehzL+3I\\/XeB1s5VloujaqwVtFDhWomnjz5XYZ59EjQnprfNOSJgmuq0pNJpcPZAgtNLkySQAKtLkbfPhNCbolfNVqtJlAHuqk+aG+azJ86yRa0RxtmeeZI05c4A8FVJtQ47rLfkuNhRFxd3K1RxIxSzNlqfM3Dg91Vc8u7ppNJNyuSS6M7k32HfuU1LaY59HhWJMpbsc51BRk8oJtCtIiealvhMaLKkpA0FhCjkIsIQJujtA20vhlSbN3sl2riWehoiMZR4al2oDaChbHRF4ZR4Xup+fRIRaGworubSSlY2or05RbCiuQilOQivZF2FEFFG1T0mbOe6LFRHtQApNnujZ7pWFDQyxwntbXdK0bQnAWkSQJw7pAKTm8i0rJUOAtO7BI0JwFlRYxzCCOE+\\/VIBSDzwkFkOS4EtaOfVZWUwvyfYK+9w8UnuFS3NlleR5easWjLN2Z+Y2+VjzMry7rZynWSFRdDvidXJBWiL0ZZbZmllArncs\\/x5B7rpJLbwBz359FzmSC6Z\\/lyVpx9mPImlRlZYIpNwifEi93UpcoE+SXCgt0brAAcr5NRW2VwxTyP7VdGlqBDMCT2af6LH6TlL8N4vsbWrrH\\/AO1zGv5TR9VznRGQXOkiJo12STTi6J+LUk2dtC269VJkSuiiJ3Ht2tMiFFQZ0xfG4LOuzU2cFl6u\\/C64Ehcduxgr8yvR8XPErGvBsEdu9ryXqUGPqVzq5LGn+q7PQdSMmOwE80r5bKUqO0xjhyn5wInfsrg0+KrZIz62uTlc55NFJH4xqpHV9Vn\\/ANMuUjp5ceFo5e017qhkZEcfDB+apRlzBRcXFRzTAAkkWhIstdj55QBue7hZWdlyZTTHANldnKZzH5Tq3CvQKzDpbW\\/PK4hnmPMqxVFlU9oy9I00ZUm4uM5B5cey6ZmPHiss0Xf0UeORjRFrImwRD8IHc\\/VUczUOSB2RK2yMXUSXLygeB29Vl5ORsY5zj9E\\/xDICT+FY+p5Ykf4beze6aVB2UcqbcTI7ueAFWjbutx80r\\/40vo0Kfb4beEqJJ0hpbYr1UzR93i3nuflaPdNx2mR1XQ9T5KDJz2RskyT\\/AJcXyxg+ZSr0hNksuYMeo7oRNMsjvoLX5X\\/GvVTq\\/wAQ8rJPJfukIPlucT\\/dfo71PrJwOjOoNQkfROM6NhP+t3A\\/qvzA6yyDm9W6hLf89D6BcvnyqCR2vi4NycjQ0x3\\/ALqld\\/pcHUvbvsEkt+1HoVCwWz\\/\\/AOs\\/7rw7RXl+AWebmEfmAvevsExNk+1BobnEj+DO6mjz2LkQ24ndy\\/okmfr1CPLyCtN4IVaMgBWGyAi12X2cBEgQTQUTpxR8lBLk7QebQk2Df5JZJQ30Kqy5Q9VVyMwAHlZmRn815q+OJszzzKJpy57a7rOyM6z3VJ+UXKu95cbK0xxJdmSWZvomlyC8muyrmygG0DuVetdGdtvsQoRSFJFYhFppTiaTU0Jqxp7cKO1JYTWkE9lOyFUGw\\/kl2pXOrm1G6UUOVLyHodvDPqmOm5tV5J68\\/wAlC7ItOrKnNIsvmrm0KhJP7oUqK3Kz1INITwKTtoTgy+V5+z1QxCeASUuwoERlqKUoYb57Juw2lYxhF+SbspTbCjwyUAQ7UEJ9JKKY0R7UbVJttJtpAqI6QQVIQkooHQ0BLSWko4CTGNopzW0lStUQFHCczump7GkcpMB6a\\/hvCd3UWU\\/ZCfUoXYm6VlWIcuJKg2hkTiBSsQ\\/5Y9+VFkABtBT9mZ9GTkdyoIxbJR7KxKbebVHJzsfBDnzzMgb6vdSu1RnbSdsxg+WF03jAhsbSdxPfn\\/ouedqGNlTvbHKPEv8AA7g\\/oV0Odlw5kJ8F7ZhJbLY4FcHqU74JJYcwMytspa1rGETMb3DhSsxy8WV55QmlL2aOZexw7KPTWvktjRZB4Wfj5b7djySeM0N3RTE\\/5jPf3C0dDyYxlSiQ0GEcn6I5MHkimjV8bnhim8c\\/Zo6j4j9Hma8URwAuH6dyTh6vFfAc7aV32VMcnHyBQaO\\/5LzqaIxTuruHWrOPFqFMq5mWE8jcVSPU2H5FBILsd1Ho2T9+06GW7JbR+oU8rKN+anWzN6PPer8Tbqscn+qMD9Fb0STww0V2U\\/VsG50Eo7AlpVTSz8wVojrIZA4KXf8AL6KphvFAWrLyaoKpokmMdNV0SVE1j53BWGwU0uPCfGADxwE1VaAs4sAjA4Tc7J22Aef6JkmUI2EA8rIyJZsqQtYPqUKPtibLup6g2Mta1xfI4A\\/RUseB7zuffPqrjcFjS2Z7tzyAOQjInbDwOXVwB5KbIR6KWp5X3eHw2fiPksCWw088lXsyQSyOcTwFmuk3vsJEhzTsHek0OM7w1vYdymOtxDTyVZY0Y0O6v+p9EhjZ3WG47O7vxH0Houc13OGTkMxYTcUfHHm7zK09SzPueMTuHjzXXq0eZWNpOGJMjxHcMYNxtJ6Etnnnx71j\\/DuloNOadtgzyj3A4C\\/OnVJPG1rNku7kK+3ftB6w+Y5jz\\/MNrR6Cl8NCQz5uQ\\/vb3FcLnybaR6j42NRZ0GkPbHDjknjdyPal9F\\/YFxCPtPaeP\\/lY87iT5cBfOeIQMXHAb3Nfsvo\\/7DTnY32k8CZ3ImwJXNI8jQv+ixYN5Ipm\\/kvxwykfrCckAXfKYc8HzWG7OLwE0TOPmvSrEqPIvPvRsuzgPM2qc2efVUnSmlC55erFjSK5ZWyaXJvsSqznkm0tcJC1W9Ge2xt8oIspaQgY3sUovlLSECGoSuNBROeGqSIjnFROkrske+6pRPfSkiLlQ5zubTfEUL5SPZQST+6soplIsum5q1WlyasAqq\\/JN9+VXfMfzUkih5CeXIvk9lCZyVEXWEy1NIqbsldKXeZQodyE6Ee517JdoI5THzNHnyojlNH+y83TPaWiwGgDgo8iqv3wKF2aO9p+DIeSL3iNaaKQyBZr84KN2eOOVNY2ReSKNdrw5OAWRFn81auRZQPnahKDQ4zTLdeyQtseiRswcnmiFAsI9num17KarSIGQ17JNqnTXN3J2BFSAE8sI7JNp9EgEpKBZRtPopGikANDKKclRSTAAFSzXW5rPzV48BZRl8bKPFi6Uor2V5HSr8loCmgVVKplHg\\/RXqvn0WflkUU4vZCXRkTO2m1ynU\\/SkvUc7Xx5vgOaKDHMDmrqpeXKFguVqucFJVLoxOPl2cOOn2dI4mMWPfk5D5v4rxwXcHgDt5rCxMnVWmCXUfDZh0\\/GLyLf4rHV87vfkD6Lteqi9s2GI2CWXxS5sbuzq5pctpGRHnZWHDM+FsQ8Z08pyWFuQ15JA2XYNnmxwoQag6Rk5WLwUXfZz2ZBNh5PAMMbHu8OWtzNpN0fMLW0p4kcXyMAeflfXb2Kvw6a44csf+YyF74vWwD\\/ALLP06P7o+ZhG5jTt\\/Ly\\/quhqiiEvOmzayH+BjVe57xtv2XLZ2IQ\\/eW\\/VauQ6UUYXtmZX4SefyKgfOyQiKYGEkfhd\\/uiElE0Ti5LRo9F5Jb4uK4mh87bXQTAgnjhchpsgwM+N27saP0XZTG28dq4KlNbsWN2qZz2sYoyseWMizVj6rncEGN4BXW5EZK5vJi8HINCuU1sd7NvA5C0Y4+bKxcPIqgFptnpoSaH5FiRw5s8KB0waOFHJMXBREEooLHC53UrYjZhwl4aC89h6qOAsiFuI7Ws7Vtb8IVGBZ7H0RTI+SRPLnuZDGHuDpnEjaPLlVciQwRku5e7jlR6Q9zsd8rmXIX8F3euFV1LLL5ZDdtZx7WpOvRGLso5kpe\\/YDYUIdsFFMiJe7cVPHAciQNCRZZLiRGSTcVFqOcxjXOP+WzgD\\/UVZz8iPTsQgnbY7+a4zMzJc2YF3DR+FvoEqIuQ6eWTLyC9xtzv6ei2GwtwtNkL\\/lBbucfQKpp2JVPeOPdUustSdHpz4WHbuHzH0ChdliR8x\\/HXVPvLdTn\\/AAsYx1H9l8c4djce4JJX1T8eZ\\/u\\/TOdLW0yWfy8v7L5ZwnFw9V5\\/nakker+O\\/Q2dDjcYMLiOxX0r9hOIzfGeHIHLIdPno+h3NH918yNkAxYieQT2\\/JfTf\\/D+yz\\/\\/AFG1ZhAJGI+j5gF7f9ln4iTzxTNHObXHnX4P0gZlE0bVqOaz3WDDOaAV+GbhvK9i40eEUjUa+1Jwqcb781M19KplpMkItN8RHiBAx21NRvSF4QApNJu5NL+LUD5eSgi3Q6R3HdQvkI9018nHdVnTEA2rEiqUyYyhRSS+hVYz2onyEq1IzuQ+SYlQPkJSOd7qEvPKkUydiyOUZKUm0wkqaIDrTSeU0miml1DlSEKT7oTHfMBSFIKPXps6vNVH6hbjys6Sd0h7qJcpY0jvSytmkdQ91C7OJJo8KmhTUUV+cmTnNcfNRnKe5R7UilSIpv2WIstzXd1pY+d25FrGAT2uLOxUJQUicZuJ0sWZurlXosixwVyMOa5jha1cTO3OWSeGjbDNejow6wEtWqEOTuHdXGSBw7rI1RsTscQikqEiQy\\/ZKlpBHKAEQlARtSYCAWlApKgqI0Rzv2ROPoFmYQ3Oc6lezbOO4V3UGHFsjVidRZTPc0TuO1h91h6xqEWDC6SV+xo7miaW5KNrCb8l59n9bYhnlPgzOxGSmF2QQNlg0fqha6IzTa0VcrrPTpGSNgzB4tU1+0loPlao6R1xuynY2q4j9OyGOoOPzRyj\\/U13ott2iaXPI3KbiQOeeQ9jRR9\\/dTy6fj5kYZNE2RvoR2Tist3Jo57Uv+rOZ6zzMaeTSyZT91nyxjvkjNEBw7X5XVfmrWsf4HomAMOHBxJJS2ocSKNu53+w9SmdW9F4ur4UGFC7w3RyfeY47O17wDQd7WQuYlOlyYsEkGOzQfvML4pZchzRv9qsk\\/MP0U78fRkzSm3Ul6LmjY7NEGM2HKZlY2UXB\\/hvDmxydyGn0\\/2VLHyWzanlOj5ZuNAfp\\/ZROzMeDVsaMsZDM+VoLMYh0TvkLQ9te55tJhNDMubbwN5APtuP\\/VbsbtUZIP8AHo0H6fE+UPZcTv8AUzi\\/yVfJwMlzzRjlbsLWl3G2\\/M+q29MijmlLJBfFilcycLHx27vm58rRKKbo6EZyWzgP8PycOXHa2XxGNG2QO\\/qu8wJfvOmxO7uDdpWBkMjdl8C235rodGLPDcxo+TvSskqijPjlc2Ushrt3CytRxd5DwOfNdTOGsc75QLCysqMPBRFls0YkThFV8K5HO0gC7VaXH2uPCfixH9FbSaM9tMseO4\\/hCcGPdRLuFI2IMFkod85ocBRHbZBPMQ3az81RGnmeQucPl78rVEO4njhOnDcWHxJO3YN9SgEvZmGcYMOQwmnOAI9lh5by4MjvjuVLqWU7Jy6PArt5JsGGZT4jjQToSbGRRFzg1o78LQL49OxHyOPDRZJ80+CAN5HAWB1BnDKmEDD\\/AA4zz7lQLUmZWfnS6hOZJD8vk0dgnY0APLkMjb7KQzCNve1TKV6L4xLD5hDF3AAXD9YZLs6WPGjNeKaP0810b8oSyHcf4bBucuVMv3rMyst4+VgIZ7BJfgsWlZ8x\\/amyRDpcuPGbG9rDX\\/r2XzRgnbG4Hg1yvof7T8w\\/wXefxy5YA+gBXzxjeg70uBz\\/APMeq+NX9g0w4nGYQPM\\/0X1F9gbG29W6xqFODohHGTXygOJ\\/2Xy44j7pCO3Lu30X1z9gnHMWjdT57vwvyYYh\\/wDaCT\\/VVcL\\/AMiJP5J+PFkfd7XigQpoZOVnQOIiBtTMlLSPNe1VNHgW9mxHOWtHKtMyVjRz3XKsRz+6rlEnGZreMjxlQE3uneN7quixSLvjE+aHSFUvG\\/7SU5AHmgHIsPkKqzT7AU1+R35WbnZe1p5RpFMpE0mZZIBUZyA7i1z8+p7CeVLiZni\\/zKuOVN0ijzNnclJpVYp77qQyEjstadogxziPPlRuNIsgJLtTQhp5Tb5UgCNidh4kR+iUCx2UhFJLTsKGUEIcfohFi0dvuCUG0xOash1BUqRBKB2CSgkQgQ5Cai0ErBPhndG7umJKtLsj7s18fN7WVqwZYI4PC5ZjtpVvHzSKBNLPPEvRrx5WjrYcgOACnDgfNYOLmixZWjBlAngrDKDRvhNSLyFE2e\\/NPEjSatVlw5CEoURiJLTwAkICB9FPNeflaEsbCGtA4Cidc2SR\\/L2VsCiApSKFt2VdSk8OOv3Xn+VoE+HqUubhOjlhc4yOw5G8bjw4td5E0u21N\\/zEDkLKcNwNKyMVRRObvRzGMzHMpGM+TTMi7djyNph\\/I8foVqB2TG35o2SH1jd3\\/VW8oQxwPkydgiaLcXiwAshmoadMxv3fJdj+IN0Z5a0j1F8UrLrRWurI9a1WLCfj503iww45ImDmG2gj8XHcBcZHmYEeFFqOFrUMeZktkaYYmDIe9j5C8NDQbDufPj1C7XJDsiH7tlbZGyCmSN4Dx6V6\\/wBVY+54mFCZGwwwBrbL2sDaAHqpVZhzQc5dnCu0Z+nRS6hI4YUr4TGMTHjaxovtuIHzO\\/8AQWRLl4nT+HJk5c8eLiwipJJHU0Huf3JC2cxmRqeeJxNsabkYZPwxR3TSG9rPJsrgPjjoGPr3w2mhhkMjcXIbkStiO5xYCdx47nm\\/yUc2R4MUskVbS6\\/Js+O4eHlc3Fxs0vGM2k3+D0zSslrzDNE9r45AHNc02CCOCFp5n8VnsAvJPhHrRzfhxo8scxnOMHYu67vYeD\\/4SF6Rhal47Njze4d\\/RQwc6GbxbVNqw53EfB5OXjP\\/AKtozcric1x7LV0SY+JV+yx835p3DzVrSZBHICV1mrRyY6kb2eS08Kjv3XZ5V3M+aPcOQRaybO41+6qijRNjpMfePdRxxeGpA947\\/spA35hQVhR2R7C91k8KaKLeSAFMzFdI4ClO50WHEdx+Yd0mySRE4xYUG+Q\\/QLnNRzX5D3SONN\\/laPJWM7MOZL6NHABVDJaXjaBaZFtlCOLxxuJ2tab+qvB11Q+VRZLRDAQODXZQ6pquLoWkyZ2W4RwxNvnzPkB7lN9Cihut6mNOxQxrqmk4aPQeq5QSE8krMf1G3W53ZJkDg\\/sAb2jyCtMmBCyykbIot7xt78qvPJweaR4go0eVTyZDVAXah2WdDHyyPgljjFl\\/DnegVHJw\\/A097D8rTyT6rqIMAYeBGHtuR3J9VlaxjOOO+SamsDSQweQV8YlUn6R8bfakxt+lYb2GmMy+fqWlfPOGAH+9f2X0n9pp3jdMzSFpJbmRke1tcvmzGNy2B5Lz3yKrP\\/B634t3xzTncG48A8zf9F9q\\/Ykw\\/u3wm1bKcP8AOzHvb+TKXxTkA+DBx+Gz+y+4\\/siuEXwbZGBtuWThc\\/Dk+nlUh\\/J7438n1ZpuWZ8OFzjyWj+iuxnd+S5Dp7U\\/G0\\/H5shgXTYWQJL5seq9Xx+Qsq0eDa2X2u59CpmSV7FVeK7oDuF0ntC6L7Zu\\/KXx\\/dUQ+k18xF0b9lCg8i67LDTVqtLqYae6yMvMcwn+qw8vVXB3fsufnzeCsXnejrn6mK\\/ELWfn542k2uZ\\/xYjku\\/K1Wy9a3NcNy5U+fSaslV9k2dnkuO1W9LzqoE\\/kuSmzyXE7loaPlGWUX2Wbj8m5lcoV0eh4k3iAcq3vBPBWHjZIiYFbjzAfNenhmT0Q67NEm0lqKOUyC7QXW70pbU7RKSJw71Sh9KEO5Q54RQWPe79VEX8pHvUZKmkQbHuffZCiQpUQO+FhOSJLorCdfofaai0ndAhbSptIBQA5ITSbZ\\/JCAHXwk3JEIAcDaW0xOF0kBLHkujcr8GogefKyUA0TyouKkTU2ujpIdRBANq5Dlhx7rk2SvYeDwrWPnOB5Kzyw30aoZ\\/yddHkAqdkgI8lz0GfwLKuRZwNc8LJLG0bo5E9mwCLTZXbI3O9AqkWUDxdp+W\\/dBwe6prZOUtWiDDJJc4q3vpriR5Kvjgsj+qfNYgs8Wm9srjqJlZjzfuqY8\\/VWMp9uVDN1DH06ESZMrYWudtDnmhfor\\/RllthmYjM3GkgkFse3aVinEk0yNwMIyoNgZ8oG4NHHbzW+JA5oN8HztV5huamo2yN0v2OYziINKmnw3GSGrEQ7xuB8vT6LNfk5GrFoeMjNYOWwiLwoR\\/33Hl30W7qOOYhJPj\\/LKRT2js8f7r54+Nf2pdQ6O6obo\\/TONhaiMNgdnSzhzgH3zGKIogD3VHI5OPiw88j0dT4v4rk\\/MZvocVbSt30eya\\/pM\\/8Ag+QWSA5cnzyOaKBr+UegC8ug1WSGVwby78LmHmx6ELO1z7Vunw9JaFqePo0+XnajvBxN20RuadrufMX2UXwT+LLfiDruqabn6HjabqDWOyGSQtNkAgEG\\/MX3XNycrByM8MePJtm3N\\/xX5bjcbJz8mOow73vXs9B6b6ZwNL0EYelwjAgMjpwxlkBzu\\/damLg5WLOzxASPJw7EKzjC3Prta2Yml+OB+i7k+HjbjJaaPHPNkzScsjtv2zAy2O8a6U2G2nK1m4zmu7pMdlEWugnopapmq0+Li15hZGR8shrgLWxXfIR68LOz2Bt+Sh7LHtCQuL+3KuMYI9pcR6rDGb4JpgJPqVYbOZQ10hJUiNpGjLqJA2xCr8yqWU64uTyfNDpmAWFSy5y7\\/ZOhWRcA\\/RKxoL3OPAUHzPIHun5+UzTMGXIm\\/wAuNt16nyCK\\/BG62ypq0scRja4gWbIPdefdUaq\\/WcqXT8uMswyNjWf\\/AMvqptQ1GTVZcPOkcRucYXtb2ae7T\\/ZRZbBnTvxpeMmMbmO\\/1BWOFKyMJ+Umjy7IbldKaq7Gc92wG2O8nN8iuv0XXjnhrf5z5BO6j0Aa\\/pxhcA3MhsxO9f8Asn2XN\\/D1sz9ZbFYa+MkOD+\\/v+axeNSpnU7h5fg9Dxt81tDTwfRbuj6M0yCWYbiOWt8vqlxMYeICbK3oTUdNAH0U1GjP9SyjkRCWVxqwOAua6yd4WDJGPxFvP0XZmARx73cLjurIjJBK8\\/wAwpWx7K5Hx59pRnh9Fzurl+bHX5Ar5oxfxDi19SfajxvB6EgJ\\/+JmNd+XK+XMEWRzz3Xm\\/k1Wdf6PX\\/Fb4\\/wDJpPfb4GFthwJP9F9w\\/ZiidjfCbErgGWQj9V8OPc4zY5u6jv6fMvvL7MeMZvhLhUbBe8\\/uVx443knSLflX48X+T1Hp7OdFhRNJILbH7rttIzuBfmuCwI3Y5nY7nbIa+hore0\\/NLQG3yunxG8MkmeEyfk7uOfcPVTh1hYmnZW8D0WmJCQvW4\\/uRmUrJ7SP7KOyU4vB4VjAy9RHykrks0lsxs+a63UQW2uO1Z58Q8ea4vL6FHsgypbjtvdYmRkvZdk2tN43N4VHKxfEb7rzmTC5OzYij4r5HtXQaO\\/YQVjYuJTqu1sYcBjpLFialobZvDMeBV0pYM17nVdqkGuLFZxo3NF7aXosWKWmZ5K9nS4ExMYKtlx5NLHw5toAWjHJuC7eN6IPZY8Q0ml98Epjia4TLNhaVEiS2k5KRqeDZpD0TWxqErm8oSshR36ae6VJtWE6tCJw7JqcEBQEWmpyagQIQmv7IAdaFGPmICkQAJ3kmpw7JAIRZSgJUIsdAgDm0ic1AIka5w5BUrMlzD3UIPCRx\\/RQasttro1cbP7WeVrmQljG+ZF\\/quUxGmbLijB5c4D8l1LQDJwSRaxZYpOkacUnLRZaSGUlzHbY2j27Jgdbw31KbqTgHLMls1N6oyJ+XKrlYOPqEWzJjbNGDe1wvlTyncSQmM7UtNfkyezmepNK1B74DgyvbhsDhJBGTuJrg3fYeiZ0xMcaCWKfMbJI6QuZC9\\/zsFVXPv5LqXHaqORg4su90kLHPdwTt5Kio1KyTncfFlXJIcx9C18GfGroTqH4f9a6xrMmnufomqZEj4Jo\\/mZbwRRHrRPdfc0zX6aPlcXY9gEONln0PmFg6xrRkwWYOHpTtWymfKWyx\\/wAKMg8Ek8fosPyHBXOxJXTR3vgv+Qv\\/AI7nnllDzhJU1\\/70fNfRnwI1Dq34HaZP4j8HXYMiXKwxksILYz\\/IPMBxAP1+q0PgT0F1dhddy61rOlf4Rjw4skLmlmzx3OI7Nvjmz6L1TqDC6rMInycyPDiJDWwwu217ABVM3I1TF07DfkZUv3R\\/y7h+JxHc\\/wC30WPF8bgx5cbTflGv5LuZ\\/wA\\/5vI4\\/JwSxrxyXV9xT9I7CBmx9XfPK1IXHw6vsVxkOVqWg5ghzWHIxHEbJ4+SAexK63HeHbXMNtIv6r1akpdHzvDl8wnt7kxjSHfRT\\/zWmVZKaNUqZIxxaospniNJpPbdpJHU0pWBjzMDSTXZNa8tAHf6KzOQXVwqr30bHCmitigOkNuO0elqF3zvKnDTsLj58JhIY08gACyTwAk3eg\\/2OgjDTa80+IPUk8vV2NpgO3Djj3UDw9zvP8lunrvG1bVMnTNPJeyKMl+QOzjdUPb3XE\\/EVng9S4EwH4oG8\\/QlaMcalbKZyWSNRL2A0yMy8P8AmeN7Cf8AUOQp85jpY8TPjB3gAP8AqFUZIYcvGyW9uCaW3iRfxM3DP4b8Vg\\/7LuUS3ZdCKjTKWXF96gblxinj8QWHh4UGLro1DaGl42uA9fVdBiSHGlMLvwHghZeqYpxZJGgUw8jjuFl\\/c3qFrxXs7TTj4zGkc8LUjLWNF9\\/QLjeidY8Zz8OV1Ss5bfmF28WOGuB7lPTRn8XBuLG+G6Y27gDyXO9XwhmK\\/i6aaH5LsGtpvssPWcP75bSOT\\/RCE96Pi77XkL4ujtKjAoCRpcPPsV8pYNb+fRfXv2y27On4GAdpP2XyBp\\/B+oXnPk\\/838Hr\\/iP\\/AB\\/5NGT5c7Cafwvi\\/uv0M+ydpQPwj075gba535lxX55vt+ZiE\\/yxkfuV+i\\/2PpGzfCPEPZwcWi\\/ZxWPhV9Yt+VX\\/AMf+Tu8zDEOovYe0jL7eYP8A1VOAFmQBfmt7XvlyIn+ji3j3H\\/RY+IzdkEmu6v5GRQmkjxEoWjpdL+QAlbLJBtCwIZxG0c0tDGyPEI5sLrYOUukZnA1Y3buyHv2jySwgFpVHNyBE4hbv6hJWxuLSItRktnHmuYzsKTIulqZOf78Kk7UGc8ilzs+SOTSFGPszW4b4xVWq08ZaTwtb70H2BVLM1GR34gFinUYlq0yvjgB3NWtrCi3gErl4cstnG71W9j6g1jG8qvBKK2yTN+GNoAulPK6ONnCyY9SbtHI\\/VRTag13Adwup\\/VxSIPo0cfKG5bOJMHjuuSZlULB81u6XlN2d+6eDlKUqIeHs3Tym7eQiB2+uVY8M+y7sZ2g8SEBTtbQ905rGgcpQQouaRJRoicKsoT3NDj3Qn5C2dyhCFjs6aEoJLpOSJ2RoCLCanVzaSkWKhjzQTeXKUtTaN+yBUIxtJyXagikWOhEoNJEJiqhw7p9WowaS7wAokkOLfRNJ2+yjdPQ7KvJk+VpCtIt+KB5pj5hRWa7L2juojmXdFOiPmdJ05UmVLIe8beD7ldHD2Kxej8f\\/AN3STuF+I\\/gewC3HODAa791z8ruR0MPVkuIN0+49mi1WzXhz3K1iW3He\\/wD1Ggs\\/KdZPuqV2Wy0ijI7uQmxu7pJkkPcrQZr3RJJ2Cqy9qtWHnlVpzwhCkUckAg2oNNgdDhbXcjcSD7KadJCf4AAPqrYqzNM5bUcb\\/wBpOozjOB+54QBk\\/wC04+StdR6FDrelSYhAZtH8Mj+Vw7LSwsM4kcm4De95e8jzJP8AsnStscJY8dW32zNKClFp+zlsJz5tH08yNqRsfhvHuOP7K5D8lUKA8grWXithhDW2Gg3+pJVQditi0qKIxUS0ACFFdOKc0jaopTYNcILhxk2juq0soN2Upa94SNgbutxQBX2F9kC0keLzch96ViWdsbdrP2VSTK28E2f6Jf6DS7IdV1HGwIDLkyCGIdie59gF511h1VLqWkZbIWmDFLCNv8zvquW1bqCfqPqfLmMrn4rJCyGMn5WgccD3q1b1xhbos3qdo\\/8AMFthjUdvs588ry6jpFT4bsDNXf5bonNtavxUi2\\/4VOP9BaT+apdCQ+FqMFfzEj9l0XxLwjL03BKBfhSEfkjI\\/us0caFOjF0WcZunsHct4W86XwH6bnfyu\\/5eT+391xPQmV4kroSePJd2\\/FOToGbG0W+E+Mz\\/AO3lVye7OhPG6aINegdjyNmaOCUyaNupYFt\\/G0LSDBqujsceXFt\\/msTTpji5Bifxysz9muH3RTOfblO0jU4MgcbHc\\/ReyaTkMzsaOaPlrwCvJ+rNO8O5Gi2O5XT\\/AAq1sz4cmDI63wn5b8wqIun4slyIeaU0egltNqlRyMamuLu9LWb2F91Wy2b2uCuOe0fFP21otmiY7ALc+QE16cr4305tyNrtZX3F9r7TP8Q+4s3hjfEsn2\\/D\\/dfEGntLZHtHkV5z5L\\/Kn+x7D4n\\/AAUi28k5LGAWSyh9bX3\\/APY+zfD+EWKDwRLL\\/wDkvgRwEedjHyoc+9r7n+yROZPhZELstyJBf1NrmYG1l0W\\/L3\\/S3+57VrWY52G93m0h30F8\\/tay25fhusefKuZzfFgkYRbXNINfRY0G6aCMnkgAO+vmquV5zlo8SnpmziZTpHi+y6jTRbAQuW0rG3EX3XZafB4cYtdThYZeNyKk6ZdMgibfque1vLomitTPl2AgHhcfqGQZJSCbAUuU5Q0i7yjLRTzdQeIzyuXz+qDhP7Erfy2BzT9Fxes4DnyGhfKyY5TRRkhfR0+l9QjKa0gFbRk8WM23y81xmhROx9oIqvJdfHO3w6HeluVSWxY4sxM4bJLAVRmpPbxfZbOTh+MCe5Kx8rSpGsJAWPJCS3Ev8LHf4y8kC\\/0Wlj5TpK5srmdpY4Anlb2lMLqJ9FgipydBKPibMUhazngLRwc3wyBapOiqKx3UOKSMgWunjUsbRUz0LSphLGCStkAABc3o0oaxtrWky9re69Hjy\\/bsaWiaecNHdVHZzQbtZuoajtvlZI1Hc+t3KwZ+WozSRYoNo7DHnD\\/NCytPnLm90LoQzJxTKqZ6sQlcEApCbVpuBCQmk0lAWPQmX7oDkCsfVpwFKPel315oHaHpCKTPFHqgyj1QA5M7pj5gBwo\\/H90Iiye1VyJ9l8ofPTSbWfkz8KRXJ0Okzu6qvy9wKpyy\\/Nx2TN1qDyxjplP3MkkncT3pLj78iZkbBb3u2gKu91dyug6HwRPqjsl\\/+XjtsE\\/6j2\\/uqXyI9IshilJnfY0DNOxIMVnaNobfqfMpz3E\\/VRQu8Zxd5BTws3ztaPXlYn3s6y6osygRYzGe1rLncLK0c6S3n2WTO7v5qURzZVkdZKIu6je6inRG7ruVaZe2PeadSrTmwrDvfuq0o4KaCRRyDQUEG4tNHs5T5PA5UGE8Eyt8wVdEzyLDh8pHqq7+ysOKrnzUyD6KuawPi\\/JY\\/bkeS3Xt3MKxZIy0vHurYszyCI33Ty0H3TI+AnGmj6psEMklDLWdNkOe+gVLO8gEBV2uDAXHugLFnPgR2eXnsud6j1H7homXK0kSOY5rPrS1ZZHTPtcJ8QdTaMPIY138OKNw\\/OuVfjjszZJaPNulIy8b75Lyfryur6gF6bG3\\/U8A\\/uf7LB6MgrGh3DvyV02vQf8AL44Asbr\\/AG\\/6q6crkyvHCoqxnSUPh5uI4jtIKXd9XYH3npXOjrlg3LktBh8N2O70kaf3XpmfiCfT8uEiw5h4WfJ2b8Wmj536PmOLrDB5XRC9g0RoM0jHcteCCF5DiY\\/3Tqd0dVT6XrGjS\\/xmHt2SbuJ1Zq2N0Rhxjk4bjZheW\\/l5LG1vGOLlh4HBXQ5Tfu\\/Ucnk2aMPHvxR\\/oodZxBkY\\/b5lXL8lGLWjLngbqWmlhourgrm+kcl2hdUM3fKxzthI91v6bKYn7D5LN6k00xzDKiBbZskeqzyVOzZ3FxZ7RAd7Gu78WmvbYcVQ6T1Aaho8M12SwA\\/Vaz2BzDatOY4+mfKP2qsEl2l2SBLOwBw8ubIXwW2P7vquVEXbtkjm2PPlfo99pzS3ZOjYkjRy3I3X6fK4D+y\\/OnMhEPUufGDbfGdRHFrg\\/KR++L\\/Y9N8PL7JIMs\\/xMQ\\/Tj8192fZBxt3wy2NcXbclwNjtYtfDGdGWvh9i0Bffn2PsUQ\\/DtwsvL5BJR\\/Mf2XM4cfLNR0Pl6\\/pf5PV5sRwO2lXxdKDWyCuzj+\\/K6gYgc\\/so5MdsUjhXdoK7j48Ftngq0ZGHj+HJ7LbhnAZQVJwaw+6Z4pBNJ42oaRS9Mk1Ceu\\/Zc\\/lsDnEjm1a1TJLQa7qjDIZxz5LmcrJcqLoU2VZ4CR6FZeRp\\/iE9rXQcE7SPzSGJhPZLHC1ZbRzcWCIyrDpDGRytebFaG9ufZZWoY5jFjt7oyXFaJpIt47xK0KWeFpiNrIxMswuomleOYJB6qzHNOOxU7MPLxQZb7UtHTBQaiaASFWMbH2UQq440pWRn0aW7+Hwqthjw7+ilc4ltA0o3tLqAWidNaKTe0zM+QG1dn1P5Vz+IXRsKR05kNHssWXkvGqLoQb7HZ+oukdQ+iixy7d3VaSO5b8rV2NoaFyfqvy8mzesVI6DTMj5O\\/KFlYmUInc+qFsx85xVWZ5Y9nvVpqrjJsqQSgr24DnPDVGXX5qGSYbzSVsgPmhMiSF1JA+1WyJw3i1WbmC6tJziuxUzWa4gKOR5APNKGPJBb35TJ5bapWmJ3QSZO0KN2aG9jys\\/InLSQFSkyKN3ys2bPDErbIwUpM1Zc+rNqH\\/EgfOlh5GdVgKmc4grgZPmIRlSNawSOpOaC3uqeRlA9isD\\/ABPb5qCbVx2vlEvl4eOhLjtvZrSZQBPKYMweZXPP1B0jqBr3StnJHckrzOf5TJKWmbceCKOgflg8grr+hs+Nun5jnkt\\/iNF+XZeaMyHOIaOSeAF7Boejx6XoUOLQfI8eJI5wBtx\\/27Ld8Tny8nP5PpDywUYfadHhyiSBpYeHc2PNXdObb3vI4aO6xcbIlxyG8PiHAbVUt9p8LDDq2lwshesktleNut+inkSXI9Zs7rtXZXW0m\\/zVCXk\\/VTSohNlR3cKWD8aZSki4damULse+hfPKqTPvyViQg8+SqSmj3tNBIqZPZU8XjJcB3Kt5HZUWHZM13vStj7KJdl+RljuoHCrCsPHCgI3FTRGrIz+ErMyWFsrvflah7kFUc5g3AqceyuS0UGikO7FPLRaYRwfRW0VJFCVtsJKqStJFeRWnM22LPzsiPFjc91ABNEJ9GTq2YMLHLRXiv4aP7ryf4gyu\\/wALyGNJsso\\/mV32TI\\/KmfPLfo0egXnXWknjPZD\\/APNlA\\/IGz\\/ZaoLxMr+8u9KadeLCQ3yW7q2N\\/+nafLcf2CsdM4Ybiw0L4V7WcX+NFX+gk\\/qqU7ZsrSKmkY\\/8ADaK5temRs3uaT2ez+y4bS4aAvuF2+K7djYrv+wB+nCjkLYo8C6mxDg9ZyEDb8\\/ZdvpEm4MPnwsf4l4Jx+p\\/Frh1FaGjSE7PSlFP7TqdpM2tfJZNpeWOweYXV52LH9CrGQzez8kas0P6fmdVmDbKPyPP7WiOpIWeY8lF9GdKslHN52P8AdMkP8nFWZIm5eKQRfsrWsY+6Bzh3byq2A\\/5Yr5DhSratGxbRsfDuYwRZOE88sdubfoV3TmkRG\\/Ree6IPuOuRn1+Qj2PZejbdwbz7qKMU1s8V+P2M6bp+Xa3cWtDgPobX5l640x9X5oLfD\\/jmx7juv1R+LmIMnAfHVhzHWvzK+KGE7TviJqUTmbHCbm+5vzXK+VX2Qkdj4aX3yiZ2oRb5BQB7fqvvL7HGRv8AhvhbyPna5or1a7\\/qvhCRpGIx\\/m082vuL7Iz2s+GenEkjbNIAPbceVyuC0s6Z1\\/l\\/\\/Gr9z6PIDRx3WdqE22SMg9yQrMk1Mrzpc9rGSWRuN0RyF2eVk8Y2jwYT5ZMoAV2CMPZZ7rm48h00wPl6rosaSogFz+LktvyItFTOxg+7FrJf\\/AdxxS3ssgNtcxqOU0OIVuaMZSsnCl2Twyl7iSlbMTJ7KpjOL2q3HD5qUVSJx2SzOulVzYfEhNqeKTe+k+doqilJKSJ3q0cw5gY4ikyIvMhA7K5nwFkhcOykwoGvb7lUQx\\/douT+0kx4d455Kt+GWt49FYxMQhw4VmeCm9l0HiXiZ3d7MguLSFLC8PKZkMcDwkx7sWuXkn9J7LYwsukcccBQSt8NT7uFBK\\/eaXD5GT6j0aoxoiY4g2pvHG2\\/ZMray6VWVxNi1lSZpW0Suy6eBfmhUQLdyhJqipxtnvEGpF1WVb\\/xDjuuTx83bXKll1EltX+a9Vh+RXj97K3ifo3JNTaHd1NHqDdt2Fw2TqEgk7kBOZrJDeSrofI45PsqeOSOp1HUw1ppwWK3WqkrcsLO1kvFAkrOGS4mza52fnOU14FkYatnouJrDSwEuFqz\\/igc3g2vPMfUnsHJ4+qvDVflFuWlfIOMdkfA6fIyxZNrOyMz3WYzUPFaQDz6pkrzR5srzfN5uTLaRux4lHZLPlNs25VJcm+xVaRr7J9VH4TnDhcOKlJ7NDYzIzS0HnhY8uoO3\\/iWhl45APssN+M\\/xbpa442+ymTNjAyHOIN2FrRO+W1jYH8NotXJcxrG1fNKjJGui2Ojb6fg+\\/6\\/gY9WHzNsD0vle8O5d2814h8JWjP6yikPPgRvk\\/av7r24OD3ceS9l8Ji8MEpflmfM7kixhY3j5DB\\/KOT9AtXNNx0otNhEULpXfifwB7Jcl9NXcsfSM3IHyUD29VmyyOZ2FrQyTRJWbI\\/v7rTFmOaIfvbQaPH5KWFwe4m\\/JV3RB5soZAQ6mEi1ZplKtFuV1DjlVH9kkonh5HI9FWblW4h4opKP4DyFyPwqjMQxtjvYV2cgt9VRcN2QweTfm\\/NSWkR7ZouPAULeXgKaTsom8P8AzVnogRyCpKVPNbdK\\/N+K1TyxuAUkQl0ZxFJCAnuCY\\/gK6ykrZRAHHC5PPndqeW5jSfBj\\/crd1jI2Rua08nzWTHjjGxt5\\/E7kq+CpeTM2RuTUUY2pgQxuA8gvNM+J2f1BEwfMI649yeV6Lq0gEErnGhS5rpDSjm5kuU8XucSL9PJNulY4K5UdjoOF4cUYquFJrkX\\/AD0bP\\/oX\\/wCZaWBAYnNFKjrg\\/wDe7aPAxx\\/+ZVUOzU1sbp7NhPHFLpdNfv06H\\/suc391zuINsbzfYLc0SUO0+Rncsk\\/qE5bVk12cf8UMHxZoZvVixdEedkVruut8QZmlhwAttrz\\/AEu4i0X2Kgujo4ncTusSI5mHLA7kSscz9QsvRpTJpse7lzaaVqaPIQ6MhZ8UP3PN1DHqmiVzmfQ8hR9UVZNTTLGRFuaQRwQsJrDAwNH8khC6eNniQMNd1j6pB4LHvA7vB4UDTFk0rXB0GQ3v2P5LvtLmGXhRSivmHPsuL0pgycMxd3fiC6PpSTaJICeRyAosoyJGJ1\\/gHKbGxrb3CqX56fa16MydD+KuflxsBimkZQaOxrt+y\\/THV8IT5+JuArcvlT7RvRTurckZEMW+ZmZuca5DQ6lxPl8njjgjR8bk+lmcj4jdM474nUAB+pX3B9k+KSD4Y40cgr+I8i\\/dxP8AcL5e6\\/8Ah5k6Jl4M4hc2OWV18VYsAcfSv1X2p8HMKPB6M09scYY3wY3VVc7Rf7hcHBP+4mjvfJ5FPjKt2z0syeJCD7LndbdbXBarZyGkD0WZmx+ID5rq5ZecTxajbM3BNELdx5qbzwsVjWwGyVI\\/UK4tVYV49lsolzUMwlrgO65nI3SS8+q1JJfG80Y2AZ5mkDstb2yir0PwMWowSFNknwIyR2WvHhCNg44WdqUX8J1ClLpEnaRi4uUfvXfi1rSVKFjxYZab7LZxKPHmq\\/Y4S9FHKgDmEEKthgxuo8Lbmxw+lTlwix24DlWJtFj0aGJK1wUmQQGjzCyoXujd7K6JfEHPZP6zSJRplfIAJJrhQMZVnyV2aAOaoCPD7hcDmZHJm7HBUM2Eiu1pJGbQApN4IUU71y4ptmlQoY8gN4KqS0LJTpJwOAoJZLC2KOixJDLs8ITGu\\/VCrlHYvFHbM1MNd6qzHnCQd1yznOcbBVrFyXMNHsudckVKWzonASAnuqM8JaTRUuPktdH3UU+QCbRtk9MqmL\\/Vykeym8KRrw5yn8FpHa1bCbRXKFmZK4taoY847g26KuZUVA0ufyHOZJ6KcsolCjpsTIFeS0GyB472Vy2DlHiytUZYa3grP4uRanRrAN81KwMo9lhDUfK7U8WcCLBR4+IOSZeyYQWFZkuI0eVq23L8Ti0yX8Kn5UhKjLe7w+FRmc9z6WlPH5j91WZFZJKyzdEkeh\\/ArE3arqUpFbIGi\\/qT\\/svacPG8earoAW4ry34HYTnDVpgaB2R378lesOy2YkYhj5efxH1Xu\\/jE1xYmfJSns0XOFccAcAKjkzgkhI7JpndVHP3kkropDbtFad5c4+irO8uFZlbzairkq5GZqyIxm+yewUeydXqlA5CYkiOVthUJ4Gv8uVpZB44VNwv2UkQatmZMPBHJ7eqigIkmLmm7IVzNi3wvB8wsrQ4pIMh8Ulkh1j6UrFspejYlBJTA35hY5UpIJ9aSMFy0m5CS2Mmb6KnkBXJPmr2VWblWIUlozXijSr5Enht\\/orMwpx81QluRxJ8uyuStmWTpGVkRnIna09rtxVHU5L+ULXkqFjnn8RWDlO3Pc\\/y91fd6RQlW2cz1FM1rGY\\/d8x2gD91rdM6cMTGYKrhcq7J\\/xfrrBib\\/AJTY5CB60O69EhiEbGgeSMukkX4Y7bLjWBtccrD1Szqkl\\/ywAf8AmK6CEh4o91z+qgjUMknyY0X+qpj2XtbCO2Y7z6q\\/0vkeJJnw+gY4fuFnXtw2n1KZ0bkE9Q5LCbD4nUPzCs7TG9M6TVYvvGE9hHkV5uYPAmePQ0vTZeWkFcRquMIMp520C5Uro14n6NPSZflYnaxF4WriYfglhH6jj+hCh0kfKB2pX9aBdBiSAfheWH8x\\/wBEiWXpMdpf8SAt70o9VwfGxXADlN0aXZllp4Dj2W1lY9OIUHp0Sic5ochhnaD5Gl0mG37pq7XD8JI\\/dc6IDjZrgBx3XURM8eOKT0FX9EmRmbWXF\\/zuI7uNy8a6lwdmuahCWbg2d4H6\\/wDVe2bN7MR58nBeZdXBrep9RH\\/1if2C4PymN5IQ\\/ZkMb8WzidR6A03qLEijy8drw31HP\\/rhdTo2jwaTp8WPAzbGxtAIimDe6s+OAOCsGLEoocskpLxb0Nc3ab8lVyHN+bjlLPk0LulQkyCSfMeq0KJntRKmZJtvjussylz+TStahI5\\/blZzLEoJQ9A35LRt4rCQ0HuV0mnY7Y2AkLB0yQdzwthmaA3g8dlZF0Z1pl6aQbqHCydReHOpSZObtbd2VQ3mV4JFqbkOciWPHto4SEeEVaibbaSSw3zShZTGWxsTy6jStjHD28jhZzy6N1haGNkB7RZVkXZrUrKs+ng3XBVYQSMd2sLZJD01zABaPFMlHRQaXbeRwmSMDu7Vf3NaPmUL3Av9llycdS2XLI0zNdAWW7sFm5cxatnMf8hFLnMwuL6AWJ8ajWs2gi3Su4FkqZ2JKT2TdOjeX3RXQRsG2yrI4LLo51RgswXlwsIXRNawIUf6YX1zPxm7mWpwwD0pZ2HnfIpZc0Vd0vP1fQ2zSZMGDuo5MncTXKyP8QO+t3CcMpgNkqD0LybNSOSn2r7MgNb3XPO1BtDlNGph\\/F9lHods35TvaSsbLw97r81YxcwSDaSpJHCiaViVjTMpjXRGj+Ss+LtaeVBkOp1hQOm5IU06I1ZYbLfmp4JSD7LJMxa6lYhn490nTINGuJwHcGlZimLxy5YgyLoHuruNI4mlW4slEt5D7H0WbkZojsXSt5TiBa5bVMra4kfqqfDyZc5JH0h8HonYnQ7svs\\/Kmc4WPIcA\\/wBV2Gnh00hlcb28BfK2hfF3XuncaDFhyGT4cfDYJWAgD0BHK9X6S+0RpGVGzG1XFk02WuZWfPGf7he64nIwxwxxp00YpRcp2ewE2ozwqGl9Q6drkQlwMyLKjPnG61bc8V35XSTTVok9DX1+aY7yQXWbSEqaKwAtBFJ8bQU+So2EosKK8rXF35KF7OAiTLDXDcdt+q4\\/4wa3q+jfDnWs7QDWpQw+Ix4AJa0EbiAe9NsqvJlWODm\\/Rr4nGfL5EOPBpOTSt9bOmyh\\/BfXPHCpYrR9+vz7fsF8r\\/CL4n9XxfEPTG61qj9R03W\\/4bt5tjXGwCPIURXFL6sxGD7ySRyDZ\\/RZOBz486DnFVX5O3\\/yP\\/j+X\\/j+aOHJNTtWmv\\/aIMIvgbkNkO4Cdwb9CeFbiyGsc5zi1rAOXuPC4nWNRycPrCaCEP8KVrH9uLpcvqmu6lruonF2uxoQ7ZHG40Cbq78yVbk5mLG\\/FvZysXx08zUm6jV2ertz8fJc5sErJS3vtN0opbVHpfRm6LpEcUm0zkW9w8yr85Z5G10sTcops4\\/IUIzcYO0Z8zebCou\\/EQrmTNsbTe6zy7axzieVsic9q2Z2oS7jtXL9STviwpGw8uNbyPILezpxEx8jjQHNlcjqee6SYO+XY2w4HzJ7WpxTu0Jry0c\\/00AfiNp7Ow+7TmvyC9U2V34XmXSWKJviZC9hJjhwpTz3+YgL1N7OyWZ7NGNUh2GwGTkLC1yjmZZPkGcfkV0ePQHA5XNavzm5gPeox+xVcXRN9kMrtuJG2\\/wCW1n9Iz+H1PDfG5xb+xVjNdUR9m0sbRsgRa\\/ivv8Mgv9VohtMJej0jIG2Zwtc\\/rePu+auVv538PKrvaztSj3RH05WQ0Y+zM041S1M9niaPOfOPbIPyIWbiN2v9lssj8bDmjP8ANG4fsn+C2fRiGQwZUMg7OIK6+ZnjY0Ug86XHMAyNJglbzsFFdfocoy9IA7vb5KE9Ch0ZWfj0\\/fXktXRP4kT2H8XBCjy4i6EkBGiyGLJbz34SvQ2rOo0yEzRMYf5HWvL+um+D1VqAPHz3+y9U0t\\/hZW0ng8LzXrzF+8dVZzzwN4H7Lm8pWjPLqzkpMsDhqBlO\\/NWnaaDw0fmpItP2O5FuXOVlHkVAHyd04YTpDyKW1BhNAtw\\/JTOxmsFnilNKyDds5jJ02gVmS4tOFDsuj1KZrGkXQXOy50ZloEBRkkjbhwykrLuIBtr0UxftUOBNGexC1YcZkgPAQlaKci8XTKTg6UBWoYQ1o9VbZhAcVasRY3sm1RkkyKJlDsnGK2lW2QkDslEFjlRKPGmZMsYczkchVi0s\\/DwteXH5qrVY4+0kdkFkZNMrwZTmiiLUozQ40QlfByo\\/uh3bk1Jo0eY50wfwmbLPPAUjcTndSfJBtbdhStssi\\/IpTt5o0s2bEa4q9k5LWg2RazjqUccnzOFKLZthiclZcx4Q2vlpPlnDOAlx8yOWi0qZ8LJRwFNVWjNk0yn99rytCmGB6coQUKcjl8fI+Xk8JuRntaFmffGgcH91Sy80NaSV5CrO447Lb9QqTurEeZv\\/AJlyrs8vfxf+ytw5RLatRlCx1RuyZZvgpYMrc7lZDZy5wFqwyUtPCoaonWjosfMMZHK0magHMN8LkxmhrhZWhj5Hit4KsT0VyiaU+S09lAJNxTHfKznuq0k7YybNKV2QRPMW7u\\/KIpS11ErMky2uPfhTY8of5pPRPxRsscHUeFfxnDj1WG2QsAPK0MHKsixZQmiLVGrkC47XKatEOaC6zd4jFl52GHAgtVkWrG1ZxQaQ48dlMwN9OStKbTaJ44VYw+GQDVKU8hOMAxc3J06YTYuRJBKOz43Fp\\/Zdhovx16l0V7I8iWPUoB3bkN+av+8FxkrBRI7KjNGSLFKePkZce4SCUV7PorRPtBaLntYM7HnwHngkDewfpz+y9B0vqXTNaiEmDmw5IPkx4JH5L47xo+Oe6tiSbE\\/iQzPheOQ5ji0\\/suti+VmnWRWVPEn0fZbciuyizswxYz3gbiBwB5r5e0L4v9T6K9rTmnOiHGzL+f8A83f916d0z8ccDUw2LVMd2A8\\/\\/EYd7D+1hdaHOwZNeVMpeOSLOs5U8s4lmkcC02B5Up9J1CbIacQA5MMg8OSIgkFtUf2XTsbo\\/U+I50MkGU0VudEQSPqr2Bj4ukQFsLWtFc7R8xVUeLOUvLy+1ihJ42pLtHz7qX2YdSw+qcY6Jq4xunGzx5P3bIe4yRODg4gUKPbgr6ChYW5NWTTeT6rOz+s9PxXOYfEdIO7NlH91No+Q\\/Nz5pwT4JFMb\\/VX8Tj4OPOX0e2dv5b5vm\\/MY8ceXK\\/pqk63\\/AD+SDUtFxsrMZm04TsAB2mg4e6zMrpHFzsw5ZLmuJFNrgVS6Of5JCO31UZlaxlELRk+O42VuUo97\\/k8\\/HlZYqlL9iAROPEjgSPThV8qSOBptwv08yjInkfYZwD5qn93AfvldQ9yunCKikl0YJStkPzTOL3DjyVLLkppCv5WZGBsiF15+Sw9SlczGle0bi0WT6eSuVt0iKjbUUcd1PqxyNQiwozUcZ3SkefoFlTt8WZzieC6lUyS+bW5wObkIv81pFm016FdCcVBKISh4TaI+hwT1xO8eWOW2f1XpTl5x0Ob6skNUfCeD+jV6MSsOXsvitIsYgDWuPchc5nAv1HOB7Wz+i6bBbe4+y5zKF6lqH\\/fA\\/wDKFGI\\/ZiajJTHlc7hvrVGem4FbGpuphCwsVxOeD7rRDoJ9HrWrO\\/yXjuQDf5KrMfEj9yn5TzPpmFJfdgUbboUsjNEOjNa3ZKAR5rdwqppH0WbNENxNUVo6WNzdp\\/JJsufRgaJF\\/Az8V38jnho+hK3Oiciy+I+YpUvu33PV8ogcSWf1SaJIcTOJHAJ4pJ7TFDo6eeEBrx58rMxP4c7a8it\\/KYHO3Ds8WFgOAiyz7FQg\\/QnpnUsfXhSfRcb1OwT65lvNEF39l2OA7xIGCgaPIXDZeW2bUJ5Cb3PND0WHkdJGbIVBiF9cUPVSsxWsqhZU7Xh45PCcZ2NbxVhY\\/GjN4kZjEYtwCy9TzGwgkkAUrOfqDY2Gz+64LqjqJuPFIXOFjsLRKSijbx+O8skkij1H1E2IP+agPdeeTdbbsggGh7Ln+quq35mUWMd3PkVhNjkc67Nnlc2c5Tej6HxOBix4qn2evaH1Ux7wC\\/uu\\/wBJ1VkzGncCvmiHVpcB4v172u+6X604a17\\/AN1ZjyV2ef8AkPjWpOWM9+xZWuIs8laDIgTVcFcHo3UbMiNhDgT7Fdfhak17GmwFtjJSPJZMMsb2aIhAFUlfE0cpWSteE5xBHdPxKKKk0NEOHCjkg3UVcJa5tJLaWVwoeIeJQkx6bfcBNdENthTyyho5IpZmTqDIrtwH5pqJOONyJJJWsu1iahrTIA4buFm6z1EyBrjvHHuvN+outGlj\\/m59ioSkoo6\\/E4UsjR1Gs9TNhY5weuPl6yvKAsUVyE2vyZziC920qnKT+Ld281hk5S2j3fE4WKEan2e1dPa22ctAcu\\/0+Zr4x5leAdFa6HyNa7+U+vK9k0TUg5ree604pWqZ5D5ThPFNuK0dG9oHI4QopctpYKFe6Fpdnm6aPHrNWq+Qx8goc+y22aeX8UaU8Ok82Ra8ameks5qHDIu28qR0Do+QCunGmtYbLU84LHd1JsjdnJVMXjb2V+FsgZz2W43SWl10pHacAKVEkTtHNU90lc910GkQkAWl\\/wAMAddWVq4GK1gFiilFA2hmRBtbZXMaxO6Oy08LrtQaS2hyuR1XGcSQULTI0n0ZMWY976XR6bEZKXMxxFknNrpNJlIa3zVzDo2\\/BBHmpccbHX6JWfM0WmySbLpUvQk0zVx300ElSPDJRysiHNvgnup25BJ4KLoQmdG2Np4XOZh2m7W7nS7mEXa53NDvIKfZatjDJ\\/CPqqgnaSQfJOeSGH1WTPkFjibVkINoTN2GUNdY7KWeUOZ3WFi5ZeatXXSurkqXjT2LZZhLXuojlbOFjggHyXPxy7Xd1tYWVTQLUMmuiNv2ep\\/BjqFukdVOwpiBDnM2C+weOR\\/svbtRwIw7xAwbHd\\/Yr5Iiz342THNE8tljcHNcPIg2vqPoXqyDrHpnGyQW+PQjnj\\/0vrn9e69H8Vmbh9OXZRNJ9FDXMLGgxJcpsQMwAa0nmiTXmjSHnHwf4R3EEtJHsVs65pjREQWl0BIPfsVg6XgO05mREXb2OmdIw+gPl+tr0MKTtIw5bWiebLkkd845CryzTEWBx9FK\\/lx81YawOYLWy\\/Zk8W\\/ZjyOy38NbXuoxp00gLpX0Ftv2sBtZmVIZnbGXyp+Wg+nXezKydsZLYwSodTiEHT4dXzyvG4\\/mtDLxjhtBeKLgTys3qGXw9Hxm+e0u\\/ZaMa2jTxoLzPJsW5NVc7uXSE\\/ut1zKjJ9iVhaf\\/APuLTXZ11+a6jNxn42GXyNqxXe6WrO\\/uIZ\\/8sqMnoqx1YSOxgef3\\/wCi9F7kLzzofnqlp9cd\\/wDVemNiAN91hzfqJtUlRZwxTCOy5rLbsy9QJ7+J3\\/ILponU0jsuYyvmm1PngS\\/\\/AMQq4kK2clqrvlNlYuIR96tauqOOxwWLjP2zrVEsktHq+IfG6ewz\\/p4\\/dOi5UPT7vH6bbz+GQ\\/8Ar91JG6iQszVNosx9CyNI7q7pbfn9FXkNtCsYL9kjVW+i1jNYh2yueBzSycN48S6orpNVjD3lg7uj3BcmHuhyNp45RFBE9AxD9506J\\/dzeFiai0x5BNdytDpnI8SN8BN2LCi1qHbRrsVWtSobRoabK4Yspbw4Rkj60vF8TqJptxdbiebXsmmDxINg\\/maW\\/qvjzUNfl0PVM3Dld8+PM+I37Ehcvmz8GmdDg8L+sUku0e3s6ibXzO4UE\\/UzBYDqXh7+vOATIqmR1455J8WvZc98g6EPhpXs9X1nq6OKJ3z1x6rybq\\/q12SXBruFh5vUsma4tDySfNY+ZhZOU2wbtZJ5vJ7PQ8bgYuN90iljS\\/e9QO48ldVjabuj\\/EeVx+HiZGDmbpGEV7LrsTVQGgGr90eS6ia5fdLRk9R4b8WIOH1tZem6rJA8HcRRXQa7KMuJo7hcpkYpjO4cITvs0wxXH7j0vpzrJ0L2BzzXZeoaH1nHIGgus+6+YYc98BFO5C3tK6rlxy07+ythOUDhcz47Fl3E+sMTqVj2AbwtFmvtLAC4FfNeJ8Qdob\\/EIK2W\\/Epnh\\/5lFallTPM5Pipxej3z\\/HWAfiCrTdQMYCdwXhk3xOjLKbMLWfP8S2vYQ1\\/Kbyorj8XP8HtOo9UMY1zhIuP1XrRrmuIfyF5oesp894jjLjatNwsjMZzZJ7hZMvJUejqcf4yMX95D1B1u75xv3Fee6jrcuVILN2V2uqdDyvZ4nNn0XF6no78CXc5tAFZ45lkez0uDFixKonQaRiCbGa5x8uyuyYY2OO7ilhabrO2EMB4CsZGs1C6j5LfF6KJtxloi03VDp+o2018y9a6b6wjfE0F4sDnlfP0ua52Q5w7ErV07XHwOADv0VG4O0W8jBHkw32fTMfU4dGKdaF5DomsTSxst5PohJ8k8vL4yN7PXoZmFwAWpBGxwvhcZFqoa78VfVbOLrALaBXASOZsv5zmxH2WZ\\/iDA\\/aSjNyhKw8rm8uZ0cl2qZN3okonVDUo2tsFKNUjd5ri36mRwTx6oi1IueKPCsTsHFndRZDX0fNXI8hobwQuTx88hoN91a\\/xEsFkoEk+joJpw4eqxNSjskgWmw6iXu\\/EFMXiQgnn0UO9kujD+77pACDV+i29OxRGB3T24duBoK7HH4TFKxEjZw1tKvLkgWosmYM5tZc2bucBaWiJpRzW6x3CtRyO3BZ+Ed9Hta1o4+Ab\\/ADUWtEtCS9lnZQFcLRyfkYsXJyqv+ipveiaKuULjNLkdQnMchaSujysu2uBXJakfEmrdwutgjaLYpM0NInL38rovCD4+y57QoS5w9F3GPhXBZ7qrImpBJownxFgsKbHmcSG3RVzMxvlKzYt7JSB+qi6aspaNfGc5x5Nr0T4W9XDpXWmjIlMeBkUyb0B8nfl\\/RefYDS8iwtB38IX+yjj5DwzUo+ito+ptVyJpsdxY\\/wASNzdzCw2HeioF7nMF8GuR6LyPpD4sx6PhR6fqokkgi4jmYLc0ehHmPRdTJ8Wumy0EZUxvyERte24\\/NwZIKV0c6cJNnWEcpxeRX7e64HI+LuBJIyLDxZpnucGh0hDBz+q930nRMXExxL4W6URguL+aJF8LVHlYsjag7oisUu2ca3T58ltu\\/hs9T3P5LY0LTMeJkkuwFzeNzlJl8A\\/2UuEytKyXXRNgK9tuJGP66OL6ml3ZL+xpq5rq92zDA7BkJ\\/ot3XjeRJ62Grm+uHXBkV2bHS6mFU0auOv7h51ozg3VABRcPm+YWF1WoRNZgSDfvJaHG+Tfsub0M+Fn7gPmLg081wun1V7IdOl8IFjS03Z5ulHM7yFGSvKRz3Q7tvUuK7\\/XE8fuV6kyl5J0a8R6xpLrHzt7\\/UOK9W8QgAXZKpzfqJZFVf6LUYa61zef8jdR4\\/8Ain+gXT4cZNnuVz2stMf+IH\\/6n9gqolPs4HUXcHzWNA7bK6+9rW1J1Clj3Un5rVEtkvtPVOkJRLo87B5EFWSKeQVm9CSeJjZDfLaFqS8TEKqf6mOHQ8j5U+Ikdk0DjlOi4PdVFxLmZE3+J6XJX8B7XQyG+LPZc\\/rMTsfKd5crfzJPD0t0hP8Alyxu+nzAKj1ZBUgmHZwu0XWiEXbLXTeaIsmI3wun1qAPZuHY8rgNIn2vbR7L0ON\\/33TGOPLmiiq56dlrRT075Rx5FfKH2iOlnaT8QM+WBn8LMa3JbQrlw5H6hfWOG0MlcF5b8d+mv8Vz9Mygzh0Jiv6Ov+65XyesPl+Dq\\/Dcj+n5XemfG2Tj5DXVTkrMHJe3hpv6L3Vvw+hc2zHbvcJ2J0JE2U3GAF5NcpdHvnyIS6PLumelZsl+6T+i77Tuhw4A7SR6Uux03pRmO8FrOLXYYOlMjYAWALDkzuT0cTkZ\\/HpnkeqdAt2W2MX9FyOq9LTYw3MjII9l9J5GkRytogErnNV6ZYQflBSx5pRezPg5T8tnzXmYuQ2hIwgLNzI9sRBFr2\\/qDpNroXEMAIHovMdW0fw5HNAqiupDLZ7HC1nx6OCfjlzye6GYcg7cBdO3TKJFJ7dKpa\\/q6K5cR2cwI5YzVnlI8ztrly6g6YB5fskdpIdQI+gQsiRH+kfs5F5mHm79Vp9P6Fk6pO2wdq6DG6Xly5AGxnaSvSel+mGYcTAW0VRm5CUdGPPjWFWjP6Z6JbC5rnM59SF6FgdKs2h20V6UtXStKaGNLQARza2o2NjPJ7rgSzOTPL5Mz8tHMaloMfgUGC+3ZeXdZdNtfjyDZzXHC90yY2ysIpch1FpbXtd8qsxZHGRbgztyo+W5sPIwZnNo0Co5DPK2iKH9V6r1B09HvkcG9yfJc1BovjT+GGbhdcLvxzuj02PBGcfJnGwaVPkOAY27W7pnR2U+Rriw7fWl6fovRYjja4xhdvpPS0bmC2DhUz5D9HL5OdYeji+mOjnFrNzUL13TdHZi\\/wAtAIWCU22cCXKbdnk2XDt5Bop2n5EjaAKWZ4dfmpcFgLrqlXZho0Wve9tnlUM0Ak2tRgAYR5rH1B21xtOkJdmRlmn0EQlzSKSzR+M67To2eV2Anon4+jUwpnO4KujlZeO7YFdjk3fRQbEoOyeJ3huFLZw5AWiz2XPvIaQbsqeDLcx1KCY5QOrbOKsKCadyz8fJLhSuR273CLM\\/jRRyQ9\\/qbVJuM5rrcF0bccbfw2quTCOQRSfiFIhwnbXN9lvwPa6Nc347YXK5h5u9wAdym6ohVGjl1S5vUW7S4gUuie4yMJPksPNjL3IjDZJGLKLjN91zWa3\\/AJmq8+67KXCL2\\/Kuf1HT3RSbj+tLr40oqi6Jo6A1rXNtdvj7BCPRefaRKWSd11bMvZDwf3WHkMjNNE+eQTTeyzY2NMo8uUkmaHk2U6J7ZJBSweToRtYjGtYLUOW8i67qaAFzBt\\/VGRiHwzfdVoTMHKm3Ei+VCzJ2mr5CTNx3h5PZURG5rubWqKTFR1PTM4yNe0yM87smMH\\/xBfdU9QslN92gUvhHobGdN1bo0YBJdlxAf+IL7ozpP8weQ\\/2XpPiorxZVlqJgZIFpZP4OjOr+aTj9UmQ6hyoc\\/I24OLFf4t7z+QXpkrpHNhuRxGo\\/PkuvkmQLnesvmxss+oA\\/ddLKzxMpvpvJXNdWDdhze7gP3XXx9o2cdVI4XSYT4u6iP4i3dde5+BkOdxTOAFS0jHLnWfwh\\/FK91G3Zo+WRzYpKf6jDPeRnJ6L\\/AMrmaDfBuME\\/UH\\/detQRXILXkU7\\/ALvLobx\\/\\/cYzf1IXs+HHct+SpzKmjVm1RfhAjbQH5rl9eYTFnWe8v9gutAoWBZXLa8D4OX\\/\\/AJf7BUR7Mvs801IfMR+SyHHa5a2qHa998W4rHl4etC7ND2j0f4dSW549WkLoMtv\\/ADJXL\\/Dt4bMOe66zOBE115qEv1CgQxuJu1JGo4x8w9lJHySPdVFoauyumtRcO7Y936G0agBqHTuLO3zjFlWtQj8TpnVGdycd9foqPSLxqXSIjJsssJPasjHTOe06Ta6r7Fei9MTeNiSRdyRYXnPhnHyHt9Cuv6VzPCnYfU0UTVxLGzcrw56qlndZ4Dc3RY3kAmKS7+or\\/Za+ZGWZY44vhN1eIS6PlMIum7h9RyubzY\\/U48l+xHFJwypo8tfp7GcBqRulRl91S0JnN5sUo2uA918vbZ31yH+RrMFsY7WmyPEQ9PorDsgbTaxdQyvxAH9EK+yvLlci39\\/G4i0pkZkNIK5eXUTFJRsK3ialucOVZ5GeM2mT6jpzHh3y2F5j1b01sndIxho+gXrrXNnbwszVNOZkRncAfyV+PJR7L43mqB8\\/SYJicQQkGLu4pdt1HoLceQuaFgeAAeKBXRjKz0suUmriZX3M125VvTNOGRKGhtlXY8XxXbR3XVdP6CIyDtsnzpKcqWzHl5njF2xNJ0IRbTsXVYmmjaDtpaun6Q3Y2wtA4LYxS58p+R5bkc3z9lHGBibtUjWFz7pSljWk9kMeA5UeKOFOduyQw7m\\/VZ+p4IkiIq1swU40UZGN4h4Fp9EseTxdnlWtdOunJ+Xv6KnpvSjcWQO28r1SfSGu\\/lBVV2kBncBaI5XR21z2oVZlaTpzaaHBdFBhtibwFFBjtirtasOkptKUZWcfPl+pshmk8MHyQqOe5\\/PNoU6MB5FkfK0mk3CzPCfVoQhFxqOzGujtqzclwl5P5oQmgirKWzk0Erfk9rQhR9FwglIJ8+VbZOeB3KEKt9jLYuQA1SkEeznuhCSVkJMs4sxa6+wWzjZTSRaEJLbKJF5uWwDkhUNQzGc05CFeik5zKzrf3VrS8jc+7QhRfZOtHUY7tzGj1TMjD3ngWUIV0OyJA3Cc01SxtcwjtND80IWi9l+NnPMuF\\/ccLThyHysoE2hCqyk8i9luLAe8AkclXI8F0dHm0IXOsoo29KFlrXcrbOnmRt7eEIWWTdiS0YGs6cyO\\/IrmZoAx+7yQhbMTbRI674XxGbrzp4N5P32L\\/wDJfZ+b\\/lSGjd0b+iEL1nxO4P8A2ZsztMxZmB5orHz5TJqJhHaDH5Hu42UIXqMeznw7MCJt5TT7E0uX6pbuxHD1ehC6eP8AUbsHaMPS4trWCud5tO6rZs0WU3VlCFCT+850v1nDdUO+5Q6earwsiB36EFe547trWn1QhRzdRNudaiX4CZBQFn2XO9Qx7GZY8\\/Ev9ghCyx7MZ5ZrA\\/iGx5krFm\\/GKCELSuzT6O46BeGzs5813OptqRCFXLsjEph20ni1JE6yhCrLDVZH4+k5rK\\/FC8V+RXPfDCUHTpYT3IPHuhCX\\/WRWn9xW1\\/G+7ZryBQJVjR8gxubXHKEJrosbO8fIMiCCYHu2ipMhu\\/Cmb6xu\\/ohCyZV9jQqp2eRT5reebKqnUA26NoQvkj1Jo6HoY\\/ULB5WdO4vLjaELRHoXox8sWSoI8oxSAXQQhJh6Oh0rUA6gf3WpkuEkVtQhLo28abUtHH9Q4jpo3BreaXneZiz48xBaTz6IQt2KTo9rx5NxRe0GF001kfqvSdDxgwAkIQjMzD8h9vR1UJYxotRZE9A88eiELJ7PISk2zEzcvaSQo8TLMjghCGKKN7G5FqfeWhCEuxvTEORXCgml3FCE4kbZRlcWk1wo\\/HI80IVidMjbZFkW5tkclCEKfkyVH\\/\\/Z\\\"><\\/p>\",\"on_sale\":\"1\",\"skus\":{\"1\":{\"title\":\"\\u94f6\\u827264G\",\"description\":\"IphoneX \\u94f6\\u827264G\",\"price\":\"5999.00\",\"stock\":\"100\",\"id\":\"1\",\"_remove_\":\"0\"},\"2\":{\"title\":\"\\u7070\\u8272256G\",\"description\":\"IphoneX \\u7070\\u8272256G\",\"price\":\"9999.00\",\"stock\":\"90\",\"id\":\"2\",\"_remove_\":\"0\"}},\"_token\":\"I6zdtzE6pXlawvZpd1h62MRq2CqsmM8rk9ksNEPZ\",\"_method\":\"PUT\",\"_previous_\":\"http:\\/\\/laravel-shop.test\\/admin\\/products\\/2\\/edit\"}','2020-05-22 18:03:08','2020-05-22 18:03:08'),
	(260,1,'admin/products/2/edit','GET','192.168.10.1','[]','2020-05-22 18:03:10','2020-05-22 18:03:10'),
	(261,1,'admin/products/1/edit','GET','192.168.10.1','[]','2020-05-22 18:03:10','2020-05-22 18:03:10'),
	(262,1,'admin/products/1','PUT','192.168.10.1','{\"title\":\"Apple\\/\\u82f9\\u679c IphoneX\",\"description\":\"<p>IphoneX\\u5546\\u54c1\\u63cf\\u8ff0<\\/p><p>IphoneX\\u5546\\u54c1\\u63cf\\u8ff0<\\/p><p>IphoneX\\u5546\\u54c1\\u63cf\\u8ff0<\\/p><p><br><\\/p><p><img src=\\\"data:image\\/jpeg;base64,\\/9j\\/4AAQSkZJRgABAQAAAQABAAD\\/2wBDAAMCAgMCAgMDAwMEAwMEBQgFBQQEBQoHBwYIDAoMDAsKCwsNDhIQDQ4RDgsLEBYQERMUFRUVDA8XGBYUGBIUFRT\\/2wBDAQMEBAUEBQkFBQkUDQsNFBQUFBQUFBQUFBQUFBQUFBQUFBQUFBQUFBQUFBQUFBQUFBQUFBQUFBQUFBQUFBQUFBT\\/wAARCAJYAlgDASIAAhEBAxEB\\/8QAHQAAAQUBAQEBAAAAAAAAAAAAAAECAwQFBgcICf\\/EAEoQAAEEAQMCBAMGBAQDBQcDBQEAAgMRBAUSIQYxE0FRYQcicQgUMoGRoSNCscEVM1LRCSThYnKSovAWJUNTY4KyNDXCF1Rzs\\/H\\/xAAbAQACAwEBAQAAAAAAAAAAAAAAAQIDBAUGB\\/\\/EAC8RAAICAgICAQMDBAICAwAAAAABAhEDIQQxEkEFEyJRMmGBFCMzcQZCNKEkkbH\\/2gAMAwEAAhEDEQA\\/APuwikiU2kpewPLjXN3JUqECoYWWbTdpvtwpUJ2FEThSS1KRYTHNqqRYqIyEpHZKeEDkWnYDSKSEWE6iUiYiMsFdk1SkWEm0DsEWDI0KSilA9QnYqI0il2WUbAPJFiIX\\/hTY+6nLAU3w0WA1Ru4KnLOFG8cJ2BH3TQ2inUUIASu6SgU7ugClIBpoBN7p9JC0WiwEItRuu6rhTAeyRzb7IToi1ZC2+fROHKNptLtpOyNMQNpJyPdOArukPsiw6EBTweFGW12SgoEmPtM81JVpC1KybVjaTgU1137JQKHKZFfsOJoJhPmnO\\/CVEeUht0KeSgopBU00RGh\\/PKa42Uh4R5qdgDeTSkBHkka2h7p1cKNoKsB3T7ooa1G0WFBuySVIXuUFtlAbynFpvhKx9oTsi0EFKGlIECNt0nAUjzSJAE4MsWlDQnVtCBERFIJpPeL5UJNlADXvPkoX\\/MbuypnN8wmlvspJ0Qdsr1aNqlLLKPDVnkiBEW0ghSltppbRRaGRltpNvsVIQWoTTCiMMpLSehOwInCuVG8WpyFG4eqAImjum0fRP3turFpQbQRGsHKFIPohAHUoQhYjaFJvZOSEWgBEJSElIAEicAlHCAGVfdFBOIQAgCPYmOYQVMk80ARV7IpSlthIGAJ2KiLagBShtBJs90WFEdEFLXsn+GEu3ikWFERCNql28Uk2e6LCiIt4TdqnLKCYWkosVERZaY6MAqfakLb7hSsVEAArsEFoIU2weiTYPRFipkGz3R4ZvupS3lJXKdhRGfl8gU0qQsvuk2BFhREQgC1I5tJqYhCLSbaBTu6KpFgMA9km3lSJK5QAgFpCD2T0obZ7JWBFSc0eqlLAmhtgosEiN7TSb2UtHzSbUJia2R0gilIWgppClYUR7R6JPD9ApK90fmnYmrGhpr3SkUnDslq0m9jWhPogjsnAUlRYCAdkqEUT2SAEJOUu1yBgnMFkoayxyngUgBzQlq0gFJSaCix0RSGjSj8gnyWSmUVIiNLaQRaf5JlcoGMLaQnO7JE0RoQjhNTkBOxNDSPVMc2uQnnhIW2EJkWRpL4Q\\/wCU9+FWyskRx\\/LyVNbF0Pkymx3fNLPmzXzHjgKOR\\/iGzajdx2KvSK236GPkdu4cRS0sSbxYrP4h3Wc7twpcXI8J3PYoa0JGr50hQnKjonchQ\\/2WWdehKilgNgiEIR6AEIQot6AEIRaV7AEItFqSYCbUUlQmAlcpKKchFgNooopyEwE2pCKTkEWgBqEoCWkANTXX5Jx7oQAzZx7pu0gcqVJVoFREOyQhTUPQJjqvhAERajapKSUE7ERlvCYQQVMW2EbOEWBAWbgmNb6ilYITSKUrERhoCR7SSFIRaTaUCoj2c+yAzk+ilpIgKG7QnIQgYiE7ajagCN7dwTWsrupa5SE0gTIjx3QTSa4pFIQeaPyTqSBqBaECcAl20la3cgYiE50ZPZK1hvlKwGhh7qQCglqklEnsiwE2BOAS7UAUkSoSkEUnJD9EAKkclCQi0CGnsmFh7p6E7ERHv7pru6leOAmEWiwGEWm0n1ykTAY5HdK7lJVIENPPkmE7BZNBPe4MFqhlzmQUD2UkrYpUtkWVl73UOB6hU3W48qQ8BNc4AdgtCVGduyMprj5IcO6Sq7qViGkkNSAXyeydVmq4S7aanZEjcNo4CE2QcoRQHpNJTaQGkE8rk2dUQG+6U1SRLXCLFQlov2QhIKC\\/ZAQlHdACJTwUUUHkoGJ5oQUfkmiLBCEJPYgQi\\/ZH5KVjoEI\\/JCfkIEIQl5AIa\\/NIlI5SJ2AdkJSEidgCjLaPCkQmAJuwWnIQKhhabodikcKaFIkItAMi7hNpPKRBEZXKCLT6SECk7AbtSUnIRYDKQnpDykA1CEKQDXccqIneSpXJA0BMTInCuEBprspCAUtUEWIj2m+ycGAcqQBFAoChALS0E7b7IPCB0NoJaQirQMEJdqAEAIEJ1BFIAQC0lJyD2QA1CEIExiEp4TS6ggQj+wTE2R\\/PCjMhLvZAEyQi1H4oB5SiZpTQAUxxoJZJGtHdVpJt4IHCYrIsicuNBVHD5lM\\/jlQk2r1SKWyNRlpv2UrkValZCiGrCa4eincwAduFG4UeyLEN8vQprga44TvdJfCLFRAQQ7lCe5vKFZYqPQ0IQuQdUEoSJSOEAFJEtcJEACUJEIAcDaVNso5rlAC1aRIlAtACIS1SRAg7I5QUIBhyhCKQKwBtCEUkFAUeaKR5pgCQpUh7oEIhBQpJgCEIUrAEIQmAx\\/FJtcKQgFMeDdoFQ1CEKNhQUkItKhH8jEIpInIUhUNAsocE5CAoj22ElUnkITsiR0E4NBTkJ2A3alpKhFgCRLSWuEANpCdwkKYAhLwUULQAiEIQAIQhAWNISJxJtNe8BqAGSPDeFXkeXduAnSfM8lNQRGcpnKkPdMc1SEN4J8kvYJAwBI812QBE6+yY9oPCkITSExUyvKOBSTw7bdcqcsTOwUiDRWMZs3wmhTPFnlRyNoClJMQ0i0jh2CdXCa7un5EXZCRyU08KRzas+SjPqpEBDwEJjyhMD0Qt5SkWg90fquYdIAOEUEqFEVjDV0iqKUnlJfKkAIQhBIUC0ruyS6QSgBEoNJLQgBbCLHokRaQgSEVSVBTGCB3RaB3QRQqQ9kp7pD2QSCgiqRaEEARSEIASuUhTu6aRSABCEIAEIQhACa\\/8JTk1\\/wCEqVgMaLKXwyhndP3D1RYEZFFIpHEEKNCQAhCXbfF0VKgAC0oG7kcJ4FBDuxTAjPCQi0IQISktBCWqQISkVSEIECEIUgCgighCYCVylQkcgVieaEIQKwQhCCQh7KCXupiVFI0k8JoiRnsmV81J9FCYDKCanuamntSXoBtcppAJ7J\\/ZNB5SAYWAqOlN2Ub6tMCJyYQKUjgmVwpIh7IHtN2ElW21OBahc0g9uFIiRnkpjgLUj6byOyjcQ5CIsYB34TXNs+yk8\\/ySUKo9k7ZFkLmAdihSuY0BCdsid5aLQhc6zpggJOQlCGIYfxJQLSO7pQaTCxSOUhFJQbSEpgIeyVNNpQgOwR5pDYShAkB8kIKRAxbRaPIJDaAF80eaEHgoF7BCEeaCQIpISikCDsUXygcFLSBMKSO7oqkhFIECEIQAIQhSiA1u6+eyUixSVClYCVQUY5v2T3OpN3eyLQDRylqzSCfyQDRtFoBwZ6pdvNpQUWmAqEJEEWIWglGwJyECG7AEjnDsU4mhaZRdygBDXkkQhAAgmk2zuSlSIgXItIku0wHbkE2kSE0gBUJLqkEoEFpCbCRCBgkclR3QAzuExzQApSExwsIAjTSKKe5u1NItADCCU2qHIUpCaQgCJ49FG5pFlTEWmPHFIAhckITvNIQpWBEeDQSP7FPcPNNdy1NCaKz\\/AHHCZQ9FIRRS7QpFNEFmvK0oHHKk22m0gTQxw7cWhLJ8oQgDuUIQuedAEJNyVAmIR7oA90h7pFIiOApIUWkTGCKPqgmkIEJSUj0RSK90ErE5S80ikIFYh8kp8kEWikAmCD5IQRaBAjzRSCEDvYnmUtH1SNSoCwpFoBtIRZQIDRSJdqRAAhCEACEIQAh4CYXEhPPYqOuLQAiEoFoQAiUWCnNb5lO2i7TAbsShlFOQhsAQhCcRMEIQpkQTLdfCco5JRHduArmygA2n0TXXS4PrL439L9GEx5OosyMryx8a5H\\/svJdZ+1u90obpmk0yyC7JcQa+g5SbUeyUYyl0j6RLiD2sFPomvReA6B9pf72wOzMGm+ZaDwupg+Pug5EO4feXP\\/8AlQAW39RyoPJH8knikn0eqOJ7D9VHuLKO4m\\/JeN6v9oXT8OESQ4crgOScmWr\\/ACAXnmpfbZ07S8h0Y0L7yAfmMc9V+qTzRXsf0Mj3R9VeJQ5BSj5r5tfOvTf20+i9TLBmtytODu\\/iNEgH5jsvaulOv+netMds+iati57CLLYn\\/MPq08j9FLzT6K3Bx7R0AscI2rL1HqnStKeRl5jYHAXtf3P0HdZeN8TunMmUxjPDT6uYaVisrbR09IVfF1bCzovExsuGZnmWvHCstcHt3AgtPYjm0WMSrQlqkDnhSARI7slIpBCAI3C0zafRSlqRAERFJp7qR\\/4lGe6AGEUm7aTyLSIAic202q791MQo3ji0rAhcE0jhPIs+yQqYELm2E1oAdxypS3lIGgH3TI+OyN7bHuoyKU7lG9hc5FkJIge3cEJ5FcITsjR2qQmkyOUPFpx7rAbbBFoB4SICwQi0JoQIQhMAq0IsJQlYCISk2kTAEIQgAQhCiAIJpCQmlIBb4SXdpOSlFJgIOxSjukujSTe2+6AH8BIXABRulawC\\/NBmYB+L8kBofutCYJmf6qTg9psB1oAVCKBPdO7IAahK5AFhACJKCWkIATaEgaE5CQAhCEwBCEUkAJQEAJU+gErlNcnqrqWdBpmFPmZDwyCBhe9x7AAWU7YqKPUHUWF01p8mXmyiKNg4BPLj6D3XgvWHWPUvxBkONhb9K019uDWuLXGPze93kPZdTHizdfTO6g1CR\\/8Ah7LdiYx4a1g8yPMlaGg9LDWnPlltuAJN+0HmQjtf\\/ZHonKccStkseOWV0jynS\\/g\\/BPE+cyOxMGH55dQlFy5Hs2\\/wt\\/fsuS6s6Xw9L24+n4wgZ+LkW9zfUnytfR2sQjVtROG0BmDiAOc0cb3VwCvHutnwfeMuYAO2Cr8rvt+4XJy8hydne4\\/H8FR5BruQ7S9PjjijL5ZDWxppqudE5c+BkDMmk5raQ0UB+S3c7p0SYjZJRumcNxHofReeax1ENEzfurneHZoBZlyVOVM1y4vjH7TP+JvWORgslbIyR0biakbJ2C8KzOocTMlc7+PESe1Ag+55Xf8AWGdJkSO3VIwiwaXm2p6dBO\\/cQw+x4\\/2SUp+Vroi4xjEmg1hocGeK2j28QUt7RerNU6eyWZumZ0+nZUbtzZseY\\/vS4s6XAwU0SR7eSN52kfU2pIssYzqheSPMFwIP6crUpyS7MzjFuqPpXpr406n1pJHHreqSMzm3\\/wAywbhP2oH\\/ANea6vRer88a7FC3KxsvA2k7gQHhwPmPJfKWi6xIyexcT\\/JzDY\\/Rdp8OupcvI6jyZ9QnYwYsbtu51Nd2W\\/DyLVS7Ofm4yTbj0fUUvxHbjtcC9sTHHnaa8\\/6LoOivjfl6PlBzZzJjtI3wSvJY9vt6L446\\/wDik+DIEOK8AAW112K9Vm9G\\/FXU8yJ2LjtlzZw8O2xsLiB+S0f1MW\\/Ay\\/0j8fI\\/XDpvqTD6p0mHPwpA+N4+Zt8sPoVrduV8j\\/ZF+ImVm9WzaHlRyxmfFdIWScbXNog19F9cntSt\\/wBGamuwItLwSgdkh\\/dAgIUaekIQOiJ\\/dMoFSuG4UmEbUCI0EBKRfKQi1GwGHsmkWnpru6EBE7uUxzb7KdB5CnYFdMcFM4UU0hFgRf1SUpCFGUyLWiGX2CE8tB5KEFZvtJYbBVmKcPHPdURJfknWfI0qGjTZo3aR3YqCKbyJ5TnZTG8Huq6ZKyXtSVVPvVvNdkozPkJ87T8WxWWhylIpZ78t7nWOE5ma4GnJeLCy5tTu3KrjLHfuo5cqxwimFluwkDgfNZvjPI7pWTvb3UvAVmme6RVmZgI7J33tt0o0xk9hChGQw+YTvHb6hFMZIgqJ2Sxo7gqF2ZuIofomkwLRIaFDJMB+Huog9zrsph7qSQrJHyud2NFVi9191LXukLL9FJIRCfmHJsICmEe0I2oIsa0cBO5HbgpaS1xSLQx8U7mCnchTiVpF7qVTalrhLxHZcYQ4GjaWiqUcjo+Apo5zuId2UKHZOD5IISNcCODackMahOpIAgBEAWlPPZKBQTAQNSpLSpWAIQlQAAWuE+N0WVN8OdSjwx\\/EkfExx5oMMjQ4mvKrtd4OyiytNg1XFmxMmMSwTNLHsd2IKi5VsaVnlnxHfF090lh6LgSD73mzw4UewixucNx\\/IcrtsiCLRtHgxIBQjjDBXc0KXIZnwdM+tnUHZ8mQMacZMccnI3hu3n8v3RrXXrNP1OLH1LFnii3gGVrbA9yuLlzNyfkejw4FCC8dj2SEYeoudQcyUg13peE6+yTU82CEOoT5Bf7fLX+5XtnU0kJ0rUNW0uWPJjdC50sTHfjoXY9+PNfP+Hqx1TXMB0YOyKDc4+juSf6hYc06R08EfLo6rVosfCiHINDm18kfGrUWt6mb4JsjsPcWvobrDqAwRPLr5BrlfH\\/XmsP1Tqd7dxLtx4vtaw4pW7N2SPjSNbJlOfpzQHbpK9VyOUZ8SRw\\/zGHydTglm1ebEx9zXfh8iVg6j1D4hJsDzLV0scmcvNH8l7JfDkREAiJ3bZfBWDqmkDHYHby0E8OB7KHTpdS6l1NuDpODPn5bgS2HHaXOP5DyXrfwU+CGf8RtW1LE16PJ0aLTSwT40jC2V5ddDnsOO66uHFPPJKC7OVmzQwxbm+jxnTtUycLPYGSiRu7s4rrdL1OfW9edpMTxiRzkGaUtssb5keq9H+0t8P8ApzoPS+nsTRcSHFznTSb3xj5pGNA5cfPleC4mrvxtWMokqSqJae6u5XHfCy\\/Scr6KsGePLx\\/UitHq+rdG6E7X26Y6DIj0pkTXnNked0h89vlf7LudC6o0Xo3H+5aThx40LXU9zRTzQ7k+ZXmGkdcS63pkmkZjibG6CW\\/mYR6FZAzcnHmbFO0vO79vOiqo5VB3FEpYvJU2ffn2VOpsLW\\/iBjTzRj7393lihlHevQ\\/ovsUGzS+DvsHdP5GudWy6tG+Qafp+O4O3A0ZHUAP6\\/ovvNo2gc8Lqxl5qziTj4NpC9gikHslUrIoae\\/CQ8pyaixjTwkItOItImwIXNrhNPdSvF8qJyiJjCmuCkpI4IChgFoIpOSOFhOwoYWgqM8FSkUmv48kxETgo3AKW7tM22VJAREikKQsQmQ8UaHISt9UgdYQDSqJkni22uxTe6TcEo7ICwPfhO2DamgWVIOAgkiPaQirTnnn2QHAeSAGi2IJJQ525CCIINeSQmijhA0PY3i00nk+iLI80IGN5Sc+qd5IA57oIibSnMFHlKBZTgyu6CQ5pq04DhNpOaCkkAoFp20HySNFlSNaSeEm6GRupgsmh6lVdXyPuOnvnB7eaNecI8BxdwO\\/1pct1DqDp9JwcZjiXzEXa53J5Dx6R2eFxFlrIzqNEnlzNNhmkFOeL5V1wLaUmFh\\/d8SGICtjAP2UroqHZa4ukkzmZac210VSEbVM6Ln2TSzaplZDXsik8oRYCMJaQrQcD5qslaSOAUmBY\\/NH1KiDyD6pHPs+iVATAUlTWH5eU5ABQQhCQAlBpIlq6QA5Z\\/UGtu6f0qfKZi5GW9rfljgZuN\\/7LSaLUOp6lBh4pDqcfRZsuRRjs18fE5zVHO9OdQyax0szU8iCXDfkklsMzdrg0drHum4+NjZ0Rly2Me3sNwtQjJk1qctbyB2aOAvJfij1Z1Z0bnTfd9IyNQ09zrBgI+X25pcGT032evxwjkyeMnVlv40aBmaT0zn5\\/S73MnDbdjsFh7fMAe6+f\\/hRlZGfjZkuZE7Hyo3bDC8UR5k\\/S\\/wCi93+HvWmf1Xiudl6dl4QPBZkx0VLrXSeMzJdM2FsbzyXNFWsGWTyK0dOOJYX49niXWehyZ+G97Dtc2yP9l8edVYU2L1jqAeKMJH60F98a\\/prWwScgAWvir4qRR4\\/Xuqcna+Njqvi+f9lTge2hZ1q2cTq8YENtNtcLIvzXK5UTHEB7SL8x3W1Nm+ICwnt2Czshwouc0Gh2PZdTEkcfK\\/wex\\/Zw606P+HOk6rkatmNxNXyJdolkZZ8Mdg3+6+idO+Juj9RaBPq2jFmVM5jo2Ma1wknI5rt29CV8TfC3q7pLQer\\/AB+sdKfqmnbajDOfBdf4i3+YL6L177XfSmkQaXh9IYTpwzIjM75cfw2xwgjcAOOaX0DgczHHjJSklXr2fOPleBmzch\\/TTd\\/\\/AEeD\\/Gt\\/Weq9SZGt9U6LlaZh0YcRpbcbGeQB8z5krybEIdOXNPc\\/qv0G6n+OvRnXOjvxYm6fm42QwxyQPnDS4Edi1wHK+Idc6HzdDyM7KfC3FwRkOEDHPBcWlx2j9P6Ll\\/J8VRrPGfkpHc+Myvw+lOHi0R6WfCzI3sdtcF7J8O\\/g91H8WNWx9P0CGPJl\\/G+3hoY01bjfkvFsB9zDyI7UvvX7A2FI\\/qp2S1pAbjkSEDiiKFrj4Y+b8Tp8iX04+SPrX4G\\/CPB+DfQWHoWKRLlEeLmZAH+ZKe9ew7Beg0nCrPqkPddmCSVI4MnbsSkqEpCmIRIQlSHkIAamnunJHIAY7kFR1XdSqN7ebQBGgi0pFJEAJtTT2T0VaAGGimn9U890hQKiFre\\/CSiO6lqkjhYUrEQu4QlI8kJgWQaTlGDSeCoAKl3JEtWgBe6W+PokApKgEJuRYSVSTugbHAUlSXSVAhpFI2pSaQEDQqKR3KewEd+yBjdtEBKW0E9CAEb2CVCUGkAKB5pwFpE7ySboBQFYjHy+6gAVpgulWSRmdQwb8MA+YK5DH0\\/75relMcf4Q5N9uCut6umkh08eEzc4g\\/kFxmlZe22TO8ORt7X+gK87y5r6yR6349P6P+z06GWKe\\/Dka+u9FOeyxwvNunZszB1GZ8sptjiHMPZd5pWuY+r7hE8GRnDgF08XJjk0+zk8rgywN+O1+SV7aUZHCsSN54UTgthyqIHR0CU0DhTEWEzYR2ClYhm1KBSVw290d0ADRZTvD5StFBL2UQEPZSDsEwG04WgB26ggmwkQgBwKVIAlQBHkPdHjSOYCXNFrz3L6gxNYysvGgzoZcrGI8aBkgL477bm9wvSo9oBLq2+d9lwmvdFaedbOpYeNHBlyg+JI1tEg8Gz59lxuZGUqpnoPjpQjdjuhMgS5M7e+wrr9QxcXIiImja8d6Itcz0xpbNFEtv3ySGyfJXtQznURdLHB+EaZ1JJSyWjOzIsfHtsUbWD0Apch1JkNe00tzOyu\\/K43XJy7dzwsWWWqOjiu0ed9X5Ahgmd2IaV8F\\/E7UHZ3XmdscSCwNPsQV9ydbOe\\/GmAPdpC+NtT6Ufm\\/EXWcTZb2RiRrj2Nn\\/qFhhJQbZryLzSSPKMp0mM8mT5RfdVsrUsR8VOmI9gF9RYfwi0PWsGMZVRxtYLrg1St6H8AOls+GYf4XtZdRyPeTvafM\\/wDRa48uCXRzpcWTvZ8ZZMET5S5jnOB7E8KGWUQN2s8+9BeqfHv4aY3wt6obh44242TCJom7ia5ojleef4e2TEbI\\/wCVp547ldOE1kVo5mTG8UqZ6D8JdH0efSDlT5WHHqEk4D58kj\\/lmj8NX3ceT+Ssu6Q6z+LurZGLoumPmwsJj5oYtwDpwOC4G\\/mefIfoovgdjdLS52dJrs0WE+IjwPGcfnab3fUigvqf7IGv6R8Qvi9m9NDADdOxYHzw5cTi0ytBAojy7+q6cIp41Fs5eWUovziuj5R6Q+EvVOqa4zBi0HPdmB+x0DsZwc09uQRwv1T+zN8F2\\/CPoqFuVGDrWa0S5j6\\/B6Rj2HP5r1\\/F0nDwQBj47GOaK3Vz+vdWj7rRiw\\/TdnPzZ5ZVTBtC0h7ovhAC3mRigpUIQAjkiUi0iAGuCaRaeeQmoAZ2QnEWmoAiPBSEWpXN3Jm0+iAGVygik7skItAEZ7opPSVygBqaU\\/akc1AmQlhJQpKQgQgNpwKiYaUg7qTAcDScmpQaUQHcko5KEWSgBe6AEnZKOR3QOhKKUAhL+aEBQhFpUIQMCpG9vdNY2+UNB3FAD0IQgAStQBaciwFaE6rSDsnN7qtuySHsF\\/VWYxZAVePvasRmuVEZV11g+6M4twvn2Xneu6e+GXfGOCLv1Xo+sQ+NiCQcln9PNc5nxRzYbY3EB+3heb5uN\\/Us9TwMi+nRzePlR5jI8XIm8DJ27Isg9nejH\\/2Ki00Zeh6lIWtMT2f5jT6rNz2VM9gNhafTWHPJi5Mksr5d7wxm82Wgdxf5qrhx+rnjfo08\\/L9Ljyr2eg6RrYz8aI5G1kjuGn1Kvub78Lyrq7UpcHUtPihcWxxA3R4srr+l+r49W34j3fx4+BZ78L1bje0eKjLSTOkIpIgm7CFWTEIBRtHolQgAQBaE4CkAIB6pUIQAIQhABacEg7pyBoZlYzcvFlhe4hsjS0kGiL8149g9UT9G6vLpGsZTsrGkcfu2ZIbB57E+X5r2iOIS8FcJ1B0fgzTPbNC17CeA7mlyeZFtpxZ6z4fNhjCeLOri\\/wD9\\/JZxcwSkEOsHmwmZ8l3SqafgxaXA2CAFrG9gTdJ+S8uC5vo16vRjZ7y1q5LVTuJ9V1eoefquV1NtbuViym3Ezz\\/qOEPDg7kFeI5fSzJtdyNWj7\\/fBA8jzjLQ039HWvaOrcsQRuJ7BcJ8MI3dT4WoxxOY90c8j3Mf3cDNX9Fz\\/bRtS6PMJddxodekwcHLbl4oJYXRn5TZ55+q906Uw4sTpsSZEgigh+YvceGtAtYOV8KNDGpzZeNp7NN2P+aXdtj47mjwF5D9on454Wn6Selensps0TARlZMTuHn\\/AEgjuo4sbcnZbnlDxVejxD7U3xIg+IHxPmfp79+n4MbcaF9fjr8TvzP9FwcHOHE3yWM9j8zLdK91lxuytlv+W0D+XhejwR8Y0eVzz85tlbOiMVOBojyX2X\\/w45Az4zzNLRbtKkId5j5mL4\\/1uHa0\\/QG19df8Oact+MYZf+ZpMtc96exbsf60jn53\\/bkfpzaRNBtOXaitHnwSjskAtOVgAhCEACCEIQAwJp7p57pCLQA0pu1OQgBiR\\/4UqFFugIh7oT7O6vJNI9OUkwG1wkpOSEWn5ANQnbUAKQDC1CcQhAFTzT2u8vNRNKVSIE458+U4BQR+ql3CkqGSBKmAik4EJDFpKD5Je6QAIGKkvhFi6VPKzGxEtabcEA3Rd8wgcrPi1RpNOFX5q9G9r+Wm0CuycCghFj1RaBgl8kCilNAJMAATh3TR2TmqsY5K0JE9pryQNEjW0pWlRpwKixlhhtpB5BHZcT1ZAcPJZtsMPLCP6Lsg7hQahpsGqQ7J2kgdnA0QsfJw\\/WhS7N\\/F5H0JW+jy3IhZKfEH\\/wBwXRaRCIcHHaOxt5WbqeiPwclzIXGZvp5rXAOPj+HVGKMM\\/ZZuFglim3NF\\/wAhyoZ4RjB3s47qgHIyIZPPc7+q5LL1jI6f6mknicWtG0n9Au31OHxmR2P5lxHWunOfqDQ38Lw0ud7Bd3H+xxG0tM9s6W6kj6h02OZvyyEW4LdHZeOdK6jLp0uO6Kw0cFvqF67iTMy4GSxngi0suPwYY5+WidHmlA4QAs5aKBSEIQAqOEicAKQA1FJdvCUBAAOAl80IQND2yFjXOAsgcLntWnM8hPkt667KGTChmJL4hZ71wsWbC8n6To8bkLDqRxcxcwqNztwpdkdGw38OY4D2cq2V0tjGCR8EkgkaLDTVFcufGyROxDl4m0jgs9hdfkuT1mN+0gArusvHFHzWFn4u9hFWVzciOrCXs8D6+ZLFBKRZNFeT\\/C3MlbgCbGmfjuikkdJM3jneeL9u\\/wCi9\\/646YytSina5whgDSTs7u48z\\/svFNI8LRPhhgzNAjc+NzifMnc5YHHtmxZG6R418efidqefmHTo87I+6tFFpkPP5L531TMflyC3HaOPzXafEPNOXqWTM5+4l1AnuuDad8zBfcro8fH7MXJybovGJsb2gDgAWntfua0V52nPYfHcfIAg\\/ol8P54GVQAslddKjjPbLGs8w893Navq7\\/h2wPk+NeI5osRaZOXew3N\\/3XydqZ3xQ15iyvsX\\/hv4rz8VsvIAJYzSntc70t7aH7fsrcSvIjNyPtxs\\/SkFKkA4CVduPRwBzUqB7IQwBKWkIIpSEWnegIkd094ACYop6GJSROTT3UrENISJx5TUm6GhHJqcU1RfYAk20ClQkIY1nHKQsNqRCAI9h9EhFKVBAKadARITyxCsA51uQ8KVmaeLVQguopfZWUZrZoty2tCH5fyktrhZ1khOLjtARRLyL0OeC6nilcZMx\\/AKxCaTmyFtUTaXiCmze38dwo5clkbLJv6LI+8Pqt1ppcXNolKifmWcnUXPdTeB7Ko6Qk2R+aEpPkpVRXdjWmyrEGS6B4IsjzCgHCUG0xqVGyc2NtG7ViGYStsLACt4srozYPHoq3EsUrNuzwlTWPD2ghOVUiYJzUjU7zSGhR3SoHZK2iaSskSpwKQd0qiOhyeHUPZRpHuph+iB9I5LJcXasPRQyPM0k9njspZzszfR7rN+gVKAWJHF12VsatI5cE4y37KGRB2Hldrleq2+LnRtA7MB\\/quxnIolczrsYfkNJHO0f3TxqmWylbK+mvELGuPcLvujNbE7zA62hw+U35rz6vCi9AAt7pyV4aJGCq5BV8l5xKVJxkerdghVcDLGdiskHLuzvqrS5dVo6a2rBCEoFoHQAc2nBCECBCEIHQJAlQgYJQUiEqGKVJH2CjCljbdfVVy6Jx6OI1vF8HKmaBQ3Gh7LAmx3PJ4Xc67j+LlPcO3\\/AEWG\\/CABK8rlj97o9dhn\\/bVnnHWGN4OhahK6gWY8jh7fKV8pdd4kuD8PNPxmP2vGO0kgevP919XfFqQ43SGptZw+WPwW15ucaH9V86fFvAdHpuxgpjGBrR6cLFk0jo4ds+F+t93357T68rmMRgOYxru1hd513phjy5HBtu8wO9rgYgYp2uI53DyXU436TnctNSOgyIPDEx8h3tVg35t18gUtLMY52I9\\/FOaHfnwqFbgGggbjS6LOatjtQYRHhvH4XMv9aX3J\\/wANDTWv6j6pynNsxYcUQd6W4n+y+Ipx4sGCD3EIoL72\\/wCGnDsn6yePwGHGBo9zblPF\\/kRn5P8AjlZ92M7JxNJAOOE4Czz2XatI4Q4CkDlCcwi+3Kg3YAXE8DlSJjCLNBPQNDXCwmAWpHGlGT6IARNIpOSORYhEw909NcEEkIRaQhKhAUMQn0ikCoYhOrn2RQQFDUqWktJ0IbSE5CegOU\\/mAQ+g7jslABKXaCeeVoMo3t2FpaspwFCkVR4QA3YAbQa44Tt1mikrugYh4R3aEoHHuiigQ2kcpxFpQKQAwWnBKGWVJQAQA0ClYb2UdCuO6e2w3sok4uixBkPjIo8ei0o5hMPl7rIaPmU8bzH24Vco2WpmsCnN5NqnDlgjnup2zivdVtFiosBPAFWAqzJ7tTRzB3CgMmApKml49U4coGgrlQ52S3Ggc53euB6qY0OT2WFqEpy5zRJY3gAJxVvYMxZtznzTuPNf1VfHN45aPM8qxrQGNilodT3nkeir4jS3Fbfchbf+pzZ7yV+CHJ+WMhYOpt3zNP8A2aW5mO4pY2oGm2fIKUNEG9mFqWTs2RN\\/E9wYF12ksGPghnAcQOVw7\\/42t4rP9ALvzXZxODNgJoUrlpFcpbOv6fy\\/uz9jv8t\\/7FdL58dl59h5b53eFE78Pc+a73FBbjxBxtwaAVhzR8XZ0ME\\/JUSgWnDhIB5pVms1AhCErCgQhFIsYITqSqQDO6UBOSVZRYCjuFMxt8+Q5TAwcFOlf4WM93sqMkkotl2KPlJL8mPkt8Yuv1VPIxxHH7la2C0ZDTY81W1BjWbpJCGRt9V59xc3o9PFqKp+jyD4i4EmsZWBp0LDITL95eB5BnIs+XzV+i4TqfoHDybdqEpndXELPlb+fmf2Xq+RL96y8rPBa2OWmRf9wdv17rmOpYgcOWWOPxZG9gOSV0eN8Z9WnM53J+WhxvtjtnyZ8W+gsc4srcLCjgiDDW1oaCfqvjbqPRH6bnysO22SWa9F+hXXk0suLK2XFkaCDw5q+O\\/ir0fNjak\\/NibeO\\/8AEK7H3XQz8KGGNwOfg+RlypfecHJDv0eN4dfZp\\/JZ8zRcP1cf0C1sOMyaDPZ5jk\\/W1mTNrZVEiMn+y5zqjpLsc14dJgtr\\/wCGRY\\/9e6\\/Qn\\/huQtg0\\/q9473jtr\\/xf7r88MUl+bjtB\\/ASP1A\\/2X6Nf8Olv\\/uvqwWTuMBFduxU8C\\/uIo5X+Jn2o3nhPAoJjRTk9dY4YvkntHA9UjW+qemIYw2e1J6RKgmJVoLQQlSHtwgCMiikSkk9+6Qi0CoakItPPZNQMYhORtQA1CdSVADEJ6AEAN2pQE4jlG1AqG0hP7ISFRyYYB9UikCKG5azIR0lA9U+uEiAGk+yUBKRyhACUEJUoFoAbSAEpFJdvKLAGhOCUMuk8DhRGg2i+yVo7pa4StCCaFDU8JAntb5KLLCSIClKw8qONvcFStFUFBjRLH3KfSYxvmpALVZIeDY7qxC8FtKu1JNMMcAjl3kPVRWyRPlS7IyG\\/iPHK5\\/MzW4TSBRkPYenun52teGXxsdvndxu8gs+DBcZPEmNu7hqtivyN\\/sZmpyG2h9l7uVdDPDhYPZQZ8bptRa0N4BFlWsg0FpfSRzIu5SZlZp+cLI1M\\/wAP+q1sogvWNqTu\\/wBFbHoqf6jmMIGXqOQ3YaAF1+XkNhY2+5poXL6ZFWsSyV3ItTaxnk5MbN1D8R\\/oP7q5rZnvykzrNNyBFkNcOHBenYUwycWKX\\/U0FeL4WoWY9x59V6z0xOJ9Ji5stsFY+QrjZ0OLKpOJroQhc86IIQlAtAwATkiWkACEobZTg3bdpgNa2+U+ueEXwlApIa7sUDlQai\\/fE2Josk+SoajmyT5TcHEP8U8ySDsweq2cPHhw4Q3duIFbnHlYcknk+yJ1McFhSyTeyGCD7nj8gbqtcN1bqr9QmOFjXJEP\\/wBRIBx\\/3B7nz9l0Oq6y7U3vx8GQFjDtknItrPUN9T+wWTJBj48exz9jBz\\/681p4\\/HjHckc\\/lcyeS4wdHDZUOROa3Bo9G81+iz8rDkiaS6OZ\\/wBG8LuJcrBaablNB7fNwkbg4+XH\\/DyWuB82utdmOStUcB4LdtnkmvvEmn5EJ00z7mFtyeS+Mvi5gappQmjnww+Elw3kXwV+iuo9L48zS2QiYe4XiPxq+CsWvaNkNxYHOJaSC38QPsjJL6kGkjVx8awyts\\/N6Bo+657GDb824D04WRkkMbCSOTHzX1W9r+mzdL9S5mmTsMJZIY3BwWHmxVjxtP4mcWF5qetM9XDe0ZOHk+FrERP4GyD9F+k3\\/DwJjxepoDxxE5p8j3C\\/MyR\\/8QHzH\\/8A1foz\\/wAOHXHZsWqx7h4b4Wgg99wI\\/sCpce\\/LZTyq+mfd4oklOA3HhRt4Kna0DsuqcQVKhCBoEpFfRAQeyRIRCO6EAMePNMUyY0fMUAMRSWkiYDUUnEIPZADUUUbgE4OFeqVgFBBQnggN5TAYBaC4fRJJJt57KnNlht8qUY2QlJInknA7cIWPkZ13yhaY4bRklnVlYtrv3Q1lqQt9UoHooDGBgpLsCdSKQSGOjocJu0+im8uUEcoQdkJFGvNODOOU\\/ZZtLtTYkM2D3QWi7T6QR7JEhKJCUCk7bYSAWkSoUBKBRSgUlASskACkYPNMUkYSGSAKVvKiZyFM0Kt9kiRv4QntTWg1ScOFEmPAWZrUGS5niRSUwCi0DkfmtQJ23cKqwknTsDl8PEbF85+Z3qrRd8w9SrORh\\/dpjX4DyD\\/ZVXf5gPdX3eyN0ig4F2a43wO6hndy7zFq24U558lRmN2rEc9OrZnzu3SFY2pG3ELTncfFf6WsrO\\/zSfRaY9GdvZjY7vCyJnn+UFYz53Zuozu8gQ0fktPNm8ETO45WRixFuOH9nOJcSrmtWZ8f62beG525vPZejdJ6w7HMTL4Joi+6810\\/IJ+V7dw\\/ddDomW5uqtjs7Wta791XONxpl2OVZLR7ZQtFKvp2owahGDE4Egct8wrYZa4z1o9AqasjpOAvsn7D6pwbSVjqkIGJxNIQmRE7pClJUM84hA43Pdw1o7koutkory6HySsiYXPcGtAuys1mpS6lKY8IbYxw6dw4\\/L1WrkRQnGEU7GyyOFuYewWTNkeBCIcTbCwCt4b2Ho0Kvxnkdei9ZMeCLclb\\/wDQ7xsTRz4bHbp38kDl7vcrL1PNys22O3RQ3+Bjq3D\\/ALR\\/sEoAxmvEDHF7vxSO5c4+5KoZOLlTGzG8j3dS1Y8UYKjkZuRkyOxJXeHC2NmUyBg4DIWcD9wsbJdCLMmTJJ9BSuTYs7QR92b9S7\\/qqUkeTGOMVlevC2wS9GF3ZnujwndmTyO9P\\/QTRPjYT933SRlc7ny7Qrc2RkRxne6OJv1C5jWdT0wy+E+N+RMe\\/hk0k7NOJX2dFjdRDLkIGwt9GushTvy2TtIv5TxR5XCY+Od5ZEDDz2b3WpA6XHe1j3HnsotGhJM+Uvt2\\/BCIaW3rjRYNk0Dg3OjjbwW+T+F8YHJGVi476\\/E7a79F+unXOgxdV9Gapps8Ymjycd8bmu87C\\/JXUNIfo2p5+lzAh2LkObXmKPC5PLgk\\/Jezs8LI5Lxfo5HIIbkuBsBr19rf8NLWnQdZanhlw8Mxg7b87PNfQn9l8Xa1E6LMmFcE3wvqP\\/h0Zz4fjRLEG2JsIj2aQ5vKxYX\\/AHFRq5K\\/tSP1haObs\\/QqVp4UcXzMBsJ7Tyuv6OESIAtDeU5KyQIItL2R5JAIgi0IQAhCRKSkQAJhjBKehADS2wmEV3Uqa5tlNAQhluTjEQO6duDSmSSj6KSVgF7b5TJcih5KvLlBo9KWXk6hVi1dHHbM88qiXMnNq+VkZWaboFVp8t0hPKrWfNb8eKjmZMzb0Ollc8+yFG59IWtJIyttm\\/SUNTwPVFLjWd1IYK9UEKTw78kbBdIsKZFRQAfRSFpB7ILeyLFX4I65S7U4M5TtoRY6GUCOEbVIWgt4CSglY6G0lDU4BAbZSGJSVP2BKGgIGDW17pwahqcO6i3Q0KBSmYP2UYFqZo44VZIc3unjumgUnNSZIeApWjgKMClIz8ISAHxNmYWOFgrCzsc481NNj1W\\/X9Fkai8tie7ufJTx7ZXkdIxpgWxm\\/NZk0vykLUn4hWNkUAfVaUYZaRSkdZKysx4dI8AgkHn2K0nHlci7Nd\\/juqQtPZzD9DQV91RTGLkmyvrP+XIB5qSOD+DG2u4Cj1IeICbsG+Vfx492NHX+kLS39qMMbjN2SY2EGjytXdKbWdku9A1tqCFrmt78+6k0qQufOfWSr\\/JVy6Lse2dvoWWIJA8vpx8gu+wMj71jtk9V43pRkGW63khp4sr0TQNZbCwxyHg9vYrn5oXtHVwzUXtnUgIWbFrMckzmO+QAXfko5dfja0uZThfcrMscn6Njyw\\/Jq2AlXN\\/+1BLq2CvVWG9QBw+YUp\\/TkQ+qjWmyGRgguaD7lZ7cs47zIx7HSH+ZxuvoqGRPFl\\/hkH081U+4GaYl85o9mt7BWxxR9lMs81pF+bOyGhxDr3dyPNZs2dktd3cnZEWLiMMk2QWNHHJq1Sdq+OOIonPA\\/nef7K5KvRmlK3tjZNWyQSBuCqzalmO\\/lc5TSa1s7MjH1Wfk9RPbYEn\\/AIQp1+xH+Rsrs2fjwpBfmFXk0iUtLpsrwW+5VXI1yaSz4r\\/\\/ABLC1DUZKdy4n1J7J7JRi5OjSyxpeGP42Zvd+ZXPalrOmwkmG3u9hS53Uc4z5FOJv0URx3O5LaHuo+Rp+l4rRck6gyPm8D+Hfn5q7puryuhd4xLnk\\/KT3WQ2ENN1ytDAi3yDj5VHb7ZDz8VR22l5nj42x\\/chfmj9qnpxnSXx51SBrdkGcwZDR5XZB\\/ov0b0uXdIQD7L4D+3vlMHxwwdg5jw2NdXuSVi5f+O2buHL+8qPnbWm\\/wAcBzdwo0V759gHJGP8ftPjJc0SQubQ5\\/mavDtWHiiIj8Xr9V7D9g7II+0Ro+OSbka7aAPSnf2K5OLU0drOv7cj9iIAPCHqOFPY4pQxH5QRyD5qZjeeV2GcBDmWO6eBaKTx2USQlcIPASpCUANRdISEWUABo+aRB4KQkDzQAqaXAGk10tdlBJMAUdiuid0oAUBmAPdVZssBZ8+fR7\\/uro42ymWVI1JcoC+VSnzx6rLlzySqcmQ5wWuGL8mKfIouZOfZNG1nvldIe6b3SWLW2EEkYZTcgL+PdNLiUOq+ErW2OVYVjEJ7meiExnVBo9EuwXVJ4baXbyuIegIwElBSltI2hAELm39UBopTbUleyAIiwEIawAKWvZFeyAGJNo9E8tRtQAwABKBSdsQAgBqWrS0lpKwEa1PASNFp4Fcd1BuySClOwcJjW1ypGhRY0KBacBSAEo79uFEkOq+FK0UKUbOSFKl6JIR5pt+gWRni2NAPmtXIIER8rWPnPuRrLUodmfK9GZl8N9lh5fBPst3NHy0sWZu4krXA5836KDYyT9SvO+ocx2m9Q5LceKSaWdwJDRx2ql6WWc9lzmVhxR5k0wYBI48upQyQnkcfB9MngzQwt\\/UV2jnJIZp8dvjsbFXaNp\\/qtPDNY0Le1NCZlW3sO581Nhjc+NpC6KVRVnPnPym2tI0HMLYxXBUWjND8eR7uxlcf3VvLNQXVABU+nJAdPIIv5yov9LHjdTNzS8ciZx7A8rYEhjdYPPqquBsEQpwc4+vknzhzQVlOg+jVxdZGRL4O0B2ynH1TYs\\/DgDo3B9h3LSey5HS9T8LqSWEnvCHAfmVo69vbKzMibua6mytHkfIq3wrRRGXs1cjVcfdUQr6pkmeCy2m7XPRsefmc4MB91aglc7hgJ8tzhQR4pFnk5D35s8MhfuLRfe07\\/H3gc2T6qCfHO63Hc5RfdyeCOE9A79EOp6pNmAFzi4N7C1QxtRyaqRxb6C1puwm0SaAVPKEUJDmsMjm\\/orVK1RmlGpeRKzxHgOc7j1KgnyY4zV7neyp5OXI5vzHYPRLiYT5\\/ndbQf1Kgy1b2OdPudtDbcfL0VXNx5slvh9mn0W5HgNjaKbQHmo5Q2Me6jVlkZuLtHO\\/4HDAd7wHHzKoZrml21g+VvZbGqZQYwsH4isGW3OpQaou+o5IhaC4kBX4T4URrhxUETA0V29VLF\\/EkHp2SINm1ojdhDnHkr87ftwz+N8a895NuY5sYH0H\\/AFX6G4M2x9\\/yhfmb9rfVf8T+MeqP3WDkPo\\/Sh\\/YrDzP8Rv8Aj95jg5\\/42JjuvuK\\/PuvZPsCQiT7TuhN27trJz9PkdyvGMM+LpDC7+V3de5\\/8PWYD7UGkB4FeBkgGub2FcaL+5UehzL+3I\\/XeB1s5VloujaqwVtFDhWomnjz5XYZ59EjQnprfNOSJgmuq0pNJpcPZAgtNLkySQAKtLkbfPhNCbolfNVqtJlAHuqk+aG+azJ86yRa0RxtmeeZI05c4A8FVJtQ47rLfkuNhRFxd3K1RxIxSzNlqfM3Dg91Vc8u7ppNJNyuSS6M7k32HfuU1LaY59HhWJMpbsc51BRk8oJtCtIiealvhMaLKkpA0FhCjkIsIQJujtA20vhlSbN3sl2riWehoiMZR4al2oDaChbHRF4ZR4Xup+fRIRaGworubSSlY2or05RbCiuQilOQivZF2FEFFG1T0mbOe6LFRHtQApNnujZ7pWFDQyxwntbXdK0bQnAWkSQJw7pAKTm8i0rJUOAtO7BI0JwFlRYxzCCOE+\\/VIBSDzwkFkOS4EtaOfVZWUwvyfYK+9w8UnuFS3NlleR5easWjLN2Z+Y2+VjzMry7rZynWSFRdDvidXJBWiL0ZZbZmllArncs\\/x5B7rpJLbwBz359FzmSC6Z\\/lyVpx9mPImlRlZYIpNwifEi93UpcoE+SXCgt0brAAcr5NRW2VwxTyP7VdGlqBDMCT2af6LH6TlL8N4vsbWrrH\\/AO1zGv5TR9VznRGQXOkiJo12STTi6J+LUk2dtC269VJkSuiiJ3Ht2tMiFFQZ0xfG4LOuzU2cFl6u\\/C64Ehcduxgr8yvR8XPErGvBsEdu9ryXqUGPqVzq5LGn+q7PQdSMmOwE80r5bKUqO0xjhyn5wInfsrg0+KrZIz62uTlc55NFJH4xqpHV9Vn\\/ANMuUjp5ceFo5e017qhkZEcfDB+apRlzBRcXFRzTAAkkWhIstdj55QBue7hZWdlyZTTHANldnKZzH5Tq3CvQKzDpbW\\/PK4hnmPMqxVFlU9oy9I00ZUm4uM5B5cey6ZmPHiss0Xf0UeORjRFrImwRD8IHc\\/VUczUOSB2RK2yMXUSXLygeB29Vl5ORsY5zj9E\\/xDICT+FY+p5Ykf4beze6aVB2UcqbcTI7ueAFWjbutx80r\\/40vo0Kfb4beEqJJ0hpbYr1UzR93i3nuflaPdNx2mR1XQ9T5KDJz2RskyT\\/AJcXyxg+ZSr0hNksuYMeo7oRNMsjvoLX5X\\/GvVTq\\/wAQ8rJPJfukIPlucT\\/dfo71PrJwOjOoNQkfROM6NhP+t3A\\/qvzA6yyDm9W6hLf89D6BcvnyqCR2vi4NycjQ0x3\\/ALqld\\/pcHUvbvsEkt+1HoVCwWz\\/\\/AOs\\/7rw7RXl+AWebmEfmAvevsExNk+1BobnEj+DO6mjz2LkQ24ndy\\/okmfr1CPLyCtN4IVaMgBWGyAi12X2cBEgQTQUTpxR8lBLk7QebQk2Df5JZJQ30Kqy5Q9VVyMwAHlZmRn815q+OJszzzKJpy57a7rOyM6z3VJ+UXKu95cbK0xxJdmSWZvomlyC8muyrmygG0DuVetdGdtvsQoRSFJFYhFppTiaTU0Jqxp7cKO1JYTWkE9lOyFUGw\\/kl2pXOrm1G6UUOVLyHodvDPqmOm5tV5J68\\/wAlC7ItOrKnNIsvmrm0KhJP7oUqK3Kz1INITwKTtoTgy+V5+z1QxCeASUuwoERlqKUoYb57Juw2lYxhF+SbspTbCjwyUAQ7UEJ9JKKY0R7UbVJttJtpAqI6QQVIQkooHQ0BLSWko4CTGNopzW0lStUQFHCczump7GkcpMB6a\\/hvCd3UWU\\/ZCfUoXYm6VlWIcuJKg2hkTiBSsQ\\/5Y9+VFkABtBT9mZ9GTkdyoIxbJR7KxKbebVHJzsfBDnzzMgb6vdSu1RnbSdsxg+WF03jAhsbSdxPfn\\/ouedqGNlTvbHKPEv8AA7g\\/oV0Odlw5kJ8F7ZhJbLY4FcHqU74JJYcwMytspa1rGETMb3DhSsxy8WV55QmlL2aOZexw7KPTWvktjRZB4Wfj5b7djySeM0N3RTE\\/5jPf3C0dDyYxlSiQ0GEcn6I5MHkimjV8bnhim8c\\/Zo6j4j9Hma8URwAuH6dyTh6vFfAc7aV32VMcnHyBQaO\\/5LzqaIxTuruHWrOPFqFMq5mWE8jcVSPU2H5FBILsd1Ho2T9+06GW7JbR+oU8rKN+anWzN6PPer8Tbqscn+qMD9Fb0STww0V2U\\/VsG50Eo7AlpVTSz8wVojrIZA4KXf8AL6KphvFAWrLyaoKpokmMdNV0SVE1j53BWGwU0uPCfGADxwE1VaAs4sAjA4Tc7J22Aef6JkmUI2EA8rIyJZsqQtYPqUKPtibLup6g2Mta1xfI4A\\/RUseB7zuffPqrjcFjS2Z7tzyAOQjInbDwOXVwB5KbIR6KWp5X3eHw2fiPksCWw088lXsyQSyOcTwFmuk3vsJEhzTsHek0OM7w1vYdymOtxDTyVZY0Y0O6v+p9EhjZ3WG47O7vxH0Houc13OGTkMxYTcUfHHm7zK09SzPueMTuHjzXXq0eZWNpOGJMjxHcMYNxtJ6Etnnnx71j\\/DuloNOadtgzyj3A4C\\/OnVJPG1rNku7kK+3ftB6w+Y5jz\\/MNrR6Cl8NCQz5uQ\\/vb3FcLnybaR6j42NRZ0GkPbHDjknjdyPal9F\\/YFxCPtPaeP\\/lY87iT5cBfOeIQMXHAb3Nfsvo\\/7DTnY32k8CZ3ImwJXNI8jQv+ixYN5Ipm\\/kvxwykfrCckAXfKYc8HzWG7OLwE0TOPmvSrEqPIvPvRsuzgPM2qc2efVUnSmlC55erFjSK5ZWyaXJvsSqznkm0tcJC1W9Ge2xt8oIspaQgY3sUovlLSECGoSuNBROeGqSIjnFROkrske+6pRPfSkiLlQ5zubTfEUL5SPZQST+6soplIsum5q1WlyasAqq\\/JN9+VXfMfzUkih5CeXIvk9lCZyVEXWEy1NIqbsldKXeZQodyE6Ee517JdoI5THzNHnyojlNH+y83TPaWiwGgDgo8iqv3wKF2aO9p+DIeSL3iNaaKQyBZr84KN2eOOVNY2ReSKNdrw5OAWRFn81auRZQPnahKDQ4zTLdeyQtseiRswcnmiFAsI9num17KarSIGQ17JNqnTXN3J2BFSAE8sI7JNp9EgEpKBZRtPopGikANDKKclRSTAAFSzXW5rPzV48BZRl8bKPFi6Uor2V5HSr8loCmgVVKplHg\\/RXqvn0WflkUU4vZCXRkTO2m1ynU\\/SkvUc7Xx5vgOaKDHMDmrqpeXKFguVqucFJVLoxOPl2cOOn2dI4mMWPfk5D5v4rxwXcHgDt5rCxMnVWmCXUfDZh0\\/GLyLf4rHV87vfkD6Lteqi9s2GI2CWXxS5sbuzq5pctpGRHnZWHDM+FsQ8Z08pyWFuQ15JA2XYNnmxwoQag6Rk5WLwUXfZz2ZBNh5PAMMbHu8OWtzNpN0fMLW0p4kcXyMAeflfXb2Kvw6a44csf+YyF74vWwD\\/ALLP06P7o+ZhG5jTt\\/Ly\\/quhqiiEvOmzayH+BjVe57xtv2XLZ2IQ\\/eW\\/VauQ6UUYXtmZX4SefyKgfOyQiKYGEkfhd\\/uiElE0Ti5LRo9F5Jb4uK4mh87bXQTAgnjhchpsgwM+N27saP0XZTG28dq4KlNbsWN2qZz2sYoyseWMizVj6rncEGN4BXW5EZK5vJi8HINCuU1sd7NvA5C0Y4+bKxcPIqgFptnpoSaH5FiRw5s8KB0waOFHJMXBREEooLHC53UrYjZhwl4aC89h6qOAsiFuI7Ws7Vtb8IVGBZ7H0RTI+SRPLnuZDGHuDpnEjaPLlVciQwRku5e7jlR6Q9zsd8rmXIX8F3euFV1LLL5ZDdtZx7WpOvRGLso5kpe\\/YDYUIdsFFMiJe7cVPHAciQNCRZZLiRGSTcVFqOcxjXOP+WzgD\\/UVZz8iPTsQgnbY7+a4zMzJc2YF3DR+FvoEqIuQ6eWTLyC9xtzv6ei2GwtwtNkL\\/lBbucfQKpp2JVPeOPdUustSdHpz4WHbuHzH0ChdliR8x\\/HXVPvLdTn\\/AAsYx1H9l8c4djce4JJX1T8eZ\\/u\\/TOdLW0yWfy8v7L5ZwnFw9V5\\/nakker+O\\/Q2dDjcYMLiOxX0r9hOIzfGeHIHLIdPno+h3NH918yNkAxYieQT2\\/JfTf\\/D+yz\\/\\/AFG1ZhAJGI+j5gF7f9ln4iTzxTNHObXHnX4P0gZlE0bVqOaz3WDDOaAV+GbhvK9i40eEUjUa+1Jwqcb781M19KplpMkItN8RHiBAx21NRvSF4QApNJu5NL+LUD5eSgi3Q6R3HdQvkI9018nHdVnTEA2rEiqUyYyhRSS+hVYz2onyEq1IzuQ+SYlQPkJSOd7qEvPKkUydiyOUZKUm0wkqaIDrTSeU0miml1DlSEKT7oTHfMBSFIKPXps6vNVH6hbjys6Sd0h7qJcpY0jvSytmkdQ91C7OJJo8KmhTUUV+cmTnNcfNRnKe5R7UilSIpv2WIstzXd1pY+d25FrGAT2uLOxUJQUicZuJ0sWZurlXosixwVyMOa5jha1cTO3OWSeGjbDNejow6wEtWqEOTuHdXGSBw7rI1RsTscQikqEiQy\\/ZKlpBHKAEQlARtSYCAWlApKgqI0Rzv2ROPoFmYQ3Oc6lezbOO4V3UGHFsjVidRZTPc0TuO1h91h6xqEWDC6SV+xo7miaW5KNrCb8l59n9bYhnlPgzOxGSmF2QQNlg0fqha6IzTa0VcrrPTpGSNgzB4tU1+0loPlao6R1xuynY2q4j9OyGOoOPzRyj\\/U13ott2iaXPI3KbiQOeeQ9jRR9\\/dTy6fj5kYZNE2RvoR2Tist3Jo57Uv+rOZ6zzMaeTSyZT91nyxjvkjNEBw7X5XVfmrWsf4HomAMOHBxJJS2ocSKNu53+w9SmdW9F4ur4UGFC7w3RyfeY47O17wDQd7WQuYlOlyYsEkGOzQfvML4pZchzRv9qsk\\/MP0U78fRkzSm3Ul6LmjY7NEGM2HKZlY2UXB\\/hvDmxydyGn0\\/2VLHyWzanlOj5ZuNAfp\\/ZROzMeDVsaMsZDM+VoLMYh0TvkLQ9te55tJhNDMubbwN5APtuP\\/VbsbtUZIP8AHo0H6fE+UPZcTv8AUzi\\/yVfJwMlzzRjlbsLWl3G2\\/M+q29MijmlLJBfFilcycLHx27vm58rRKKbo6EZyWzgP8PycOXHa2XxGNG2QO\\/qu8wJfvOmxO7uDdpWBkMjdl8C235rodGLPDcxo+TvSskqijPjlc2Ushrt3CytRxd5DwOfNdTOGsc75QLCysqMPBRFls0YkThFV8K5HO0gC7VaXH2uPCfixH9FbSaM9tMseO4\\/hCcGPdRLuFI2IMFkod85ocBRHbZBPMQ3az81RGnmeQucPl78rVEO4njhOnDcWHxJO3YN9SgEvZmGcYMOQwmnOAI9lh5by4MjvjuVLqWU7Jy6PArt5JsGGZT4jjQToSbGRRFzg1o78LQL49OxHyOPDRZJ80+CAN5HAWB1BnDKmEDD\\/AA4zz7lQLUmZWfnS6hOZJD8vk0dgnY0APLkMjb7KQzCNve1TKV6L4xLD5hDF3AAXD9YZLs6WPGjNeKaP0810b8oSyHcf4bBucuVMv3rMyst4+VgIZ7BJfgsWlZ8x\\/amyRDpcuPGbG9rDX\\/r2XzRgnbG4Hg1yvof7T8w\\/wXefxy5YA+gBXzxjeg70uBz\\/APMeq+NX9g0w4nGYQPM\\/0X1F9gbG29W6xqFODohHGTXygOJ\\/2Xy44j7pCO3Lu30X1z9gnHMWjdT57vwvyYYh\\/wDaCT\\/VVcL\\/AMiJP5J+PFkfd7XigQpoZOVnQOIiBtTMlLSPNe1VNHgW9mxHOWtHKtMyVjRz3XKsRz+6rlEnGZreMjxlQE3uneN7quixSLvjE+aHSFUvG\\/7SU5AHmgHIsPkKqzT7AU1+R35WbnZe1p5RpFMpE0mZZIBUZyA7i1z8+p7CeVLiZni\\/zKuOVN0ijzNnclJpVYp77qQyEjstadogxziPPlRuNIsgJLtTQhp5Tb5UgCNidh4kR+iUCx2UhFJLTsKGUEIcfohFi0dvuCUG0xOash1BUqRBKB2CSgkQgQ5Cai0ErBPhndG7umJKtLsj7s18fN7WVqwZYI4PC5ZjtpVvHzSKBNLPPEvRrx5WjrYcgOACnDgfNYOLmixZWjBlAngrDKDRvhNSLyFE2e\\/NPEjSatVlw5CEoURiJLTwAkICB9FPNeflaEsbCGtA4Cidc2SR\\/L2VsCiApSKFt2VdSk8OOv3Xn+VoE+HqUubhOjlhc4yOw5G8bjw4td5E0u21N\\/zEDkLKcNwNKyMVRRObvRzGMzHMpGM+TTMi7djyNph\\/I8foVqB2TG35o2SH1jd3\\/VW8oQxwPkydgiaLcXiwAshmoadMxv3fJdj+IN0Z5a0j1F8UrLrRWurI9a1WLCfj503iww45ImDmG2gj8XHcBcZHmYEeFFqOFrUMeZktkaYYmDIe9j5C8NDQbDufPj1C7XJDsiH7tlbZGyCmSN4Dx6V6\\/wBVY+54mFCZGwwwBrbL2sDaAHqpVZhzQc5dnCu0Z+nRS6hI4YUr4TGMTHjaxovtuIHzO\\/8AQWRLl4nT+HJk5c8eLiwipJJHU0Huf3JC2cxmRqeeJxNsabkYZPwxR3TSG9rPJsrgPjjoGPr3w2mhhkMjcXIbkStiO5xYCdx47nm\\/yUc2R4MUskVbS6\\/Js+O4eHlc3Fxs0vGM2k3+D0zSslrzDNE9r45AHNc02CCOCFp5n8VnsAvJPhHrRzfhxo8scxnOMHYu67vYeD\\/4SF6Rhal47Njze4d\\/RQwc6GbxbVNqw53EfB5OXjP\\/AKtozcric1x7LV0SY+JV+yx835p3DzVrSZBHICV1mrRyY6kb2eS08Kjv3XZ5V3M+aPcOQRaybO41+6qijRNjpMfePdRxxeGpA947\\/spA35hQVhR2R7C91k8KaKLeSAFMzFdI4ClO50WHEdx+Yd0mySRE4xYUG+Q\\/QLnNRzX5D3SONN\\/laPJWM7MOZL6NHABVDJaXjaBaZFtlCOLxxuJ2tab+qvB11Q+VRZLRDAQODXZQ6pquLoWkyZ2W4RwxNvnzPkB7lN9Cihut6mNOxQxrqmk4aPQeq5QSE8krMf1G3W53ZJkDg\\/sAb2jyCtMmBCyykbIot7xt78qvPJweaR4go0eVTyZDVAXah2WdDHyyPgljjFl\\/DnegVHJw\\/A097D8rTyT6rqIMAYeBGHtuR3J9VlaxjOOO+SamsDSQweQV8YlUn6R8bfakxt+lYb2GmMy+fqWlfPOGAH+9f2X0n9pp3jdMzSFpJbmRke1tcvmzGNy2B5Lz3yKrP\\/B634t3xzTncG48A8zf9F9q\\/Ykw\\/u3wm1bKcP8AOzHvb+TKXxTkA+DBx+Gz+y+4\\/siuEXwbZGBtuWThc\\/Dk+nlUh\\/J7438n1ZpuWZ8OFzjyWj+iuxnd+S5Dp7U\\/G0\\/H5shgXTYWQJL5seq9Xx+Qsq0eDa2X2u59CpmSV7FVeK7oDuF0ntC6L7Zu\\/KXx\\/dUQ+k18xF0b9lCg8i67LDTVqtLqYae6yMvMcwn+qw8vVXB3fsufnzeCsXnejrn6mK\\/ELWfn542k2uZ\\/xYjku\\/K1Wy9a3NcNy5U+fSaslV9k2dnkuO1W9LzqoE\\/kuSmzyXE7loaPlGWUX2Wbj8m5lcoV0eh4k3iAcq3vBPBWHjZIiYFbjzAfNenhmT0Q67NEm0lqKOUyC7QXW70pbU7RKSJw71Sh9KEO5Q54RQWPe79VEX8pHvUZKmkQbHuffZCiQpUQO+FhOSJLorCdfofaai0ndAhbSptIBQA5ITSbZ\\/JCAHXwk3JEIAcDaW0xOF0kBLHkujcr8GogefKyUA0TyouKkTU2ujpIdRBANq5Dlhx7rk2SvYeDwrWPnOB5Kzyw30aoZ\\/yddHkAqdkgI8lz0GfwLKuRZwNc8LJLG0bo5E9mwCLTZXbI3O9AqkWUDxdp+W\\/dBwe6prZOUtWiDDJJc4q3vpriR5Kvjgsj+qfNYgs8Wm9srjqJlZjzfuqY8\\/VWMp9uVDN1DH06ESZMrYWudtDnmhfor\\/RllthmYjM3GkgkFse3aVinEk0yNwMIyoNgZ8oG4NHHbzW+JA5oN8HztV5huamo2yN0v2OYziINKmnw3GSGrEQ7xuB8vT6LNfk5GrFoeMjNYOWwiLwoR\\/33Hl30W7qOOYhJPj\\/LKRT2js8f7r54+Nf2pdQ6O6obo\\/TONhaiMNgdnSzhzgH3zGKIogD3VHI5OPiw88j0dT4v4rk\\/MZvocVbSt30eya\\/pM\\/8Ag+QWSA5cnzyOaKBr+UegC8ug1WSGVwby78LmHmx6ELO1z7Vunw9JaFqePo0+XnajvBxN20RuadrufMX2UXwT+LLfiDruqabn6HjabqDWOyGSQtNkAgEG\\/MX3XNycrByM8MePJtm3N\\/xX5bjcbJz8mOow73vXs9B6b6ZwNL0EYelwjAgMjpwxlkBzu\\/damLg5WLOzxASPJw7EKzjC3Prta2Yml+OB+i7k+HjbjJaaPHPNkzScsjtv2zAy2O8a6U2G2nK1m4zmu7pMdlEWugnopapmq0+Li15hZGR8shrgLWxXfIR68LOz2Bt+Sh7LHtCQuL+3KuMYI9pcR6rDGb4JpgJPqVYbOZQ10hJUiNpGjLqJA2xCr8yqWU64uTyfNDpmAWFSy5y7\\/ZOhWRcA\\/RKxoL3OPAUHzPIHun5+UzTMGXIm\\/wAuNt16nyCK\\/BG62ypq0scRja4gWbIPdefdUaq\\/WcqXT8uMswyNjWf\\/AMvqptQ1GTVZcPOkcRucYXtb2ae7T\\/ZRZbBnTvxpeMmMbmO\\/1BWOFKyMJ+Umjy7IbldKaq7Gc92wG2O8nN8iuv0XXjnhrf5z5BO6j0Aa\\/pxhcA3MhsxO9f8Asn2XN\\/D1sz9ZbFYa+MkOD+\\/v+axeNSpnU7h5fg9Dxt81tDTwfRbuj6M0yCWYbiOWt8vqlxMYeICbK3oTUdNAH0U1GjP9SyjkRCWVxqwOAua6yd4WDJGPxFvP0XZmARx73cLjurIjJBK8\\/wAwpWx7K5Hx59pRnh9Fzurl+bHX5Ar5oxfxDi19SfajxvB6EgJ\\/+JmNd+XK+XMEWRzz3Xm\\/k1Wdf6PX\\/Fb4\\/wDJpPfb4GFthwJP9F9w\\/ZiidjfCbErgGWQj9V8OPc4zY5u6jv6fMvvL7MeMZvhLhUbBe8\\/uVx443knSLflX48X+T1Hp7OdFhRNJILbH7rttIzuBfmuCwI3Y5nY7nbIa+hore0\\/NLQG3yunxG8MkmeEyfk7uOfcPVTh1hYmnZW8D0WmJCQvW4\\/uRmUrJ7SP7KOyU4vB4VjAy9RHykrks0lsxs+a63UQW2uO1Z58Q8ea4vL6FHsgypbjtvdYmRkvZdk2tN43N4VHKxfEb7rzmTC5OzYij4r5HtXQaO\\/YQVjYuJTqu1sYcBjpLFialobZvDMeBV0pYM17nVdqkGuLFZxo3NF7aXosWKWmZ5K9nS4ExMYKtlx5NLHw5toAWjHJuC7eN6IPZY8Q0ml98Epjia4TLNhaVEiS2k5KRqeDZpD0TWxqErm8oSshR36ae6VJtWE6tCJw7JqcEBQEWmpyagQIQmv7IAdaFGPmICkQAJ3kmpw7JAIRZSgJUIsdAgDm0ic1AIka5w5BUrMlzD3UIPCRx\\/RQasttro1cbP7WeVrmQljG+ZF\\/quUxGmbLijB5c4D8l1LQDJwSRaxZYpOkacUnLRZaSGUlzHbY2j27Jgdbw31KbqTgHLMls1N6oyJ+XKrlYOPqEWzJjbNGDe1wvlTyncSQmM7UtNfkyezmepNK1B74DgyvbhsDhJBGTuJrg3fYeiZ0xMcaCWKfMbJI6QuZC9\\/zsFVXPv5LqXHaqORg4su90kLHPdwTt5Kio1KyTncfFlXJIcx9C18GfGroTqH4f9a6xrMmnufomqZEj4Jo\\/mZbwRRHrRPdfc0zX6aPlcXY9gEONln0PmFg6xrRkwWYOHpTtWymfKWyx\\/wAKMg8Ek8fosPyHBXOxJXTR3vgv+Qv\\/AI7nnllDzhJU1\\/70fNfRnwI1Dq34HaZP4j8HXYMiXKwxksILYz\\/IPMBxAP1+q0PgT0F1dhddy61rOlf4Rjw4skLmlmzx3OI7Nvjmz6L1TqDC6rMInycyPDiJDWwwu217ABVM3I1TF07DfkZUv3R\\/y7h+JxHc\\/wC30WPF8bgx5cbTflGv5LuZ\\/wA\\/5vI4\\/JwSxrxyXV9xT9I7CBmx9XfPK1IXHw6vsVxkOVqWg5ghzWHIxHEbJ4+SAexK63HeHbXMNtIv6r1akpdHzvDl8wnt7kxjSHfRT\\/zWmVZKaNUqZIxxaospniNJpPbdpJHU0pWBjzMDSTXZNa8tAHf6KzOQXVwqr30bHCmitigOkNuO0elqF3zvKnDTsLj58JhIY08gACyTwAk3eg\\/2OgjDTa80+IPUk8vV2NpgO3Djj3UDw9zvP8lunrvG1bVMnTNPJeyKMl+QOzjdUPb3XE\\/EVng9S4EwH4oG8\\/QlaMcalbKZyWSNRL2A0yMy8P8AmeN7Cf8AUOQp85jpY8TPjB3gAP8AqFUZIYcvGyW9uCaW3iRfxM3DP4b8Vg\\/7LuUS3ZdCKjTKWXF96gblxinj8QWHh4UGLro1DaGl42uA9fVdBiSHGlMLvwHghZeqYpxZJGgUw8jjuFl\\/c3qFrxXs7TTj4zGkc8LUjLWNF9\\/QLjeidY8Zz8OV1Ss5bfmF28WOGuB7lPTRn8XBuLG+G6Y27gDyXO9XwhmK\\/i6aaH5LsGtpvssPWcP75bSOT\\/RCE96Pi77XkL4ujtKjAoCRpcPPsV8pYNb+fRfXv2y27On4GAdpP2XyBp\\/B+oXnPk\\/838Hr\\/iP\\/AB\\/5NGT5c7Cafwvi\\/uv0M+ydpQPwj075gba535lxX55vt+ZiE\\/yxkfuV+i\\/2PpGzfCPEPZwcWi\\/ZxWPhV9Yt+VX\\/AMf+Tu8zDEOovYe0jL7eYP8A1VOAFmQBfmt7XvlyIn+ji3j3H\\/RY+IzdkEmu6v5GRQmkjxEoWjpdL+QAlbLJBtCwIZxG0c0tDGyPEI5sLrYOUukZnA1Y3buyHv2jySwgFpVHNyBE4hbv6hJWxuLSItRktnHmuYzsKTIulqZOf78Kk7UGc8ilzs+SOTSFGPszW4b4xVWq08ZaTwtb70H2BVLM1GR34gFinUYlq0yvjgB3NWtrCi3gErl4cstnG71W9j6g1jG8qvBKK2yTN+GNoAulPK6ONnCyY9SbtHI\\/VRTag13Adwup\\/VxSIPo0cfKG5bOJMHjuuSZlULB81u6XlN2d+6eDlKUqIeHs3Tym7eQiB2+uVY8M+y7sZ2g8SEBTtbQ905rGgcpQQouaRJRoicKsoT3NDj3Qn5C2dyhCFjs6aEoJLpOSJ2RoCLCanVzaSkWKhjzQTeXKUtTaN+yBUIxtJyXagikWOhEoNJEJiqhw7p9WowaS7wAokkOLfRNJ2+yjdPQ7KvJk+VpCtIt+KB5pj5hRWa7L2juojmXdFOiPmdJ05UmVLIe8beD7ldHD2Kxej8f\\/AN3STuF+I\\/gewC3HODAa791z8ruR0MPVkuIN0+49mi1WzXhz3K1iW3He\\/wD1Ggs\\/KdZPuqV2Wy0ijI7uQmxu7pJkkPcrQZr3RJJ2Cqy9qtWHnlVpzwhCkUckAg2oNNgdDhbXcjcSD7KadJCf4AAPqrYqzNM5bUcb\\/wBpOozjOB+54QBk\\/wC04+StdR6FDrelSYhAZtH8Mj+Vw7LSwsM4kcm4De95e8jzJP8AsnStscJY8dW32zNKClFp+zlsJz5tH08yNqRsfhvHuOP7K5D8lUKA8grWXithhDW2Gg3+pJVQditi0qKIxUS0ACFFdOKc0jaopTYNcILhxk2juq0soN2Upa94SNgbutxQBX2F9kC0keLzch96ViWdsbdrP2VSTK28E2f6Jf6DS7IdV1HGwIDLkyCGIdie59gF511h1VLqWkZbIWmDFLCNv8zvquW1bqCfqPqfLmMrn4rJCyGMn5WgccD3q1b1xhbos3qdo\\/8AMFthjUdvs588ry6jpFT4bsDNXf5bonNtavxUi2\\/4VOP9BaT+apdCQ+FqMFfzEj9l0XxLwjL03BKBfhSEfkjI\\/us0caFOjF0WcZunsHct4W86XwH6bnfyu\\/5eT+391xPQmV4kroSePJd2\\/FOToGbG0W+E+Mz\\/AO3lVye7OhPG6aINegdjyNmaOCUyaNupYFt\\/G0LSDBqujsceXFt\\/msTTpji5Bifxysz9muH3RTOfblO0jU4MgcbHc\\/ReyaTkMzsaOaPlrwCvJ+rNO8O5Gi2O5XT\\/AAq1sz4cmDI63wn5b8wqIun4slyIeaU0egltNqlRyMamuLu9LWb2F91Wy2b2uCuOe0fFP21otmiY7ALc+QE16cr4305tyNrtZX3F9r7TP8Q+4s3hjfEsn2\\/D\\/dfEGntLZHtHkV5z5L\\/Kn+x7D4n\\/AAUi28k5LGAWSyh9bX3\\/APY+zfD+EWKDwRLL\\/wDkvgRwEedjHyoc+9r7n+yROZPhZELstyJBf1NrmYG1l0W\\/L3\\/S3+57VrWY52G93m0h30F8\\/tay25fhusefKuZzfFgkYRbXNINfRY0G6aCMnkgAO+vmquV5zlo8SnpmziZTpHi+y6jTRbAQuW0rG3EX3XZafB4cYtdThYZeNyKk6ZdMgibfque1vLomitTPl2AgHhcfqGQZJSCbAUuU5Q0i7yjLRTzdQeIzyuXz+qDhP7Erfy2BzT9Fxes4DnyGhfKyY5TRRkhfR0+l9QjKa0gFbRk8WM23y81xmhROx9oIqvJdfHO3w6HeluVSWxY4sxM4bJLAVRmpPbxfZbOTh+MCe5Kx8rSpGsJAWPJCS3Ev8LHf4y8kC\\/0Wlj5TpK5srmdpY4Anlb2lMLqJ9FgipydBKPibMUhazngLRwc3wyBapOiqKx3UOKSMgWunjUsbRUz0LSphLGCStkAABc3o0oaxtrWky9re69Hjy\\/bsaWiaecNHdVHZzQbtZuoajtvlZI1Hc+t3KwZ+WozSRYoNo7DHnD\\/NCytPnLm90LoQzJxTKqZ6sQlcEApCbVpuBCQmk0lAWPQmX7oDkCsfVpwFKPel315oHaHpCKTPFHqgyj1QA5M7pj5gBwo\\/H90Iiye1VyJ9l8ofPTSbWfkz8KRXJ0Okzu6qvy9wKpyy\\/Nx2TN1qDyxjplP3MkkncT3pLj78iZkbBb3u2gKu91dyug6HwRPqjsl\\/+XjtsE\\/6j2\\/uqXyI9IshilJnfY0DNOxIMVnaNobfqfMpz3E\\/VRQu8Zxd5BTws3ztaPXlYn3s6y6osygRYzGe1rLncLK0c6S3n2WTO7v5qURzZVkdZKIu6je6inRG7ruVaZe2PeadSrTmwrDvfuq0o4KaCRRyDQUEG4tNHs5T5PA5UGE8Eyt8wVdEzyLDh8pHqq7+ysOKrnzUyD6KuawPi\\/JY\\/bkeS3Xt3MKxZIy0vHurYszyCI33Ty0H3TI+AnGmj6psEMklDLWdNkOe+gVLO8gEBV2uDAXHugLFnPgR2eXnsud6j1H7homXK0kSOY5rPrS1ZZHTPtcJ8QdTaMPIY138OKNw\\/OuVfjjszZJaPNulIy8b75Lyfryur6gF6bG3\\/U8A\\/uf7LB6MgrGh3DvyV02vQf8AL44Asbr\\/AG\\/6q6crkyvHCoqxnSUPh5uI4jtIKXd9XYH3npXOjrlg3LktBh8N2O70kaf3XpmfiCfT8uEiw5h4WfJ2b8Wmj536PmOLrDB5XRC9g0RoM0jHcteCCF5DiY\\/3Tqd0dVT6XrGjS\\/xmHt2SbuJ1Zq2N0Rhxjk4bjZheW\\/l5LG1vGOLlh4HBXQ5Tfu\\/Ucnk2aMPHvxR\\/oodZxBkY\\/b5lXL8lGLWjLngbqWmlhourgrm+kcl2hdUM3fKxzthI91v6bKYn7D5LN6k00xzDKiBbZskeqzyVOzZ3FxZ7RAd7Gu78WmvbYcVQ6T1Aaho8M12SwA\\/Vaz2BzDatOY4+mfKP2qsEl2l2SBLOwBw8ubIXwW2P7vquVEXbtkjm2PPlfo99pzS3ZOjYkjRy3I3X6fK4D+y\\/OnMhEPUufGDbfGdRHFrg\\/KR++L\\/Y9N8PL7JIMs\\/xMQ\\/Tj8192fZBxt3wy2NcXbclwNjtYtfDGdGWvh9i0Bffn2PsUQ\\/DtwsvL5BJR\\/Mf2XM4cfLNR0Pl6\\/pf5PV5sRwO2lXxdKDWyCuzj+\\/K6gYgc\\/so5MdsUjhXdoK7j48Ftngq0ZGHj+HJ7LbhnAZQVJwaw+6Z4pBNJ42oaRS9Mk1Ceu\\/Zc\\/lsDnEjm1a1TJLQa7qjDIZxz5LmcrJcqLoU2VZ4CR6FZeRp\\/iE9rXQcE7SPzSGJhPZLHC1ZbRzcWCIyrDpDGRytebFaG9ufZZWoY5jFjt7oyXFaJpIt47xK0KWeFpiNrIxMswuomleOYJB6qzHNOOxU7MPLxQZb7UtHTBQaiaASFWMbH2UQq440pWRn0aW7+Hwqthjw7+ilc4ltA0o3tLqAWidNaKTe0zM+QG1dn1P5Vz+IXRsKR05kNHssWXkvGqLoQb7HZ+oukdQ+iixy7d3VaSO5b8rV2NoaFyfqvy8mzesVI6DTMj5O\\/KFlYmUInc+qFsx85xVWZ5Y9nvVpqrjJsqQSgr24DnPDVGXX5qGSYbzSVsgPmhMiSF1JA+1WyJw3i1WbmC6tJziuxUzWa4gKOR5APNKGPJBb35TJ5bapWmJ3QSZO0KN2aG9jys\\/InLSQFSkyKN3ys2bPDErbIwUpM1Zc+rNqH\\/EgfOlh5GdVgKmc4grgZPmIRlSNawSOpOaC3uqeRlA9isD\\/ABPb5qCbVx2vlEvl4eOhLjtvZrSZQBPKYMweZXPP1B0jqBr3StnJHckrzOf5TJKWmbceCKOgflg8grr+hs+Nun5jnkt\\/iNF+XZeaMyHOIaOSeAF7Boejx6XoUOLQfI8eJI5wBtx\\/27Ld8Tny8nP5PpDywUYfadHhyiSBpYeHc2PNXdObb3vI4aO6xcbIlxyG8PiHAbVUt9p8LDDq2lwshesktleNut+inkSXI9Zs7rtXZXW0m\\/zVCXk\\/VTSohNlR3cKWD8aZSki4damULse+hfPKqTPvyViQg8+SqSmj3tNBIqZPZU8XjJcB3Kt5HZUWHZM13vStj7KJdl+RljuoHCrCsPHCgI3FTRGrIz+ErMyWFsrvflah7kFUc5g3AqceyuS0UGikO7FPLRaYRwfRW0VJFCVtsJKqStJFeRWnM22LPzsiPFjc91ABNEJ9GTq2YMLHLRXiv4aP7ryf4gyu\\/wALyGNJsso\\/mV32TI\\/KmfPLfo0egXnXWknjPZD\\/APNlA\\/IGz\\/ZaoLxMr+8u9KadeLCQ3yW7q2N\\/+nafLcf2CsdM4Ybiw0L4V7WcX+NFX+gk\\/qqU7ZsrSKmkY\\/8ADaK5temRs3uaT2ez+y4bS4aAvuF2+K7djYrv+wB+nCjkLYo8C6mxDg9ZyEDb8\\/ZdvpEm4MPnwsf4l4Jx+p\\/Frh1FaGjSE7PSlFP7TqdpM2tfJZNpeWOweYXV52LH9CrGQzez8kas0P6fmdVmDbKPyPP7WiOpIWeY8lF9GdKslHN52P8AdMkP8nFWZIm5eKQRfsrWsY+6Bzh3byq2A\\/5Yr5DhSratGxbRsfDuYwRZOE88sdubfoV3TmkRG\\/Ree6IPuOuRn1+Qj2PZejbdwbz7qKMU1s8V+P2M6bp+Xa3cWtDgPobX5l640x9X5oLfD\\/jmx7juv1R+LmIMnAfHVhzHWvzK+KGE7TviJqUTmbHCbm+5vzXK+VX2Qkdj4aX3yiZ2oRb5BQB7fqvvL7HGRv8AhvhbyPna5or1a7\\/qvhCRpGIx\\/m082vuL7Iz2s+GenEkjbNIAPbceVyuC0s6Z1\\/l\\/\\/Gr9z6PIDRx3WdqE22SMg9yQrMk1Mrzpc9rGSWRuN0RyF2eVk8Y2jwYT5ZMoAV2CMPZZ7rm48h00wPl6rosaSogFz+LktvyItFTOxg+7FrJf\\/AdxxS3ssgNtcxqOU0OIVuaMZSsnCl2Twyl7iSlbMTJ7KpjOL2q3HD5qUVSJx2SzOulVzYfEhNqeKTe+k+doqilJKSJ3q0cw5gY4ikyIvMhA7K5nwFkhcOykwoGvb7lUQx\\/douT+0kx4d455Kt+GWt49FYxMQhw4VmeCm9l0HiXiZ3d7MguLSFLC8PKZkMcDwkx7sWuXkn9J7LYwsukcccBQSt8NT7uFBK\\/eaXD5GT6j0aoxoiY4g2pvHG2\\/ZMray6VWVxNi1lSZpW0Suy6eBfmhUQLdyhJqipxtnvEGpF1WVb\\/xDjuuTx83bXKll1EltX+a9Vh+RXj97K3ifo3JNTaHd1NHqDdt2Fw2TqEgk7kBOZrJDeSrofI45PsqeOSOp1HUw1ppwWK3WqkrcsLO1kvFAkrOGS4mza52fnOU14FkYatnouJrDSwEuFqz\\/igc3g2vPMfUnsHJ4+qvDVflFuWlfIOMdkfA6fIyxZNrOyMz3WYzUPFaQDz6pkrzR5srzfN5uTLaRux4lHZLPlNs25VJcm+xVaRr7J9VH4TnDhcOKlJ7NDYzIzS0HnhY8uoO3\\/iWhl45APssN+M\\/xbpa442+ymTNjAyHOIN2FrRO+W1jYH8NotXJcxrG1fNKjJGui2Ojb6fg+\\/6\\/gY9WHzNsD0vle8O5d2814h8JWjP6yikPPgRvk\\/av7r24OD3ceS9l8Ji8MEpflmfM7kixhY3j5DB\\/KOT9AtXNNx0otNhEULpXfifwB7Jcl9NXcsfSM3IHyUD29VmyyOZ2FrQyTRJWbI\\/v7rTFmOaIfvbQaPH5KWFwe4m\\/JV3RB5soZAQ6mEi1ZplKtFuV1DjlVH9kkonh5HI9FWblW4h4opKP4DyFyPwqjMQxtjvYV2cgt9VRcN2QweTfm\\/NSWkR7ZouPAULeXgKaTsom8P8AzVnogRyCpKVPNbdK\\/N+K1TyxuAUkQl0ZxFJCAnuCY\\/gK6ykrZRAHHC5PPndqeW5jSfBj\\/crd1jI2Rua08nzWTHjjGxt5\\/E7kq+CpeTM2RuTUUY2pgQxuA8gvNM+J2f1BEwfMI649yeV6Lq0gEErnGhS5rpDSjm5kuU8XucSL9PJNulY4K5UdjoOF4cUYquFJrkX\\/AD0bP\\/oX\\/wCZaWBAYnNFKjrg\\/wDe7aPAxx\\/+ZVUOzU1sbp7NhPHFLpdNfv06H\\/suc391zuINsbzfYLc0SUO0+Rncsk\\/qE5bVk12cf8UMHxZoZvVixdEedkVruut8QZmlhwAttrz\\/AEu4i0X2Kgujo4ncTusSI5mHLA7kSscz9QsvRpTJpse7lzaaVqaPIQ6MhZ8UP3PN1DHqmiVzmfQ8hR9UVZNTTLGRFuaQRwQsJrDAwNH8khC6eNniQMNd1j6pB4LHvA7vB4UDTFk0rXB0GQ3v2P5LvtLmGXhRSivmHPsuL0pgycMxd3fiC6PpSTaJICeRyAosoyJGJ1\\/gHKbGxrb3CqX56fa16MydD+KuflxsBimkZQaOxrt+y\\/THV8IT5+JuArcvlT7RvRTurckZEMW+ZmZuca5DQ6lxPl8njjgjR8bk+lmcj4jdM474nUAB+pX3B9k+KSD4Y40cgr+I8i\\/dxP8AcL5e6\\/8Ah5k6Jl4M4hc2OWV18VYsAcfSv1X2p8HMKPB6M09scYY3wY3VVc7Rf7hcHBP+4mjvfJ5FPjKt2z0syeJCD7LndbdbXBarZyGkD0WZmx+ID5rq5ZecTxajbM3BNELdx5qbzwsVjWwGyVI\\/UK4tVYV49lsolzUMwlrgO65nI3SS8+q1JJfG80Y2AZ5mkDstb2yir0PwMWowSFNknwIyR2WvHhCNg44WdqUX8J1ClLpEnaRi4uUfvXfi1rSVKFjxYZab7LZxKPHmq\\/Y4S9FHKgDmEEKthgxuo8Lbmxw+lTlwix24DlWJtFj0aGJK1wUmQQGjzCyoXujd7K6JfEHPZP6zSJRplfIAJJrhQMZVnyV2aAOaoCPD7hcDmZHJm7HBUM2Eiu1pJGbQApN4IUU71y4ptmlQoY8gN4KqS0LJTpJwOAoJZLC2KOixJDLs8ITGu\\/VCrlHYvFHbM1MNd6qzHnCQd1yznOcbBVrFyXMNHsudckVKWzonASAnuqM8JaTRUuPktdH3UU+QCbRtk9MqmL\\/Vykeym8KRrw5yn8FpHa1bCbRXKFmZK4taoY847g26KuZUVA0ufyHOZJ6KcsolCjpsTIFeS0GyB472Vy2DlHiytUZYa3grP4uRanRrAN81KwMo9lhDUfK7U8WcCLBR4+IOSZeyYQWFZkuI0eVq23L8Ti0yX8Kn5UhKjLe7w+FRmc9z6WlPH5j91WZFZJKyzdEkeh\\/ArE3arqUpFbIGi\\/qT\\/svacPG8earoAW4ry34HYTnDVpgaB2R378lesOy2YkYhj5efxH1Xu\\/jE1xYmfJSns0XOFccAcAKjkzgkhI7JpndVHP3kkropDbtFad5c4+irO8uFZlbzairkq5GZqyIxm+yewUeydXqlA5CYkiOVthUJ4Gv8uVpZB44VNwv2UkQatmZMPBHJ7eqigIkmLmm7IVzNi3wvB8wsrQ4pIMh8Ulkh1j6UrFspejYlBJTA35hY5UpIJ9aSMFy0m5CS2Mmb6KnkBXJPmr2VWblWIUlozXijSr5Enht\\/orMwpx81QluRxJ8uyuStmWTpGVkRnIna09rtxVHU5L+ULXkqFjnn8RWDlO3Pc\\/y91fd6RQlW2cz1FM1rGY\\/d8x2gD91rdM6cMTGYKrhcq7J\\/xfrrBib\\/AJTY5CB60O69EhiEbGgeSMukkX4Y7bLjWBtccrD1Szqkl\\/ywAf8AmK6CEh4o91z+qgjUMknyY0X+qpj2XtbCO2Y7z6q\\/0vkeJJnw+gY4fuFnXtw2n1KZ0bkE9Q5LCbD4nUPzCs7TG9M6TVYvvGE9hHkV5uYPAmePQ0vTZeWkFcRquMIMp520C5Uro14n6NPSZflYnaxF4WriYfglhH6jj+hCh0kfKB2pX9aBdBiSAfheWH8x\\/wBEiWXpMdpf8SAt70o9VwfGxXADlN0aXZllp4Dj2W1lY9OIUHp0Sic5ochhnaD5Gl0mG37pq7XD8JI\\/dc6IDjZrgBx3XURM8eOKT0FX9EmRmbWXF\\/zuI7uNy8a6lwdmuahCWbg2d4H6\\/wDVe2bN7MR58nBeZdXBrep9RH\\/1if2C4PymN5IQ\\/ZkMb8WzidR6A03qLEijy8drw31HP\\/rhdTo2jwaTp8WPAzbGxtAIimDe6s+OAOCsGLEoocskpLxb0Nc3ab8lVyHN+bjlLPk0LulQkyCSfMeq0KJntRKmZJtvjussylz+TStahI5\\/blZzLEoJQ9A35LRt4rCQ0HuV0mnY7Y2AkLB0yQdzwthmaA3g8dlZF0Z1pl6aQbqHCydReHOpSZObtbd2VQ3mV4JFqbkOciWPHto4SEeEVaibbaSSw3zShZTGWxsTy6jStjHD28jhZzy6N1haGNkB7RZVkXZrUrKs+ng3XBVYQSMd2sLZJD01zABaPFMlHRQaXbeRwmSMDu7Vf3NaPmUL3Av9llycdS2XLI0zNdAWW7sFm5cxatnMf8hFLnMwuL6AWJ8ajWs2gi3Su4FkqZ2JKT2TdOjeX3RXQRsG2yrI4LLo51RgswXlwsIXRNawIUf6YX1zPxm7mWpwwD0pZ2HnfIpZc0Vd0vP1fQ2zSZMGDuo5MncTXKyP8QO+t3CcMpgNkqD0LybNSOSn2r7MgNb3XPO1BtDlNGph\\/F9lHods35TvaSsbLw97r81YxcwSDaSpJHCiaViVjTMpjXRGj+Ss+LtaeVBkOp1hQOm5IU06I1ZYbLfmp4JSD7LJMxa6lYhn490nTINGuJwHcGlZimLxy5YgyLoHuruNI4mlW4slEt5D7H0WbkZojsXSt5TiBa5bVMra4kfqqfDyZc5JH0h8HonYnQ7svs\\/Kmc4WPIcA\\/wBV2Gnh00hlcb28BfK2hfF3XuncaDFhyGT4cfDYJWAgD0BHK9X6S+0RpGVGzG1XFk02WuZWfPGf7he64nIwxwxxp00YpRcp2ewE2ozwqGl9Q6drkQlwMyLKjPnG61bc8V35XSTTVok9DX1+aY7yQXWbSEqaKwAtBFJ8bQU+So2EosKK8rXF35KF7OAiTLDXDcdt+q4\\/4wa3q+jfDnWs7QDWpQw+Ix4AJa0EbiAe9NsqvJlWODm\\/Rr4nGfL5EOPBpOTSt9bOmyh\\/BfXPHCpYrR9+vz7fsF8r\\/CL4n9XxfEPTG61qj9R03W\\/4bt5tjXGwCPIURXFL6sxGD7ySRyDZ\\/RZOBz486DnFVX5O3\\/yP\\/j+X\\/j+aOHJNTtWmv\\/aIMIvgbkNkO4Cdwb9CeFbiyGsc5zi1rAOXuPC4nWNRycPrCaCEP8KVrH9uLpcvqmu6lruonF2uxoQ7ZHG40Cbq78yVbk5mLG\\/FvZysXx08zUm6jV2ertz8fJc5sErJS3vtN0opbVHpfRm6LpEcUm0zkW9w8yr85Z5G10sTcops4\\/IUIzcYO0Z8zebCou\\/EQrmTNsbTe6zy7axzieVsic9q2Z2oS7jtXL9STviwpGw8uNbyPILezpxEx8jjQHNlcjqee6SYO+XY2w4HzJ7WpxTu0Jry0c\\/00AfiNp7Ow+7TmvyC9U2V34XmXSWKJviZC9hJjhwpTz3+YgL1N7OyWZ7NGNUh2GwGTkLC1yjmZZPkGcfkV0ePQHA5XNavzm5gPeox+xVcXRN9kMrtuJG2\\/wCW1n9Iz+H1PDfG5xb+xVjNdUR9m0sbRsgRa\\/ivv8Mgv9VohtMJej0jIG2Zwtc\\/rePu+auVv538PKrvaztSj3RH05WQ0Y+zM041S1M9niaPOfOPbIPyIWbiN2v9lssj8bDmjP8ANG4fsn+C2fRiGQwZUMg7OIK6+ZnjY0Ug86XHMAyNJglbzsFFdfocoy9IA7vb5KE9Ch0ZWfj0\\/fXktXRP4kT2H8XBCjy4i6EkBGiyGLJbz34SvQ2rOo0yEzRMYf5HWvL+um+D1VqAPHz3+y9U0t\\/hZW0ng8LzXrzF+8dVZzzwN4H7Lm8pWjPLqzkpMsDhqBlO\\/NWnaaDw0fmpItP2O5FuXOVlHkVAHyd04YTpDyKW1BhNAtw\\/JTOxmsFnilNKyDds5jJ02gVmS4tOFDsuj1KZrGkXQXOy50ZloEBRkkjbhwykrLuIBtr0UxftUOBNGexC1YcZkgPAQlaKci8XTKTg6UBWoYQ1o9VbZhAcVasRY3sm1RkkyKJlDsnGK2lW2QkDslEFjlRKPGmZMsYczkchVi0s\\/DwteXH5qrVY4+0kdkFkZNMrwZTmiiLUozQ40QlfByo\\/uh3bk1Jo0eY50wfwmbLPPAUjcTndSfJBtbdhStssi\\/IpTt5o0s2bEa4q9k5LWg2RazjqUccnzOFKLZthiclZcx4Q2vlpPlnDOAlx8yOWi0qZ8LJRwFNVWjNk0yn99rytCmGB6coQUKcjl8fI+Xk8JuRntaFmffGgcH91Sy80NaSV5CrO447Lb9QqTurEeZv\\/AJlyrs8vfxf+ytw5RLatRlCx1RuyZZvgpYMrc7lZDZy5wFqwyUtPCoaonWjosfMMZHK0magHMN8LkxmhrhZWhj5Hit4KsT0VyiaU+S09lAJNxTHfKznuq0k7YybNKV2QRPMW7u\\/KIpS11ErMky2uPfhTY8of5pPRPxRsscHUeFfxnDj1WG2QsAPK0MHKsixZQmiLVGrkC47XKatEOaC6zd4jFl52GHAgtVkWrG1ZxQaQ48dlMwN9OStKbTaJ44VYw+GQDVKU8hOMAxc3J06YTYuRJBKOz43Fp\\/Zdhovx16l0V7I8iWPUoB3bkN+av+8FxkrBRI7KjNGSLFKePkZce4SCUV7PorRPtBaLntYM7HnwHngkDewfpz+y9B0vqXTNaiEmDmw5IPkx4JH5L47xo+Oe6tiSbE\\/iQzPheOQ5ji0\\/suti+VmnWRWVPEn0fZbciuyizswxYz3gbiBwB5r5e0L4v9T6K9rTmnOiHGzL+f8A83f916d0z8ccDUw2LVMd2A8\\/\\/EYd7D+1hdaHOwZNeVMpeOSLOs5U8s4lmkcC02B5Up9J1CbIacQA5MMg8OSIgkFtUf2XTsbo\\/U+I50MkGU0VudEQSPqr2Bj4ukQFsLWtFc7R8xVUeLOUvLy+1ihJ42pLtHz7qX2YdSw+qcY6Jq4xunGzx5P3bIe4yRODg4gUKPbgr6ChYW5NWTTeT6rOz+s9PxXOYfEdIO7NlH91No+Q\\/Nz5pwT4JFMb\\/VX8Tj4OPOX0e2dv5b5vm\\/MY8ceXK\\/pqk63\\/AD+SDUtFxsrMZm04TsAB2mg4e6zMrpHFzsw5ZLmuJFNrgVS6Of5JCO31UZlaxlELRk+O42VuUo97\\/k8\\/HlZYqlL9iAROPEjgSPThV8qSOBptwv08yjInkfYZwD5qn93AfvldQ9yunCKikl0YJStkPzTOL3DjyVLLkppCv5WZGBsiF15+Sw9SlczGle0bi0WT6eSuVt0iKjbUUcd1PqxyNQiwozUcZ3SkefoFlTt8WZzieC6lUyS+bW5wObkIv81pFm016FdCcVBKISh4TaI+hwT1xO8eWOW2f1XpTl5x0Ob6skNUfCeD+jV6MSsOXsvitIsYgDWuPchc5nAv1HOB7Wz+i6bBbe4+y5zKF6lqH\\/fA\\/wDKFGI\\/ZiajJTHlc7hvrVGem4FbGpuphCwsVxOeD7rRDoJ9HrWrO\\/yXjuQDf5KrMfEj9yn5TzPpmFJfdgUbboUsjNEOjNa3ZKAR5rdwqppH0WbNENxNUVo6WNzdp\\/JJsufRgaJF\\/Az8V38jnho+hK3Oiciy+I+YpUvu33PV8ogcSWf1SaJIcTOJHAJ4pJ7TFDo6eeEBrx58rMxP4c7a8it\\/KYHO3Ds8WFgOAiyz7FQg\\/QnpnUsfXhSfRcb1OwT65lvNEF39l2OA7xIGCgaPIXDZeW2bUJ5Cb3PND0WHkdJGbIVBiF9cUPVSsxWsqhZU7Xh45PCcZ2NbxVhY\\/GjN4kZjEYtwCy9TzGwgkkAUrOfqDY2Gz+64LqjqJuPFIXOFjsLRKSijbx+O8skkij1H1E2IP+agPdeeTdbbsggGh7Ln+quq35mUWMd3PkVhNjkc67Nnlc2c5Tej6HxOBix4qn2evaH1Ux7wC\\/uu\\/wBJ1VkzGncCvmiHVpcB4v172u+6X604a17\\/AN1ZjyV2ef8AkPjWpOWM9+xZWuIs8laDIgTVcFcHo3UbMiNhDgT7Fdfhak17GmwFtjJSPJZMMsb2aIhAFUlfE0cpWSteE5xBHdPxKKKk0NEOHCjkg3UVcJa5tJLaWVwoeIeJQkx6bfcBNdENthTyyho5IpZmTqDIrtwH5pqJOONyJJJWsu1iahrTIA4buFm6z1EyBrjvHHuvN+outGlj\\/m59ioSkoo6\\/E4UsjR1Gs9TNhY5weuPl6yvKAsUVyE2vyZziC920qnKT+Ld281hk5S2j3fE4WKEan2e1dPa22ctAcu\\/0+Zr4x5leAdFa6HyNa7+U+vK9k0TUg5ree604pWqZ5D5ThPFNuK0dG9oHI4QopctpYKFe6Fpdnm6aPHrNWq+Qx8goc+y22aeX8UaU8Ok82Ra8ameks5qHDIu28qR0Do+QCunGmtYbLU84LHd1JsjdnJVMXjb2V+FsgZz2W43SWl10pHacAKVEkTtHNU90lc910GkQkAWl\\/wAMAddWVq4GK1gFiilFA2hmRBtbZXMaxO6Oy08LrtQaS2hyuR1XGcSQULTI0n0ZMWY976XR6bEZKXMxxFknNrpNJlIa3zVzDo2\\/BBHmpccbHX6JWfM0WmySbLpUvQk0zVx300ElSPDJRysiHNvgnup25BJ4KLoQmdG2Np4XOZh2m7W7nS7mEXa53NDvIKfZatjDJ\\/CPqqgnaSQfJOeSGH1WTPkFjibVkINoTN2GUNdY7KWeUOZ3WFi5ZeatXXSurkqXjT2LZZhLXuojlbOFjggHyXPxy7Xd1tYWVTQLUMmuiNv2ep\\/BjqFukdVOwpiBDnM2C+weOR\\/svbtRwIw7xAwbHd\\/Yr5Iiz342THNE8tljcHNcPIg2vqPoXqyDrHpnGyQW+PQjnj\\/0vrn9e69H8Vmbh9OXZRNJ9FDXMLGgxJcpsQMwAa0nmiTXmjSHnHwf4R3EEtJHsVs65pjREQWl0BIPfsVg6XgO05mREXb2OmdIw+gPl+tr0MKTtIw5bWiebLkkd845CryzTEWBx9FK\\/lx81YawOYLWy\\/Zk8W\\/ZjyOy38NbXuoxp00gLpX0Ftv2sBtZmVIZnbGXyp+Wg+nXezKydsZLYwSodTiEHT4dXzyvG4\\/mtDLxjhtBeKLgTys3qGXw9Hxm+e0u\\/ZaMa2jTxoLzPJsW5NVc7uXSE\\/ut1zKjJ9iVhaf\\/APuLTXZ11+a6jNxn42GXyNqxXe6WrO\\/uIZ\\/8sqMnoqx1YSOxgef3\\/wCi9F7kLzzofnqlp9cd\\/wDVemNiAN91hzfqJtUlRZwxTCOy5rLbsy9QJ7+J3\\/ILponU0jsuYyvmm1PngS\\/\\/AMQq4kK2clqrvlNlYuIR96tauqOOxwWLjP2zrVEsktHq+IfG6ewz\\/p4\\/dOi5UPT7vH6bbz+GQ\\/8Ar91JG6iQszVNosx9CyNI7q7pbfn9FXkNtCsYL9kjVW+i1jNYh2yueBzSycN48S6orpNVjD3lg7uj3BcmHuhyNp45RFBE9AxD9506J\\/dzeFiai0x5BNdytDpnI8SN8BN2LCi1qHbRrsVWtSobRoabK4Yspbw4Rkj60vF8TqJptxdbiebXsmmDxINg\\/maW\\/qvjzUNfl0PVM3Dld8+PM+I37Ehcvmz8GmdDg8L+sUku0e3s6ibXzO4UE\\/UzBYDqXh7+vOATIqmR1455J8WvZc98g6EPhpXs9X1nq6OKJ3z1x6rybq\\/q12SXBruFh5vUsma4tDySfNY+ZhZOU2wbtZJ5vJ7PQ8bgYuN90iljS\\/e9QO48ldVjabuj\\/EeVx+HiZGDmbpGEV7LrsTVQGgGr90eS6ia5fdLRk9R4b8WIOH1tZem6rJA8HcRRXQa7KMuJo7hcpkYpjO4cITvs0wxXH7j0vpzrJ0L2BzzXZeoaH1nHIGgus+6+YYc98BFO5C3tK6rlxy07+ythOUDhcz47Fl3E+sMTqVj2AbwtFmvtLAC4FfNeJ8Qdob\\/EIK2W\\/Epnh\\/5lFallTPM5Pipxej3z\\/HWAfiCrTdQMYCdwXhk3xOjLKbMLWfP8S2vYQ1\\/Kbyorj8XP8HtOo9UMY1zhIuP1XrRrmuIfyF5oesp894jjLjatNwsjMZzZJ7hZMvJUejqcf4yMX95D1B1u75xv3Fee6jrcuVILN2V2uqdDyvZ4nNn0XF6no78CXc5tAFZ45lkez0uDFixKonQaRiCbGa5x8uyuyYY2OO7ilhabrO2EMB4CsZGs1C6j5LfF6KJtxloi03VDp+o2018y9a6b6wjfE0F4sDnlfP0ua52Q5w7ErV07XHwOADv0VG4O0W8jBHkw32fTMfU4dGKdaF5DomsTSxst5PohJ8k8vL4yN7PXoZmFwAWpBGxwvhcZFqoa78VfVbOLrALaBXASOZsv5zmxH2WZ\\/iDA\\/aSjNyhKw8rm8uZ0cl2qZN3okonVDUo2tsFKNUjd5ri36mRwTx6oi1IueKPCsTsHFndRZDX0fNXI8hobwQuTx88hoN91a\\/xEsFkoEk+joJpw4eqxNSjskgWmw6iXu\\/EFMXiQgnn0UO9kujD+77pACDV+i29OxRGB3T24duBoK7HH4TFKxEjZw1tKvLkgWosmYM5tZc2bucBaWiJpRzW6x3CtRyO3BZ+Ed9Hta1o4+Ab\\/ADUWtEtCS9lnZQFcLRyfkYsXJyqv+ipveiaKuULjNLkdQnMchaSujysu2uBXJakfEmrdwutgjaLYpM0NInL38rovCD4+y57QoS5w9F3GPhXBZ7qrImpBJownxFgsKbHmcSG3RVzMxvlKzYt7JSB+qi6aspaNfGc5x5Nr0T4W9XDpXWmjIlMeBkUyb0B8nfl\\/RefYDS8iwtB38IX+yjj5DwzUo+ito+ptVyJpsdxY\\/wASNzdzCw2HeioF7nMF8GuR6LyPpD4sx6PhR6fqokkgi4jmYLc0ehHmPRdTJ8Wumy0EZUxvyERte24\\/NwZIKV0c6cJNnWEcpxeRX7e64HI+LuBJIyLDxZpnucGh0hDBz+q930nRMXExxL4W6URguL+aJF8LVHlYsjag7oisUu2ca3T58ltu\\/hs9T3P5LY0LTMeJkkuwFzeNzlJl8A\\/2UuEytKyXXRNgK9tuJGP66OL6ml3ZL+xpq5rq92zDA7BkJ\\/ot3XjeRJ62Grm+uHXBkV2bHS6mFU0auOv7h51ozg3VABRcPm+YWF1WoRNZgSDfvJaHG+Tfsub0M+Fn7gPmLg081wun1V7IdOl8IFjS03Z5ulHM7yFGSvKRz3Q7tvUuK7\\/XE8fuV6kyl5J0a8R6xpLrHzt7\\/UOK9W8QgAXZKpzfqJZFVf6LUYa61zef8jdR4\\/8Ain+gXT4cZNnuVz2stMf+IH\\/6n9gqolPs4HUXcHzWNA7bK6+9rW1J1Clj3Un5rVEtkvtPVOkJRLo87B5EFWSKeQVm9CSeJjZDfLaFqS8TEKqf6mOHQ8j5U+Ikdk0DjlOi4PdVFxLmZE3+J6XJX8B7XQyG+LPZc\\/rMTsfKd5crfzJPD0t0hP8Alyxu+nzAKj1ZBUgmHZwu0XWiEXbLXTeaIsmI3wun1qAPZuHY8rgNIn2vbR7L0ON\\/33TGOPLmiiq56dlrRT075Rx5FfKH2iOlnaT8QM+WBn8LMa3JbQrlw5H6hfWOG0MlcF5b8d+mv8Vz9Mygzh0Jiv6Ov+65XyesPl+Dq\\/Dcj+n5XemfG2Tj5DXVTkrMHJe3hpv6L3Vvw+hc2zHbvcJ2J0JE2U3GAF5NcpdHvnyIS6PLumelZsl+6T+i77Tuhw4A7SR6Uux03pRmO8FrOLXYYOlMjYAWALDkzuT0cTkZ\\/HpnkeqdAt2W2MX9FyOq9LTYw3MjII9l9J5GkRytogErnNV6ZYQflBSx5pRezPg5T8tnzXmYuQ2hIwgLNzI9sRBFr2\\/qDpNroXEMAIHovMdW0fw5HNAqiupDLZ7HC1nx6OCfjlzye6GYcg7cBdO3TKJFJ7dKpa\\/q6K5cR2cwI5YzVnlI8ztrly6g6YB5fskdpIdQI+gQsiRH+kfs5F5mHm79Vp9P6Fk6pO2wdq6DG6Xly5AGxnaSvSel+mGYcTAW0VRm5CUdGPPjWFWjP6Z6JbC5rnM59SF6FgdKs2h20V6UtXStKaGNLQARza2o2NjPJ7rgSzOTPL5Mz8tHMaloMfgUGC+3ZeXdZdNtfjyDZzXHC90yY2ysIpch1FpbXtd8qsxZHGRbgztyo+W5sPIwZnNo0Co5DPK2iKH9V6r1B09HvkcG9yfJc1BovjT+GGbhdcLvxzuj02PBGcfJnGwaVPkOAY27W7pnR2U+Rriw7fWl6fovRYjja4xhdvpPS0bmC2DhUz5D9HL5OdYeji+mOjnFrNzUL13TdHZi\\/wAtAIWCU22cCXKbdnk2XDt5Bop2n5EjaAKWZ4dfmpcFgLrqlXZho0Wve9tnlUM0Ak2tRgAYR5rH1B21xtOkJdmRlmn0EQlzSKSzR+M67To2eV2Anon4+jUwpnO4KujlZeO7YFdjk3fRQbEoOyeJ3huFLZw5AWiz2XPvIaQbsqeDLcx1KCY5QOrbOKsKCadyz8fJLhSuR273CLM\\/jRRyQ9\\/qbVJuM5rrcF0bccbfw2quTCOQRSfiFIhwnbXN9lvwPa6Nc347YXK5h5u9wAdym6ohVGjl1S5vUW7S4gUuie4yMJPksPNjL3IjDZJGLKLjN91zWa3\\/AJmq8+67KXCL2\\/Kuf1HT3RSbj+tLr40oqi6Jo6A1rXNtdvj7BCPRefaRKWSd11bMvZDwf3WHkMjNNE+eQTTeyzY2NMo8uUkmaHk2U6J7ZJBSweToRtYjGtYLUOW8i67qaAFzBt\\/VGRiHwzfdVoTMHKm3Ei+VCzJ2mr5CTNx3h5PZURG5rubWqKTFR1PTM4yNe0yM87smMH\\/xBfdU9QslN92gUvhHobGdN1bo0YBJdlxAf+IL7ozpP8weQ\\/2XpPiorxZVlqJgZIFpZP4OjOr+aTj9UmQ6hyoc\\/I24OLFf4t7z+QXpkrpHNhuRxGo\\/PkuvkmQLnesvmxss+oA\\/ddLKzxMpvpvJXNdWDdhze7gP3XXx9o2cdVI4XSYT4u6iP4i3dde5+BkOdxTOAFS0jHLnWfwh\\/FK91G3Zo+WRzYpKf6jDPeRnJ6L\\/AMrmaDfBuME\\/UH\\/detQRXILXkU7\\/ALvLobx\\/\\/cYzf1IXs+HHct+SpzKmjVm1RfhAjbQH5rl9eYTFnWe8v9gutAoWBZXLa8D4OX\\/\\/AJf7BUR7Mvs801IfMR+SyHHa5a2qHa998W4rHl4etC7ND2j0f4dSW549WkLoMtv\\/ADJXL\\/Dt4bMOe66zOBE115qEv1CgQxuJu1JGo4x8w9lJHySPdVFoauyumtRcO7Y936G0agBqHTuLO3zjFlWtQj8TpnVGdycd9foqPSLxqXSIjJsssJPasjHTOe06Ta6r7Fei9MTeNiSRdyRYXnPhnHyHt9Cuv6VzPCnYfU0UTVxLGzcrw56qlndZ4Dc3RY3kAmKS7+or\\/Za+ZGWZY44vhN1eIS6PlMIum7h9RyubzY\\/U48l+xHFJwypo8tfp7GcBqRulRl91S0JnN5sUo2uA918vbZ31yH+RrMFsY7WmyPEQ9PorDsgbTaxdQyvxAH9EK+yvLlci39\\/G4i0pkZkNIK5eXUTFJRsK3ialucOVZ5GeM2mT6jpzHh3y2F5j1b01sndIxho+gXrrXNnbwszVNOZkRncAfyV+PJR7L43mqB8\\/SYJicQQkGLu4pdt1HoLceQuaFgeAAeKBXRjKz0suUmriZX3M125VvTNOGRKGhtlXY8XxXbR3XVdP6CIyDtsnzpKcqWzHl5njF2xNJ0IRbTsXVYmmjaDtpaun6Q3Y2wtA4LYxS58p+R5bkc3z9lHGBibtUjWFz7pSljWk9kMeA5UeKOFOduyQw7m\\/VZ+p4IkiIq1swU40UZGN4h4Fp9EseTxdnlWtdOunJ+Xv6KnpvSjcWQO28r1SfSGu\\/lBVV2kBncBaI5XR21z2oVZlaTpzaaHBdFBhtibwFFBjtirtasOkptKUZWcfPl+pshmk8MHyQqOe5\\/PNoU6MB5FkfK0mk3CzPCfVoQhFxqOzGujtqzclwl5P5oQmgirKWzk0Erfk9rQhR9FwglIJ8+VbZOeB3KEKt9jLYuQA1SkEeznuhCSVkJMs4sxa6+wWzjZTSRaEJLbKJF5uWwDkhUNQzGc05CFeik5zKzrf3VrS8jc+7QhRfZOtHUY7tzGj1TMjD3ngWUIV0OyJA3Cc01SxtcwjtND80IWi9l+NnPMuF\\/ccLThyHysoE2hCqyk8i9luLAe8AkclXI8F0dHm0IXOsoo29KFlrXcrbOnmRt7eEIWWTdiS0YGs6cyO\\/IrmZoAx+7yQhbMTbRI674XxGbrzp4N5P32L\\/wDJfZ+b\\/lSGjd0b+iEL1nxO4P8A2ZsztMxZmB5orHz5TJqJhHaDH5Hu42UIXqMeznw7MCJt5TT7E0uX6pbuxHD1ehC6eP8AUbsHaMPS4trWCud5tO6rZs0WU3VlCFCT+850v1nDdUO+5Q6earwsiB36EFe547trWn1QhRzdRNudaiX4CZBQFn2XO9Qx7GZY8\\/Ev9ghCyx7MZ5ZrA\\/iGx5krFm\\/GKCELSuzT6O46BeGzs5813OptqRCFXLsjEph20ni1JE6yhCrLDVZH4+k5rK\\/FC8V+RXPfDCUHTpYT3IPHuhCX\\/WRWn9xW1\\/G+7ZryBQJVjR8gxubXHKEJrosbO8fIMiCCYHu2ipMhu\\/Cmb6xu\\/ohCyZV9jQqp2eRT5reebKqnUA26NoQvkj1Jo6HoY\\/ULB5WdO4vLjaELRHoXox8sWSoI8oxSAXQQhJh6Oh0rUA6gf3WpkuEkVtQhLo28abUtHH9Q4jpo3BreaXneZiz48xBaTz6IQt2KTo9rx5NxRe0GF001kfqvSdDxgwAkIQjMzD8h9vR1UJYxotRZE9A88eiELJ7PISk2zEzcvaSQo8TLMjghCGKKN7G5FqfeWhCEuxvTEORXCgml3FCE4kbZRlcWk1wo\\/HI80IVidMjbZFkW5tkclCEKfkyVH\\/\\/Z\\\"><\\/p>\",\"on_sale\":\"1\",\"skus\":{\"1\":{\"title\":\"\\u94f6\\u827264G\",\"description\":\"IphoneX \\u94f6\\u827264G\",\"price\":\"5999.00\",\"stock\":\"100\",\"id\":\"1\",\"_remove_\":\"0\"},\"2\":{\"title\":\"\\u7070\\u8272256G\",\"description\":\"IphoneX \\u7070\\u8272256G\",\"price\":\"9999.00\",\"stock\":\"90\",\"id\":\"2\",\"_remove_\":\"0\"}},\"_token\":\"I6zdtzE6pXlawvZpd1h62MRq2CqsmM8rk9ksNEPZ\",\"_method\":\"PUT\"}','2020-05-22 18:03:29','2020-05-22 18:03:29'),
	(263,1,'admin/products','GET','192.168.10.1','[]','2020-05-22 18:03:30','2020-05-22 18:03:30'),
	(264,1,'admin/products/1/edit','GET','192.168.10.1','{\"_pjax\":\"#pjax-container\"}','2020-05-22 18:03:35','2020-05-22 18:03:35'),
	(265,1,'admin/products/1','PUT','192.168.10.1','{\"title\":\"Apple\\/\\u82f9\\u679c IphoneX\",\"description\":\"<p>IphoneX\\u5546\\u54c1\\u63cf\\u8ff0<\\/p><p>IphoneX\\u5546\\u54c1\\u63cf\\u8ff0<\\/p><p>IphoneX\\u5546\\u54c1\\u63cf\\u8ff0<\\/p><p><br><\\/p>\",\"on_sale\":\"1\",\"skus\":{\"1\":{\"title\":\"\\u94f6\\u827264G\",\"description\":\"IphoneX \\u94f6\\u827264G\",\"price\":\"5999.00\",\"stock\":\"100\",\"id\":\"1\",\"_remove_\":\"0\"},\"2\":{\"title\":\"\\u7070\\u8272256G\",\"description\":\"IphoneX \\u7070\\u8272256G\",\"price\":\"9999.00\",\"stock\":\"90\",\"id\":\"2\",\"_remove_\":\"0\"}},\"_token\":\"I6zdtzE6pXlawvZpd1h62MRq2CqsmM8rk9ksNEPZ\",\"_method\":\"PUT\",\"_previous_\":\"http:\\/\\/laravel-shop.test\\/admin\\/products\"}','2020-05-22 18:04:13','2020-05-22 18:04:13'),
	(266,1,'admin/products','GET','192.168.10.1','[]','2020-05-22 18:04:14','2020-05-22 18:04:14'),
	(267,1,'admin/products','GET','192.168.10.1','[]','2020-05-22 18:04:21','2020-05-22 18:04:21'),
	(268,1,'admin/products/1/edit','GET','192.168.10.1','{\"_pjax\":\"#pjax-container\"}','2020-05-22 18:04:23','2020-05-22 18:04:23'),
	(269,1,'admin','GET','192.168.10.1','[]','2020-05-23 16:08:57','2020-05-23 16:08:57'),
	(270,1,'admin/products','GET','192.168.10.1','{\"_pjax\":\"#pjax-container\"}','2020-05-23 16:09:01','2020-05-23 16:09:01'),
	(271,1,'admin/products/1/edit','GET','192.168.10.1','{\"_pjax\":\"#pjax-container\"}','2020-05-23 16:09:05','2020-05-23 16:09:05'),
	(272,1,'admin/products/1','PUT','192.168.10.1','{\"title\":\"Apple\\/\\u82f9\\u679c IphoneX\",\"description\":\"<p>IphoneX\\u5546\\u54c1\\u63cf\\u8ff0<\\/p><p>IphoneX\\u5546\\u54c1\\u63cf\\u8ff0<\\/p><p>IphoneX\\u5546\\u54c1\\u63cf\\u8ff0<\\/p><p><br><\\/p>\",\"on_sale\":\"0\",\"skus\":{\"1\":{\"title\":\"\\u94f6\\u827264G\",\"description\":\"IphoneX \\u94f6\\u827264G\",\"price\":\"5999.00\",\"stock\":\"100\",\"id\":\"1\",\"_remove_\":\"0\"},\"2\":{\"title\":\"\\u7070\\u8272256G\",\"description\":\"IphoneX \\u7070\\u8272256G\",\"price\":\"9999.00\",\"stock\":\"90\",\"id\":\"2\",\"_remove_\":\"0\"}},\"_token\":\"UId4kCcgKNu7ukn7mvIIbAhFnW1uGQzk8gdWLgGR\",\"_method\":\"PUT\",\"_previous_\":\"http:\\/\\/laravel-shop.test\\/admin\\/products\"}','2020-05-23 16:09:11','2020-05-23 16:09:11'),
	(273,1,'admin/products','GET','192.168.10.1','[]','2020-05-23 16:09:12','2020-05-23 16:09:12'),
	(274,1,'admin/products','GET','192.168.10.1','[]','2020-05-23 16:10:44','2020-05-23 16:10:44'),
	(275,1,'admin/products','GET','192.168.10.1','{\"page\":\"2\",\"_pjax\":\"#pjax-container\"}','2020-05-23 16:10:51','2020-05-23 16:10:51'),
	(276,1,'admin/products','GET','192.168.10.1','{\"_pjax\":\"#pjax-container\",\"page\":\"1\"}','2020-05-23 16:10:54','2020-05-23 16:10:54'),
	(277,1,'admin/products','GET','192.168.10.1','{\"_pjax\":\"#pjax-container\",\"page\":\"1\",\"per_page\":\"10\"}','2020-05-23 16:11:00','2020-05-23 16:11:00'),
	(278,1,'admin/products','GET','192.168.10.1','{\"page\":\"1\",\"per_page\":\"10\"}','2020-05-23 16:11:05','2020-05-23 16:11:05'),
	(279,1,'admin/products','GET','192.168.10.1','{\"_pjax\":\"#pjax-container\"}','2020-05-23 16:19:02','2020-05-23 16:19:02'),
	(280,1,'admin/products','GET','192.168.10.1','[]','2020-05-23 16:35:19','2020-05-23 16:35:19'),
	(281,1,'admin/products','GET','192.168.10.1','[]','2020-05-23 16:37:03','2020-05-23 16:37:03'),
	(282,1,'admin/products','GET','192.168.10.1','[]','2020-05-23 17:31:59','2020-05-23 17:31:59'),
	(283,1,'admin','GET','192.168.10.1','{\"_pjax\":\"#pjax-container\"}','2020-05-23 17:32:03','2020-05-23 17:32:03'),
	(284,1,'admin/products','GET','192.168.10.1','{\"_pjax\":\"#pjax-container\"}','2020-05-23 17:32:05','2020-05-23 17:32:05'),
	(285,1,'admin/products','GET','192.168.10.1','[]','2020-05-23 17:52:10','2020-05-23 17:52:10'),
	(286,1,'admin/products','GET','192.168.10.1','[]','2020-05-23 18:22:56','2020-05-23 18:22:56'),
	(287,1,'admin','GET','192.168.10.1','[]','2020-05-25 11:37:26','2020-05-25 11:37:26'),
	(288,1,'admin/products','GET','192.168.10.1','{\"_pjax\":\"#pjax-container\"}','2020-05-25 11:37:30','2020-05-25 11:37:30'),
	(289,1,'admin/users','GET','192.168.10.1','{\"_pjax\":\"#pjax-container\"}','2020-05-25 11:37:36','2020-05-25 11:37:36'),
	(290,1,'admin/products','GET','192.168.10.1','{\"_pjax\":\"#pjax-container\"}','2020-05-25 11:37:39','2020-05-25 11:37:39'),
	(291,1,'admin/products','GET','192.168.10.1','{\"_pjax\":\"#pjax-container\",\"page\":\"2\"}','2020-05-25 11:37:42','2020-05-25 11:37:42'),
	(292,1,'admin/products','GET','192.168.10.1','{\"page\":\"2\"}','2020-05-25 11:44:25','2020-05-25 11:44:25'),
	(293,1,'admin/products','GET','192.168.10.1','{\"page\":\"2\"}','2020-05-25 14:49:11','2020-05-25 14:49:11'),
	(294,1,'admin/products','GET','192.168.10.1','{\"page\":\"2\"}','2020-05-25 14:50:08','2020-05-25 14:50:08'),
	(295,1,'admin/products/create','GET','192.168.10.1','{\"_pjax\":\"#pjax-container\"}','2020-05-25 14:50:11','2020-05-25 14:50:11'),
	(296,1,'admin/products','GET','192.168.10.1','{\"_pjax\":\"#pjax-container\"}','2020-05-25 14:50:14','2020-05-25 14:50:14'),
	(297,1,'admin/products/create','GET','192.168.10.1','{\"_pjax\":\"#pjax-container\"}','2020-05-25 14:50:17','2020-05-25 14:50:17'),
	(298,1,'admin/products','GET','192.168.10.1','{\"_pjax\":\"#pjax-container\"}','2020-05-25 14:50:31','2020-05-25 14:50:31'),
	(299,1,'admin/products/1/edit','GET','192.168.10.1','{\"_pjax\":\"#pjax-container\"}','2020-05-25 14:50:34','2020-05-25 14:50:34'),
	(300,1,'admin/products','GET','192.168.10.1','{\"_pjax\":\"#pjax-container\"}','2020-05-25 14:50:44','2020-05-25 14:50:44'),
	(301,1,'admin/products','GET','192.168.10.1','[]','2020-05-25 15:27:52','2020-05-25 15:27:52'),
	(302,1,'admin/users','GET','192.168.10.1','{\"_pjax\":\"#pjax-container\"}','2020-05-25 15:28:10','2020-05-25 15:28:10'),
	(303,1,'admin/products','GET','192.168.10.1','{\"_pjax\":\"#pjax-container\"}','2020-05-25 15:28:23','2020-05-25 15:28:23'),
	(304,1,'admin/products/1/edit','GET','192.168.10.1','{\"_pjax\":\"#pjax-container\"}','2020-05-25 15:28:35','2020-05-25 15:28:35'),
	(305,1,'admin/products/1/edit','GET','192.168.10.1','[]','2020-05-25 18:02:25','2020-05-25 18:02:25'),
	(306,1,'admin/products','GET','192.168.10.1','{\"_pjax\":\"#pjax-container\"}','2020-05-25 18:02:30','2020-05-25 18:02:30'),
	(307,1,'admin/products/5/edit','GET','192.168.10.1','{\"_pjax\":\"#pjax-container\"}','2020-05-25 18:02:38','2020-05-25 18:02:38'),
	(308,1,'admin/products/5','PUT','192.168.10.1','{\"title\":\"sunt\",\"description\":\"<p>Ea animi id et dolorum.<\\/p>\",\"on_sale\":\"0\",\"skus\":{\"12\":{\"title\":\"dolore\",\"description\":\"Et totam ea voluptatem sint sint perferendis facere in.\",\"price\":\"4785.00\",\"stock\":\"81162\",\"id\":\"12\",\"_remove_\":\"0\"},\"13\":{\"title\":\"error\",\"description\":\"Culpa debitis aut repudiandae expedita est magni omnis.\",\"price\":\"3465.00\",\"stock\":\"10178\",\"id\":\"13\",\"_remove_\":\"0\"},\"14\":{\"title\":\"expedita\",\"description\":\"Illo amet qui porro facere iste debitis harum.\",\"price\":\"6171.00\",\"stock\":\"46389\",\"id\":\"14\",\"_remove_\":\"0\"}},\"_token\":\"CB6giQSCE6jjLcgV1QtNTN47RtEP3kVa3EK9Lnaa\",\"_method\":\"PUT\",\"_previous_\":\"http:\\/\\/laravel-shop.test\\/admin\\/products\"}','2020-05-25 18:02:50','2020-05-25 18:02:50'),
	(309,1,'admin/products','GET','192.168.10.1','[]','2020-05-25 18:02:50','2020-05-25 18:02:50'),
	(310,1,'admin/products/2/edit','GET','192.168.10.1','{\"_pjax\":\"#pjax-container\"}','2020-05-25 18:21:34','2020-05-25 18:21:34'),
	(311,1,'admin/products/2','PUT','192.168.10.1','{\"title\":\"aut\",\"description\":\"<p>Recusandae possimus soluta nesciunt nisi.<\\/p>\",\"on_sale\":\"0\",\"skus\":{\"3\":{\"title\":\"est\",\"description\":\"Accusamus nihil molestiae et eaque ipsum et.\",\"price\":\"3916.00\",\"stock\":\"21227\",\"id\":\"3\",\"_remove_\":\"0\"},\"4\":{\"title\":\"sunt\",\"description\":\"Quod ab vero dolorem.\",\"price\":\"7772.00\",\"stock\":\"99149\",\"id\":\"4\",\"_remove_\":\"0\"},\"5\":{\"title\":\"corporis\",\"description\":\"Corporis sit totam ad.\",\"price\":\"8174.00\",\"stock\":\"78119\",\"id\":\"5\",\"_remove_\":\"0\"}},\"_token\":\"CB6giQSCE6jjLcgV1QtNTN47RtEP3kVa3EK9Lnaa\",\"_method\":\"PUT\",\"_previous_\":\"http:\\/\\/laravel-shop.test\\/admin\\/products\"}','2020-05-25 18:21:38','2020-05-25 18:21:38'),
	(312,1,'admin/products','GET','192.168.10.1','[]','2020-05-25 18:21:39','2020-05-25 18:21:39'),
	(313,1,'admin','GET','192.168.10.1','[]','2020-05-26 18:03:52','2020-05-26 18:03:52'),
	(314,1,'admin/products','GET','192.168.10.1','{\"_pjax\":\"#pjax-container\"}','2020-05-26 18:03:55','2020-05-26 18:03:55'),
	(315,1,'admin/products/2/edit','GET','192.168.10.1','{\"_pjax\":\"#pjax-container\"}','2020-05-26 18:04:01','2020-05-26 18:04:01'),
	(316,1,'admin','GET','192.168.10.1','[]','2020-05-28 10:49:16','2020-05-28 10:49:16'),
	(317,1,'admin','GET','192.168.10.1','[]','2020-05-28 11:55:43','2020-05-28 11:55:43'),
	(318,1,'admin/users','GET','192.168.10.1','{\"_pjax\":\"#pjax-container\"}','2020-05-28 11:55:46','2020-05-28 11:55:46'),
	(319,1,'admin/products','GET','192.168.10.1','{\"_pjax\":\"#pjax-container\"}','2020-05-28 11:55:50','2020-05-28 11:55:50'),
	(320,1,'admin','GET','192.168.10.1','[]','2020-05-29 09:14:07','2020-05-29 09:14:07'),
	(321,1,'admin','GET','192.168.10.1','[]','2020-05-29 10:20:27','2020-05-29 10:20:27'),
	(322,1,'admin','GET','192.168.10.1','[]','2020-05-29 10:21:08','2020-05-29 10:21:08'),
	(323,1,'admin/auth/roles','GET','192.168.10.1','{\"_pjax\":\"#pjax-container\"}','2020-05-29 10:21:15','2020-05-29 10:21:15'),
	(324,1,'admin/auth/menu','GET','192.168.10.1','{\"_pjax\":\"#pjax-container\"}','2020-05-29 10:21:17','2020-05-29 10:21:17'),
	(325,1,'admin/auth/menu','POST','192.168.10.1','{\"parent_id\":\"0\",\"title\":\"\\u8ba2\\u5355\\u7ba1\\u7406\",\"icon\":\"fa-rmb\",\"uri\":\"\\/orders\",\"roles\":[null],\"permission\":null,\"_token\":\"hunu45EE6RjdtHh1xRwP3lTgQGkuXDbhwOlyRMDX\"}','2020-05-29 10:21:47','2020-05-29 10:21:47'),
	(326,1,'admin/auth/menu','GET','192.168.10.1','[]','2020-05-29 10:21:48','2020-05-29 10:21:48'),
	(327,1,'admin/auth/menu','POST','192.168.10.1','{\"_token\":\"hunu45EE6RjdtHh1xRwP3lTgQGkuXDbhwOlyRMDX\",\"_order\":\"[{\\\"id\\\":1},{\\\"id\\\":8},{\\\"id\\\":9},{\\\"id\\\":10},{\\\"id\\\":2,\\\"children\\\":[{\\\"id\\\":3},{\\\"id\\\":4},{\\\"id\\\":5},{\\\"id\\\":6},{\\\"id\\\":7}]}]\"}','2020-05-29 10:21:59','2020-05-29 10:21:59'),
	(328,1,'admin/auth/menu','GET','192.168.10.1','{\"_pjax\":\"#pjax-container\"}','2020-05-29 10:22:00','2020-05-29 10:22:00'),
	(329,1,'admin/auth/menu','GET','192.168.10.1','[]','2020-05-29 10:22:03','2020-05-29 10:22:03'),
	(330,1,'admin/orders','GET','192.168.10.1','{\"_pjax\":\"#pjax-container\"}','2020-05-29 10:22:06','2020-05-29 10:22:06'),
	(331,1,'admin/orders','GET','192.168.10.1','[]','2020-05-29 10:22:25','2020-05-29 10:22:25'),
	(332,1,'admin/orders','GET','192.168.10.1','{\"_sort\":{\"column\":\"total_amount\",\"type\":\"desc\"},\"_pjax\":\"#pjax-container\"}','2020-05-29 10:30:00','2020-05-29 10:30:00'),
	(333,1,'admin/orders','GET','192.168.10.1','{\"_sort\":{\"column\":\"total_amount\",\"type\":\"asc\"},\"_pjax\":\"#pjax-container\"}','2020-05-29 10:30:02','2020-05-29 10:30:02'),
	(334,1,'admin/orders','GET','192.168.10.1','{\"_sort\":{\"column\":\"total_amount\",\"type\":\"desc\"},\"_pjax\":\"#pjax-container\"}','2020-05-29 10:30:06','2020-05-29 10:30:06'),
	(335,1,'admin/orders','GET','192.168.10.1','{\"_sort\":{\"column\":\"total_amount\",\"type\":\"desc\"}}','2020-05-29 10:30:23','2020-05-29 10:30:23'),
	(336,1,'admin/orders','GET','192.168.10.1','{\"_pjax\":\"#pjax-container\"}','2020-05-29 10:30:27','2020-05-29 10:30:27'),
	(337,1,'admin','GET','192.168.10.1','[]','2020-05-29 11:07:48','2020-05-29 11:07:48'),
	(338,1,'admin/orders','GET','192.168.10.1','[]','2020-05-29 11:11:00','2020-05-29 11:11:00'),
	(339,1,'admin/orders/9','GET','192.168.10.1','{\"_pjax\":\"#pjax-container\"}','2020-05-29 11:11:04','2020-05-29 11:11:04'),
	(340,1,'admin/orders/9','GET','192.168.10.1','[]','2020-05-29 11:30:59','2020-05-29 11:30:59'),
	(341,1,'admin/orders','GET','192.168.10.1','{\"_pjax\":\"#pjax-container\"}','2020-05-29 11:31:02','2020-05-29 11:31:02'),
	(342,1,'admin/orders/9','GET','192.168.10.1','{\"_pjax\":\"#pjax-container\"}','2020-05-29 11:31:06','2020-05-29 11:31:06'),
	(343,1,'admin/orders','GET','192.168.10.1','{\"_pjax\":\"#pjax-container\"}','2020-05-29 11:31:11','2020-05-29 11:31:11'),
	(344,1,'admin/orders/9','GET','192.168.10.1','{\"_pjax\":\"#pjax-container\"}','2020-05-29 11:31:14','2020-05-29 11:31:14'),
	(345,1,'admin/orders/9','GET','192.168.10.1','[]','2020-05-29 11:58:08','2020-05-29 11:58:08'),
	(346,1,'admin/orders/9','GET','192.168.10.1','[]','2020-05-29 13:03:01','2020-05-29 13:03:01'),
	(347,1,'admin/orders/9/ship','POST','192.168.10.1','{\"_token\":\"hunu45EE6RjdtHh1xRwP3lTgQGkuXDbhwOlyRMDX\",\"express_company\":null,\"express_no\":null}','2020-05-29 13:03:03','2020-05-29 13:03:03'),
	(348,1,'admin/orders/9','GET','192.168.10.1','[]','2020-05-29 13:04:02','2020-05-29 13:04:02'),
	(349,1,'admin/orders/9/ship','POST','192.168.10.1','{\"_token\":\"hunu45EE6RjdtHh1xRwP3lTgQGkuXDbhwOlyRMDX\",\"express_company\":null,\"express_no\":null}','2020-05-29 13:04:05','2020-05-29 13:04:05'),
	(350,1,'admin/orders/9','GET','192.168.10.1','[]','2020-05-29 13:04:22','2020-05-29 13:04:22'),
	(351,1,'admin/orders/9/ship','POST','192.168.10.1','{\"_token\":\"hunu45EE6RjdtHh1xRwP3lTgQGkuXDbhwOlyRMDX\",\"express_company\":null,\"express_no\":null}','2020-05-29 13:04:24','2020-05-29 13:04:24'),
	(352,1,'admin/orders/9','GET','192.168.10.1','[]','2020-05-29 13:06:05','2020-05-29 13:06:05'),
	(353,1,'admin/orders/9/ship','POST','192.168.10.1','{\"_token\":\"hunu45EE6RjdtHh1xRwP3lTgQGkuXDbhwOlyRMDX\",\"express_company\":null,\"express_no\":null}','2020-05-29 13:06:08','2020-05-29 13:06:08'),
	(354,1,'admin/orders/9','GET','192.168.10.1','[]','2020-05-29 13:06:09','2020-05-29 13:06:09'),
	(355,1,'admin/orders/9','GET','192.168.10.1','[]','2020-05-29 13:06:12','2020-05-29 13:06:12'),
	(356,1,'admin/orders/9/ship','POST','192.168.10.1','{\"_token\":\"hunu45EE6RjdtHh1xRwP3lTgQGkuXDbhwOlyRMDX\",\"express_company\":null,\"express_no\":null}','2020-05-29 13:06:15','2020-05-29 13:06:15'),
	(357,1,'admin/orders/9','GET','192.168.10.1','[]','2020-05-29 13:06:16','2020-05-29 13:06:16'),
	(358,1,'admin/orders/9','GET','192.168.10.1','[]','2020-05-29 13:06:23','2020-05-29 13:06:23'),
	(359,1,'admin/orders/9/ship','POST','192.168.10.1','{\"_token\":\"hunu45EE6RjdtHh1xRwP3lTgQGkuXDbhwOlyRMDX\",\"express_company\":null,\"express_no\":null}','2020-05-29 13:06:26','2020-05-29 13:06:26'),
	(360,1,'admin/orders/9','GET','192.168.10.1','[]','2020-05-29 13:06:26','2020-05-29 13:06:26'),
	(361,1,'admin/orders/9/ship','POST','192.168.10.1','{\"_token\":\"hunu45EE6RjdtHh1xRwP3lTgQGkuXDbhwOlyRMDX\",\"express_company\":\"\\u987a\\u4e30\",\"express_no\":\"12345678\"}','2020-05-29 13:06:45','2020-05-29 13:06:45'),
	(362,1,'admin/orders/9','GET','192.168.10.1','[]','2020-05-29 13:06:46','2020-05-29 13:06:46'),
	(363,1,'admin/orders','GET','192.168.10.1','{\"_pjax\":\"#pjax-container\"}','2020-05-29 13:06:53','2020-05-29 13:06:53'),
	(364,1,'admin/orders/9','GET','192.168.10.1','{\"_pjax\":\"#pjax-container\"}','2020-05-29 13:07:03','2020-05-29 13:07:03'),
	(365,1,'admin/orders/9','GET','192.168.10.1','[]','2020-05-29 13:09:55','2020-05-29 13:09:55'),
	(366,1,'admin/orders/9','GET','192.168.10.1','[]','2020-05-29 13:10:17','2020-05-29 13:10:17'),
	(367,1,'admin/orders/9','GET','192.168.10.1','[]','2020-05-29 13:24:27','2020-05-29 13:24:27'),
	(368,1,'admin/orders/9','GET','192.168.10.1','[]','2020-05-29 13:29:34','2020-05-29 13:29:34'),
	(369,1,'admin/orders/9','GET','192.168.10.1','[]','2020-05-29 14:36:40','2020-05-29 14:36:40'),
	(370,1,'admin/auth/menu','GET','192.168.10.1','{\"_pjax\":\"#pjax-container\"}','2020-05-29 14:36:44','2020-05-29 14:36:44'),
	(371,1,'admin/auth/menu','GET','192.168.10.1','[]','2020-05-29 14:37:35','2020-05-29 14:37:35'),
	(372,1,'admin/auth/setting','GET','192.168.10.1','{\"_pjax\":\"#pjax-container\"}','2020-05-29 14:37:38','2020-05-29 14:37:38'),
	(373,1,'admin','GET','192.168.10.1','{\"_pjax\":\"#pjax-container\"}','2020-05-29 14:37:41','2020-05-29 14:37:41'),
	(374,1,'admin/users','GET','192.168.10.1','{\"_pjax\":\"#pjax-container\"}','2020-05-29 14:37:43','2020-05-29 14:37:43'),
	(375,1,'admin/products','GET','192.168.10.1','{\"_pjax\":\"#pjax-container\"}','2020-05-29 14:37:49','2020-05-29 14:37:49'),
	(376,1,'admin/products/6/edit','GET','192.168.10.1','{\"_pjax\":\"#pjax-container\"}','2020-05-29 14:37:53','2020-05-29 14:37:53'),
	(377,1,'admin/orders','GET','192.168.10.1','{\"_pjax\":\"#pjax-container\"}','2020-05-29 14:38:00','2020-05-29 14:38:00'),
	(378,1,'admin/orders/9','GET','192.168.10.1','{\"_pjax\":\"#pjax-container\"}','2020-05-29 14:38:03','2020-05-29 14:38:03'),
	(379,1,'admin/orders/9','GET','192.168.10.1','[]','2020-05-29 14:39:12','2020-05-29 14:39:12'),
	(380,1,'admin/orders/9','GET','192.168.10.1','[]','2020-05-29 17:32:24','2020-05-29 17:32:24'),
	(381,1,'admin/orders','GET','192.168.10.1','{\"_pjax\":\"#pjax-container\"}','2020-05-29 17:32:27','2020-05-29 17:32:27'),
	(382,1,'admin/orders/10','GET','192.168.10.1','{\"_pjax\":\"#pjax-container\"}','2020-05-29 17:32:32','2020-05-29 17:32:32'),
	(383,1,'admin/orders/10','GET','192.168.10.1','[]','2020-05-29 17:36:14','2020-05-29 17:36:14'),
	(384,1,'admin','GET','192.168.10.1','[]','2020-05-30 09:50:14','2020-05-30 09:50:14'),
	(385,1,'admin/orders','GET','192.168.10.1','{\"_pjax\":\"#pjax-container\"}','2020-05-30 09:50:17','2020-05-30 09:50:17'),
	(386,1,'admin/orders/10','GET','192.168.10.1','{\"_pjax\":\"#pjax-container\"}','2020-05-30 09:50:28','2020-05-30 09:50:28'),
	(387,1,'admin/orders','GET','192.168.10.1','{\"_pjax\":\"#pjax-container\"}','2020-05-30 09:51:05','2020-05-30 09:51:05'),
	(388,1,'admin/orders/9','GET','192.168.10.1','{\"_pjax\":\"#pjax-container\"}','2020-05-30 09:51:09','2020-05-30 09:51:09'),
	(389,1,'admin/orders','GET','192.168.10.1','{\"_pjax\":\"#pjax-container\"}','2020-05-30 09:51:34','2020-05-30 09:51:34'),
	(390,1,'admin/orders','GET','192.168.10.1','[]','2020-05-30 09:52:01','2020-05-30 09:52:01'),
	(391,1,'admin/orders/9','GET','192.168.10.1','{\"_pjax\":\"#pjax-container\"}','2020-05-30 09:52:05','2020-05-30 09:52:05'),
	(392,1,'admin/orders/9','GET','192.168.10.1','[]','2020-05-30 09:52:52','2020-05-30 09:52:52'),
	(393,1,'admin/orders/9','GET','192.168.10.1','[]','2020-05-30 09:53:00','2020-05-30 09:53:00'),
	(394,1,'admin/orders/9','GET','192.168.10.1','[]','2020-05-30 09:53:32','2020-05-30 09:53:32'),
	(395,1,'admin/orders/9','GET','192.168.10.1','[]','2020-05-30 09:53:50','2020-05-30 09:53:50'),
	(396,1,'admin/orders/9','GET','192.168.10.1','[]','2020-05-30 10:06:08','2020-05-30 10:06:08'),
	(397,1,'admin/orders/9/refund','POST','192.168.10.1','{\"agree\":false,\"reason\":\"\\u6d4b\\u8bd5\\u62d2\\u7edd\\u9000\\u6b3e\",\"_token\":\"8YQuVirDVchi4psp91dOOR2xJXzEG3UzZCjW7jy9\"}','2020-05-30 10:08:32','2020-05-30 10:08:32'),
	(398,1,'admin/orders/9','GET','192.168.10.1','[]','2020-05-30 10:08:35','2020-05-30 10:08:35'),
	(399,1,'admin/orders','GET','192.168.10.1','{\"_pjax\":\"#pjax-container\"}','2020-05-30 10:08:50','2020-05-30 10:08:50'),
	(400,1,'admin/orders','GET','192.168.10.1','[]','2020-05-30 10:08:53','2020-05-30 10:08:53'),
	(401,1,'admin/orders','GET','192.168.10.1','[]','2020-05-30 10:14:32','2020-05-30 10:14:32'),
	(402,1,'admin/orders','GET','192.168.10.1','{\"_pjax\":\"#pjax-container\"}','2020-05-30 11:55:26','2020-05-30 11:55:26'),
	(403,1,'admin/orders','GET','192.168.10.1','[]','2020-05-30 11:55:29','2020-05-30 11:55:29'),
	(404,1,'admin/products','GET','192.168.10.1','{\"_pjax\":\"#pjax-container\"}','2020-05-30 11:55:32','2020-05-30 11:55:32'),
	(405,1,'admin/orders','GET','192.168.10.1','{\"_pjax\":\"#pjax-container\"}','2020-05-30 11:55:35','2020-05-30 11:55:35'),
	(406,1,'admin/products','GET','192.168.10.1','{\"_pjax\":\"#pjax-container\"}','2020-05-30 11:55:40','2020-05-30 11:55:40'),
	(407,1,'admin/orders','GET','192.168.10.1','{\"_pjax\":\"#pjax-container\"}','2020-05-30 11:55:42','2020-05-30 11:55:42'),
	(408,1,'admin/orders','GET','192.168.10.1','[]','2020-05-30 11:55:47','2020-05-30 11:55:47'),
	(409,1,'admin/orders','GET','192.168.10.1','[]','2020-05-30 11:55:55','2020-05-30 11:55:55'),
	(410,1,'admin/orders','GET','192.168.10.1','[]','2020-05-30 11:59:53','2020-05-30 11:59:53'),
	(411,1,'admin/orders','GET','192.168.10.1','[]','2020-05-30 11:59:59','2020-05-30 11:59:59'),
	(412,1,'admin/orders','GET','192.168.10.1','{\"_pjax\":\"#pjax-container\"}','2020-05-30 12:00:01','2020-05-30 12:00:01'),
	(413,1,'admin/orders','GET','192.168.10.1','{\"_pjax\":\"#pjax-container\"}','2020-05-30 12:00:02','2020-05-30 12:00:02'),
	(414,1,'admin/orders','GET','192.168.10.1','[]','2020-05-30 12:05:10','2020-05-30 12:05:10'),
	(415,1,'admin/orders','GET','192.168.10.1','[]','2020-05-30 12:06:30','2020-05-30 12:06:30'),
	(416,1,'admin/orders/12','GET','192.168.10.1','{\"_pjax\":\"#pjax-container\"}','2020-05-30 12:06:33','2020-05-30 12:06:33'),
	(417,1,'admin/orders/12/refund','POST','192.168.10.1','{\"agree\":true,\"_token\":\"8YQuVirDVchi4psp91dOOR2xJXzEG3UzZCjW7jy9\"}','2020-05-30 12:06:57','2020-05-30 12:06:57'),
	(418,1,'admin/orders/12','GET','192.168.10.1','[]','2020-05-30 12:06:59','2020-05-30 12:06:59'),
	(419,1,'admin/orders/12','GET','192.168.10.1','[]','2020-05-30 12:07:03','2020-05-30 12:07:03'),
	(420,1,'admin/orders/12','GET','192.168.10.1','[]','2020-05-30 12:07:42','2020-05-30 12:07:42'),
	(421,1,'admin/orders/12/refund','POST','192.168.10.1','{\"agree\":true,\"_token\":\"8YQuVirDVchi4psp91dOOR2xJXzEG3UzZCjW7jy9\"}','2020-05-30 12:07:47','2020-05-30 12:07:47'),
	(422,1,'admin/orders/12','GET','192.168.10.1','[]','2020-05-30 12:07:56','2020-05-30 12:07:56'),
	(423,1,'admin/orders/12','GET','192.168.10.1','[]','2020-05-30 13:13:04','2020-05-30 13:13:04'),
	(424,1,'admin/orders/12/refund','POST','192.168.10.1','{\"agree\":true,\"_token\":\"8YQuVirDVchi4psp91dOOR2xJXzEG3UzZCjW7jy9\"}','2020-05-30 13:13:20','2020-05-30 13:13:20'),
	(425,1,'admin/orders/12','GET','192.168.10.1','[]','2020-05-30 13:13:22','2020-05-30 13:13:22'),
	(426,1,'admin/orders/12','GET','192.168.10.1','[]','2020-05-30 13:20:10','2020-05-30 13:20:10'),
	(427,1,'admin/orders/12/refund','POST','192.168.10.1','{\"agree\":true,\"_token\":\"8YQuVirDVchi4psp91dOOR2xJXzEG3UzZCjW7jy9\"}','2020-05-30 13:20:16','2020-05-30 13:20:16'),
	(428,1,'admin/orders/12','GET','192.168.10.1','[]','2020-05-30 13:20:43','2020-05-30 13:20:43'),
	(429,1,'admin/orders/12','GET','192.168.10.1','[]','2020-05-30 13:21:42','2020-05-30 13:21:42'),
	(430,1,'admin/orders/12','GET','192.168.10.1','[]','2020-05-30 13:23:45','2020-05-30 13:23:45'),
	(431,1,'admin/orders','GET','192.168.10.1','{\"_pjax\":\"#pjax-container\"}','2020-05-30 13:23:48','2020-05-30 13:23:48'),
	(432,1,'admin/orders','GET','192.168.10.1','[]','2020-05-30 13:23:54','2020-05-30 13:23:54'),
	(433,1,'admin/orders','GET','192.168.10.1','[]','2020-05-30 13:24:35','2020-05-30 13:24:35'),
	(434,1,'admin/orders','GET','192.168.10.1','[]','2020-05-30 13:25:04','2020-05-30 13:25:04'),
	(435,1,'admin/orders/13','GET','192.168.10.1','{\"_pjax\":\"#pjax-container\"}','2020-05-30 13:25:07','2020-05-30 13:25:07'),
	(436,1,'admin/orders/13/refund','POST','192.168.10.1','{\"agree\":true,\"_token\":\"8YQuVirDVchi4psp91dOOR2xJXzEG3UzZCjW7jy9\"}','2020-05-30 13:25:13','2020-05-30 13:25:13'),
	(437,1,'admin/orders/13','GET','192.168.10.1','[]','2020-05-30 13:25:18','2020-05-30 13:25:18'),
	(438,1,'admin/orders','GET','192.168.10.1','{\"_pjax\":\"#pjax-container\"}','2020-05-30 13:26:20','2020-05-30 13:26:20'),
	(439,1,'admin/orders/13','GET','192.168.10.1','{\"_pjax\":\"#pjax-container\"}','2020-05-30 13:26:23','2020-05-30 13:26:23'),
	(440,1,'admin/orders/13','GET','192.168.10.1','[]','2020-05-30 13:29:43','2020-05-30 13:29:43'),
	(441,1,'admin/orders','GET','192.168.10.1','{\"_pjax\":\"#pjax-container\"}','2020-05-30 13:29:49','2020-05-30 13:29:49'),
	(442,1,'admin/orders','GET','192.168.10.1','[]','2020-05-30 13:29:56','2020-05-30 13:29:56'),
	(443,1,'admin/auth/permissions','GET','192.168.10.1','{\"_pjax\":\"#pjax-container\"}','2020-05-30 13:30:02','2020-05-30 13:30:02'),
	(444,1,'admin/auth/permissions/create','GET','192.168.10.1','{\"_pjax\":\"#pjax-container\"}','2020-05-30 13:30:05','2020-05-30 13:30:05'),
	(445,1,'admin/auth/menu','GET','192.168.10.1','{\"_pjax\":\"#pjax-container\"}','2020-05-30 13:30:07','2020-05-30 13:30:07'),
	(446,1,'admin/auth/users','GET','192.168.10.1','{\"_pjax\":\"#pjax-container\"}','2020-05-30 13:30:19','2020-05-30 13:30:19'),
	(447,1,'admin/auth/users/create','GET','192.168.10.1','{\"_pjax\":\"#pjax-container\"}','2020-05-30 13:30:21','2020-05-30 13:30:21'),
	(448,1,'admin/orders','GET','192.168.10.1','{\"_pjax\":\"#pjax-container\"}','2020-05-30 14:30:48','2020-05-30 14:30:48'),
	(449,1,'admin/orders/13','GET','192.168.10.1','{\"_pjax\":\"#pjax-container\"}','2020-05-30 14:30:54','2020-05-30 14:30:54'),
	(450,1,'admin/orders/13','GET','192.168.10.1','[]','2020-05-30 14:35:57','2020-05-30 14:35:57'),
	(451,1,'admin/auth/setting','GET','192.168.10.1','{\"_pjax\":\"#pjax-container\"}','2020-05-30 14:36:01','2020-05-30 14:36:01'),
	(452,1,'admin/products','GET','192.168.10.1','{\"_pjax\":\"#pjax-container\"}','2020-05-30 14:36:04','2020-05-30 14:36:04'),
	(453,1,'admin/orders','GET','192.168.10.1','{\"_pjax\":\"#pjax-container\"}','2020-05-30 14:36:09','2020-05-30 14:36:09'),
	(454,1,'admin/orders/13','GET','192.168.10.1','{\"_pjax\":\"#pjax-container\"}','2020-05-30 15:09:14','2020-05-30 15:09:14'),
	(455,1,'admin/orders/13','GET','192.168.10.1','[]','2020-05-30 16:46:58','2020-05-30 16:46:58'),
	(456,1,'admin/auth/menu','GET','192.168.10.1','{\"_pjax\":\"#pjax-container\"}','2020-05-30 16:47:03','2020-05-30 16:47:03'),
	(457,1,'admin/auth/menu','POST','192.168.10.1','{\"parent_id\":\"0\",\"title\":\"\\u4f18\\u60e0\\u5238\\u7ba1\\u7406\",\"icon\":\"fa-bars\",\"uri\":\"\\/coupon_codes\",\"roles\":[null],\"permission\":null,\"_token\":\"8YQuVirDVchi4psp91dOOR2xJXzEG3UzZCjW7jy9\"}','2020-05-30 16:47:30','2020-05-30 16:47:30'),
	(458,1,'admin/auth/menu','GET','192.168.10.1','[]','2020-05-30 16:47:31','2020-05-30 16:47:31'),
	(459,1,'admin/auth/menu','POST','192.168.10.1','{\"_token\":\"8YQuVirDVchi4psp91dOOR2xJXzEG3UzZCjW7jy9\",\"_order\":\"[{\\\"id\\\":1},{\\\"id\\\":8},{\\\"id\\\":9},{\\\"id\\\":10},{\\\"id\\\":11},{\\\"id\\\":2,\\\"children\\\":[{\\\"id\\\":3},{\\\"id\\\":4},{\\\"id\\\":5},{\\\"id\\\":6},{\\\"id\\\":7}]}]\"}','2020-05-30 16:47:47','2020-05-30 16:47:47'),
	(460,1,'admin/auth/menu','GET','192.168.10.1','{\"_pjax\":\"#pjax-container\"}','2020-05-30 16:47:48','2020-05-30 16:47:48'),
	(461,1,'admin/auth/menu','GET','192.168.10.1','[]','2020-05-30 16:47:52','2020-05-30 16:47:52'),
	(462,1,'admin/coupon_codes','GET','192.168.10.1','{\"_pjax\":\"#pjax-container\"}','2020-05-30 16:47:54','2020-05-30 16:47:54'),
	(463,1,'admin','GET','192.168.10.1','[]','2020-06-02 14:46:47','2020-06-02 14:46:47'),
	(464,1,'admin/coupon_codes','GET','192.168.10.1','{\"_pjax\":\"#pjax-container\"}','2020-06-02 14:46:52','2020-06-02 14:46:52'),
	(465,1,'admin/coupon_codes','GET','192.168.10.1','[]','2020-06-02 15:01:19','2020-06-02 15:01:19'),
	(466,1,'admin/coupon_codes','GET','192.168.10.1','[]','2020-06-02 15:02:00','2020-06-02 15:02:00'),
	(467,1,'admin/coupon_codes','GET','192.168.10.1','[]','2020-06-02 15:02:03','2020-06-02 15:02:03'),
	(468,1,'admin/coupon_codes','GET','192.168.10.1','[]','2020-06-02 15:05:14','2020-06-02 15:05:14'),
	(469,1,'admin/coupon_codes','GET','192.168.10.1','[]','2020-06-02 15:05:23','2020-06-02 15:05:23'),
	(470,1,'admin/coupon_codes','GET','192.168.10.1','[]','2020-06-02 15:14:22','2020-06-02 15:14:22'),
	(471,1,'admin/coupon_codes','GET','192.168.10.1','[]','2020-06-02 15:14:52','2020-06-02 15:14:52'),
	(472,1,'admin/coupon_codes','GET','192.168.10.1','[]','2020-06-02 15:14:59','2020-06-02 15:14:59'),
	(473,1,'admin/coupon_codes','GET','192.168.10.1','[]','2020-06-02 15:15:01','2020-06-02 15:15:01'),
	(474,1,'admin/coupon_codes','GET','192.168.10.1','[]','2020-06-02 15:19:07','2020-06-02 15:19:07'),
	(475,1,'admin/coupon_codes','GET','192.168.10.1','[]','2020-06-02 15:21:17','2020-06-02 15:21:17'),
	(476,1,'admin/coupon_codes','GET','192.168.10.1','[]','2020-06-02 15:22:48','2020-06-02 15:22:48'),
	(477,1,'admin/coupon_codes','GET','192.168.10.1','[]','2020-06-02 15:23:18','2020-06-02 15:23:18'),
	(478,1,'admin/coupon_codes','GET','192.168.10.1','[]','2020-06-02 15:25:04','2020-06-02 15:25:04'),
	(479,1,'admin/coupon_codes','GET','192.168.10.1','[]','2020-06-02 16:06:21','2020-06-02 16:06:21'),
	(480,1,'admin/coupon_codes','GET','192.168.10.1','[]','2020-06-02 16:06:36','2020-06-02 16:06:36'),
	(481,1,'admin/coupon_codes','GET','192.168.10.1','[]','2020-06-02 16:06:46','2020-06-02 16:06:46'),
	(482,1,'admin/coupon_codes','GET','192.168.10.1','[]','2020-06-02 16:07:47','2020-06-02 16:07:47'),
	(483,1,'admin/coupon_codes','GET','192.168.10.1','[]','2020-06-02 16:12:38','2020-06-02 16:12:38'),
	(484,1,'admin/coupon_codes','GET','192.168.10.1','[]','2020-06-02 16:15:01','2020-06-02 16:15:01'),
	(485,1,'admin/orders','GET','192.168.10.1','{\"_pjax\":\"#pjax-container\"}','2020-06-02 16:15:08','2020-06-02 16:15:08'),
	(486,1,'admin/products','GET','192.168.10.1','{\"_pjax\":\"#pjax-container\"}','2020-06-02 16:15:11','2020-06-02 16:15:11'),
	(487,1,'admin/products','GET','192.168.10.1','[]','2020-06-02 16:41:49','2020-06-02 16:41:49'),
	(488,1,'admin/products','GET','192.168.10.1','[]','2020-06-02 16:42:57','2020-06-02 16:42:57'),
	(489,1,'admin/products','GET','192.168.10.1','[]','2020-06-02 17:34:43','2020-06-02 17:34:43'),
	(490,1,'admin/coupon_codes','GET','192.168.10.1','{\"_pjax\":\"#pjax-container\"}','2020-06-02 17:34:46','2020-06-02 17:34:46'),
	(491,1,'admin/coupon_codes/create','GET','192.168.10.1','{\"_pjax\":\"#pjax-container\"}','2020-06-02 17:34:48','2020-06-02 17:34:48'),
	(492,1,'admin/coupon_codes','GET','192.168.10.1','{\"_pjax\":\"#pjax-container\"}','2020-06-02 17:35:01','2020-06-02 17:35:01'),
	(493,1,'admin/coupon_codes/create','GET','192.168.10.1','{\"_pjax\":\"#pjax-container\"}','2020-06-02 17:35:05','2020-06-02 17:35:05'),
	(494,1,'admin/coupon_codes','POST','192.168.10.1','{\"name\":\"UG9OBUZN2ANZZQCL\",\"code\":null,\"type\":\"fixed\",\"value\":null,\"total\":null,\"min_amount\":null,\"not_before\":null,\"not_after\":null,\"enabled\":\"0\",\"_token\":\"lL9513bu5vE8N28x2qnRpEVkbNs9wsUscEcXWfCk\",\"_previous_\":\"http:\\/\\/laravel-shop.test\\/admin\\/coupon_codes\"}','2020-06-02 17:35:08','2020-06-02 17:35:08'),
	(495,1,'admin/coupon_codes/create','GET','192.168.10.1','[]','2020-06-02 17:35:09','2020-06-02 17:35:09'),
	(496,1,'admin/coupon_codes','POST','192.168.10.1','{\"name\":\"UG9OBUZN2ANZZQCL\",\"code\":\"UG9OBUZN2ANZZQCL\",\"type\":\"fixed\",\"value\":null,\"total\":null,\"min_amount\":null,\"not_before\":null,\"not_after\":null,\"enabled\":\"0\",\"_token\":\"lL9513bu5vE8N28x2qnRpEVkbNs9wsUscEcXWfCk\"}','2020-06-02 17:35:13','2020-06-02 17:35:13'),
	(497,1,'admin/coupon_codes/create','GET','192.168.10.1','[]','2020-06-02 17:35:14','2020-06-02 17:35:14'),
	(498,1,'admin/coupon_codes/create','GET','192.168.10.1','[]','2020-06-02 17:35:17','2020-06-02 17:35:17'),
	(499,1,'admin/coupon_codes','GET','192.168.10.1','{\"_pjax\":\"#pjax-container\"}','2020-06-02 17:35:25','2020-06-02 17:35:25'),
	(500,1,'admin/coupon_codes/create','GET','192.168.10.1','{\"_pjax\":\"#pjax-container\"}','2020-06-02 17:35:30','2020-06-02 17:35:30'),
	(501,1,'admin/coupon_codes','POST','192.168.10.1','{\"name\":\"\\u5f00\\u4e1a\\u534a\\u4ef7\\u4f18\\u60e0\",\"code\":\"WELCOME\",\"type\":\"percent\",\"value\":\"50\",\"total\":\"10000\",\"min_amount\":\"0\",\"not_before\":null,\"not_after\":null,\"enabled\":\"1\",\"_token\":\"lL9513bu5vE8N28x2qnRpEVkbNs9wsUscEcXWfCk\"}','2020-06-02 17:36:29','2020-06-02 17:36:29'),
	(502,1,'admin/coupon_codes','GET','192.168.10.1','[]','2020-06-02 17:36:30','2020-06-02 17:36:30'),
	(503,1,'admin/coupon_codes','GET','192.168.10.1','[]','2020-06-02 17:36:39','2020-06-02 17:36:39'),
	(504,1,'admin/coupon_codes','GET','192.168.10.1','[]','2020-06-02 17:37:43','2020-06-02 17:37:43'),
	(505,1,'admin/coupon_codes','GET','192.168.10.1','[]','2020-06-02 17:45:47','2020-06-02 17:45:47'),
	(506,1,'admin/coupon_codes/11/edit','GET','192.168.10.1','{\"_pjax\":\"#pjax-container\"}','2020-06-02 17:45:51','2020-06-02 17:45:51'),
	(507,1,'admin/coupon_codes','GET','192.168.10.1','{\"_pjax\":\"#pjax-container\"}','2020-06-02 17:46:03','2020-06-02 17:46:03'),
	(508,1,'admin/coupon_codes','GET','192.168.10.1','[]','2020-06-02 17:47:03','2020-06-02 17:47:03'),
	(509,1,'admin/coupon_codes','GET','192.168.10.1','[]','2020-06-02 17:48:24','2020-06-02 17:48:24'),
	(510,1,'admin/coupon_codes/11/edit','GET','192.168.10.1','{\"_pjax\":\"#pjax-container\"}','2020-06-02 17:51:04','2020-06-02 17:51:04'),
	(511,1,'admin/coupon_codes','GET','192.168.10.1','{\"_pjax\":\"#pjax-container\"}','2020-06-02 17:52:28','2020-06-02 17:52:28'),
	(512,1,'admin/coupon_codes/11/edit','GET','192.168.10.1','{\"_pjax\":\"#pjax-container\"}','2020-06-02 17:52:32','2020-06-02 17:52:32'),
	(513,1,'admin/coupon_codes/11/edit','GET','192.168.10.1','[]','2020-06-02 17:54:40','2020-06-02 17:54:40'),
	(514,1,'admin/coupon_codes','GET','192.168.10.1','{\"_pjax\":\"#pjax-container\"}','2020-06-02 17:54:44','2020-06-02 17:54:44'),
	(515,1,'admin/coupon_codes/11/edit','GET','192.168.10.1','{\"_pjax\":\"#pjax-container\"}','2020-06-02 17:54:47','2020-06-02 17:54:47'),
	(516,1,'admin/coupon_codes/11/edit','GET','192.168.10.1','[]','2020-06-02 17:54:49','2020-06-02 17:54:49'),
	(517,1,'admin/coupon_codes','GET','192.168.10.1','{\"_pjax\":\"#pjax-container\"}','2020-06-02 17:54:57','2020-06-02 17:54:57'),
	(518,1,'admin/coupon_codes','GET','192.168.10.1','{\"_pjax\":\"#pjax-container\"}','2020-06-02 17:55:07','2020-06-02 17:55:07'),
	(519,1,'admin/coupon_codes/11/edit','GET','192.168.10.1','{\"_pjax\":\"#pjax-container\"}','2020-06-02 17:55:10','2020-06-02 17:55:10'),
	(520,1,'admin/coupon_codes','GET','192.168.10.1','{\"_pjax\":\"#pjax-container\"}','2020-06-02 17:55:20','2020-06-02 17:55:20'),
	(521,1,'admin/coupon_codes','GET','192.168.10.1','[]','2020-06-02 17:55:56','2020-06-02 17:55:56'),
	(522,1,'admin/coupon_codes/11/edit','GET','192.168.10.1','{\"_pjax\":\"#pjax-container\"}','2020-06-02 17:55:58','2020-06-02 17:55:58'),
	(523,1,'admin/coupon_codes/11','PUT','192.168.10.1','{\"name\":\"\\u5f00\\u4e1a\\u534a\\u4ef7\\u4f18\\u60e0\",\"code\":\"WELCOME\",\"type\":\"percent\",\"value\":\"50.00\",\"total\":\"1000\",\"min_amount\":\"0.00\",\"not_before\":null,\"not_after\":null,\"enabled\":\"1\",\"_token\":\"lL9513bu5vE8N28x2qnRpEVkbNs9wsUscEcXWfCk\",\"_method\":\"PUT\",\"_previous_\":\"http:\\/\\/laravel-shop.test\\/admin\\/coupon_codes\"}','2020-06-02 17:56:02','2020-06-02 17:56:02'),
	(524,1,'admin/coupon_codes/11/edit','GET','192.168.10.1','[]','2020-06-02 17:56:03','2020-06-02 17:56:03'),
	(525,1,'admin/coupon_codes/11','PUT','192.168.10.1','{\"name\":\"\\u5f00\\u4e1a\\u534a\\u4ef7\\u4f18\\u60e0\",\"code\":\"WELCOME\",\"type\":\"percent\",\"value\":\"50.00\",\"total\":\"1000\",\"min_amount\":\"0.00\",\"not_before\":null,\"not_after\":null,\"enabled\":\"1\",\"_token\":\"lL9513bu5vE8N28x2qnRpEVkbNs9wsUscEcXWfCk\",\"_method\":\"PUT\"}','2020-06-02 17:58:30','2020-06-02 17:58:30'),
	(526,1,'admin/coupon_codes','GET','192.168.10.1','[]','2020-06-02 17:58:31','2020-06-02 17:58:31'),
	(527,1,'admin/coupon_codes/11/edit','GET','192.168.10.1','{\"_pjax\":\"#pjax-container\"}','2020-06-02 17:58:35','2020-06-02 17:58:35'),
	(528,1,'admin/coupon_codes/11/edit','GET','192.168.10.1','[]','2020-06-02 17:58:55','2020-06-02 17:58:55'),
	(529,1,'admin/coupon_codes','GET','192.168.10.1','{\"_pjax\":\"#pjax-container\"}','2020-06-02 17:58:57','2020-06-02 17:58:57'),
	(530,1,'admin/coupon_codes/create','GET','192.168.10.1','{\"_pjax\":\"#pjax-container\"}','2020-06-02 17:59:02','2020-06-02 17:59:02'),
	(531,1,'admin/coupon_codes','GET','192.168.10.1','{\"_pjax\":\"#pjax-container\"}','2020-06-02 17:59:05','2020-06-02 17:59:05'),
	(532,1,'admin/coupon_codes/11/edit','GET','192.168.10.1','{\"_pjax\":\"#pjax-container\"}','2020-06-02 17:59:08','2020-06-02 17:59:08'),
	(533,1,'admin/coupon_codes','GET','192.168.10.1','{\"_pjax\":\"#pjax-container\"}','2020-06-02 17:59:16','2020-06-02 17:59:16'),
	(534,1,'admin/coupon_codes','GET','192.168.10.1','[]','2020-06-02 17:59:47','2020-06-02 17:59:47'),
	(535,1,'admin/_handle_action_','POST','192.168.10.1','{\"_key\":\"5\",\"_model\":\"App_Models_CouponCode\",\"_token\":\"lL9513bu5vE8N28x2qnRpEVkbNs9wsUscEcXWfCk\",\"_action\":\"Encore_Admin_Grid_Actions_Delete\",\"_input\":\"true\"}','2020-06-02 17:59:58','2020-06-02 17:59:58'),
	(536,1,'admin/coupon_codes','GET','192.168.10.1','{\"_pjax\":\"#pjax-container\"}','2020-06-02 17:59:59','2020-06-02 17:59:59'),
	(537,1,'admin/coupon_codes','GET','192.168.10.1','[]','2020-06-02 18:00:02','2020-06-02 18:00:02'),
	(538,1,'admin','GET','192.168.10.1','[]','2020-06-03 13:03:08','2020-06-03 13:03:08'),
	(539,1,'admin','GET','192.168.10.1','[]','2020-06-03 13:03:12','2020-06-03 13:03:12'),
	(540,1,'admin/coupon_codes','GET','192.168.10.1','{\"_pjax\":\"#pjax-container\"}','2020-06-03 13:05:44','2020-06-03 13:05:44'),
	(541,1,'admin/coupon_codes/11/edit','GET','192.168.10.1','{\"_pjax\":\"#pjax-container\"}','2020-06-03 13:05:48','2020-06-03 13:05:48'),
	(542,1,'admin/coupon_codes','GET','192.168.10.1','{\"_pjax\":\"#pjax-container\"}','2020-06-03 13:05:50','2020-06-03 13:05:50'),
	(543,1,'admin/coupon_codes','GET','192.168.10.1','[]','2020-06-03 13:20:28','2020-06-03 13:20:28'),
	(544,1,'admin/coupon_codes','GET','192.168.10.1','[]','2020-06-03 13:21:42','2020-06-03 13:21:42'),
	(545,1,'admin/coupon_codes','GET','192.168.10.1','[]','2020-06-03 13:28:40','2020-06-03 13:28:40'),
	(546,1,'admin/products','GET','192.168.10.1','{\"_pjax\":\"#pjax-container\"}','2020-06-03 13:30:58','2020-06-03 13:30:58'),
	(547,1,'admin/products/2/edit','GET','192.168.10.1','{\"_pjax\":\"#pjax-container\"}','2020-06-03 13:31:05','2020-06-03 13:31:05'),
	(548,1,'admin/products/2','PUT','192.168.10.1','{\"title\":\"aut\",\"description\":\"<p>Recusandae possimus soluta nesciunt nisi.<\\/p>\",\"on_sale\":\"0\",\"skus\":{\"3\":{\"title\":\"est\",\"description\":\"Accusamus nihil molestiae et eaque ipsum et.\",\"price\":\"0.01\",\"stock\":\"21227\",\"id\":\"3\",\"_remove_\":\"0\"},\"4\":{\"title\":\"sunt\",\"description\":\"Quod ab vero dolorem.\",\"price\":\"7772.00\",\"stock\":\"99149\",\"id\":\"4\",\"_remove_\":\"0\"},\"5\":{\"title\":\"corporis\",\"description\":\"Corporis sit totam ad.\",\"price\":\"8174.00\",\"stock\":\"78119\",\"id\":\"5\",\"_remove_\":\"0\"}},\"_token\":\"3liieHlD46bq1FOP5H377DYEbZyW00r1rkRqSTX3\",\"_method\":\"PUT\",\"_previous_\":\"http:\\/\\/laravel-shop.test\\/admin\\/products\"}','2020-06-03 13:31:22','2020-06-03 13:31:22'),
	(549,1,'admin/products','GET','192.168.10.1','[]','2020-06-03 13:31:23','2020-06-03 13:31:23'),
	(550,1,'admin/products','GET','192.168.10.1','[]','2020-06-03 13:31:56','2020-06-03 13:31:56'),
	(551,1,'admin/products/2/edit','GET','192.168.10.1','{\"_pjax\":\"#pjax-container\"}','2020-06-03 13:32:00','2020-06-03 13:32:00'),
	(552,1,'admin/products/2','PUT','192.168.10.1','{\"title\":\"aut\",\"description\":\"<p>Recusandae possimus soluta nesciunt nisi.<\\/p>\",\"on_sale\":\"1\",\"skus\":{\"3\":{\"title\":\"est\",\"description\":\"Accusamus nihil molestiae et eaque ipsum et.\",\"price\":\"0.01\",\"stock\":\"21227\",\"id\":\"3\",\"_remove_\":\"0\"},\"4\":{\"title\":\"sunt\",\"description\":\"Quod ab vero dolorem.\",\"price\":\"7772.00\",\"stock\":\"99149\",\"id\":\"4\",\"_remove_\":\"0\"},\"5\":{\"title\":\"corporis\",\"description\":\"Corporis sit totam ad.\",\"price\":\"8174.00\",\"stock\":\"78119\",\"id\":\"5\",\"_remove_\":\"0\"}},\"_token\":\"3liieHlD46bq1FOP5H377DYEbZyW00r1rkRqSTX3\",\"_method\":\"PUT\",\"_previous_\":\"http:\\/\\/laravel-shop.test\\/admin\\/products\"}','2020-06-03 13:32:28','2020-06-03 13:32:28'),
	(553,1,'admin/products','GET','192.168.10.1','[]','2020-06-03 13:32:29','2020-06-03 13:32:29'),
	(554,1,'admin/coupon_codes','GET','192.168.10.1','{\"_pjax\":\"#pjax-container\"}','2020-06-03 13:32:57','2020-06-03 13:32:57'),
	(555,1,'admin/coupon_codes','GET','192.168.10.1','[]','2020-06-03 14:46:32','2020-06-03 14:46:32'),
	(556,1,'admin/orders','GET','192.168.10.1','{\"_pjax\":\"#pjax-container\"}','2020-06-03 14:50:42','2020-06-03 14:50:42'),
	(557,1,'admin/products','GET','192.168.10.1','{\"_pjax\":\"#pjax-container\"}','2020-06-03 14:50:43','2020-06-03 14:50:43'),
	(558,1,'admin/products','GET','192.168.10.1','{\"_pjax\":\"#pjax-container\"}','2020-06-03 14:50:44','2020-06-03 14:50:44'),
	(559,1,'admin/products/2/edit','GET','192.168.10.1','{\"_pjax\":\"#pjax-container\"}','2020-06-03 14:50:46','2020-06-03 14:50:46'),
	(560,1,'admin/products/2','PUT','192.168.10.1','{\"title\":\"aut\",\"description\":\"<p>Recusandae possimus soluta nesciunt nisi.<\\/p>\",\"on_sale\":\"1\",\"skus\":{\"3\":{\"title\":\"est\",\"description\":\"Accusamus nihil molestiae et eaque ipsum et.\",\"price\":\"0.01\",\"stock\":\"21226\",\"id\":\"3\",\"_remove_\":\"0\"},\"4\":{\"title\":\"sunt\",\"description\":\"Quod ab vero dolorem.\",\"price\":\"7772.00\",\"stock\":\"99149\",\"id\":\"4\",\"_remove_\":\"0\"},\"5\":{\"title\":\"corporis\",\"description\":\"Corporis sit totam ad.\",\"price\":\"200.00\",\"stock\":\"78118\",\"id\":\"5\",\"_remove_\":\"0\"}},\"_token\":\"3liieHlD46bq1FOP5H377DYEbZyW00r1rkRqSTX3\",\"_method\":\"PUT\",\"_previous_\":\"http:\\/\\/laravel-shop.test\\/admin\\/products\"}','2020-06-03 14:50:56','2020-06-03 14:50:56'),
	(561,1,'admin/products','GET','192.168.10.1','[]','2020-06-03 14:50:56','2020-06-03 14:50:56'),
	(562,1,'admin/coupon_codes','GET','192.168.10.1','{\"_pjax\":\"#pjax-container\"}','2020-06-03 14:51:09','2020-06-03 14:51:09'),
	(563,1,'admin/auth/roles','GET','192.168.10.1','{\"_pjax\":\"#pjax-container\"}','2020-06-03 15:04:41','2020-06-03 15:04:41');

/*!40000 ALTER TABLE `admin_operation_log` ENABLE KEYS */;
UNLOCK TABLES;


# Dump of table admin_permissions
# ------------------------------------------------------------

DROP TABLE IF EXISTS `admin_permissions`;

CREATE TABLE `admin_permissions` (
  `id` int(10) unsigned NOT NULL AUTO_INCREMENT,
  `name` varchar(50) COLLATE utf8mb4_unicode_ci NOT NULL,
  `slug` varchar(50) COLLATE utf8mb4_unicode_ci NOT NULL,
  `http_method` varchar(255) COLLATE utf8mb4_unicode_ci DEFAULT NULL,
  `http_path` text COLLATE utf8mb4_unicode_ci,
  `created_at` timestamp NULL DEFAULT NULL,
  `updated_at` timestamp NULL DEFAULT NULL,
  PRIMARY KEY (`id`),
  UNIQUE KEY `admin_permissions_name_unique` (`name`),
  UNIQUE KEY `admin_permissions_slug_unique` (`slug`)
) ENGINE=InnoDB DEFAULT CHARSET=utf8mb4 COLLATE=utf8mb4_unicode_ci;

LOCK TABLES `admin_permissions` WRITE;
/*!40000 ALTER TABLE `admin_permissions` DISABLE KEYS */;

INSERT INTO `admin_permissions` (`id`, `name`, `slug`, `http_method`, `http_path`, `created_at`, `updated_at`)
VALUES
	(1,'All permission','*','','*',NULL,NULL),
	(2,'Dashboard','dashboard','GET','/',NULL,NULL),
	(3,'Login','auth.login','','/auth/login\r\n/auth/logout',NULL,NULL),
	(4,'User setting','auth.setting','GET,PUT','/auth/setting',NULL,NULL),
	(5,'Auth management','auth.management','','/auth/roles\r\n/auth/permissions\r\n/auth/menu\r\n/auth/logs',NULL,NULL),
	(6,'用户管理','users','','/users*','2020-05-22 11:25:00','2020-05-22 11:25:00');

/*!40000 ALTER TABLE `admin_permissions` ENABLE KEYS */;
UNLOCK TABLES;


# Dump of table admin_role_menu
# ------------------------------------------------------------

DROP TABLE IF EXISTS `admin_role_menu`;

CREATE TABLE `admin_role_menu` (
  `role_id` int(11) NOT NULL,
  `menu_id` int(11) NOT NULL,
  `created_at` timestamp NULL DEFAULT NULL,
  `updated_at` timestamp NULL DEFAULT NULL,
  KEY `admin_role_menu_role_id_menu_id_index` (`role_id`,`menu_id`)
) ENGINE=InnoDB DEFAULT CHARSET=utf8mb4 COLLATE=utf8mb4_unicode_ci;

LOCK TABLES `admin_role_menu` WRITE;
/*!40000 ALTER TABLE `admin_role_menu` DISABLE KEYS */;

INSERT INTO `admin_role_menu` (`role_id`, `menu_id`, `created_at`, `updated_at`)
VALUES
	(1,2,NULL,NULL);

/*!40000 ALTER TABLE `admin_role_menu` ENABLE KEYS */;
UNLOCK TABLES;


# Dump of table admin_role_permissions
# ------------------------------------------------------------

DROP TABLE IF EXISTS `admin_role_permissions`;

CREATE TABLE `admin_role_permissions` (
  `role_id` int(11) NOT NULL,
  `permission_id` int(11) NOT NULL,
  `created_at` timestamp NULL DEFAULT NULL,
  `updated_at` timestamp NULL DEFAULT NULL,
  KEY `admin_role_permissions_role_id_permission_id_index` (`role_id`,`permission_id`)
) ENGINE=InnoDB DEFAULT CHARSET=utf8mb4 COLLATE=utf8mb4_unicode_ci;

LOCK TABLES `admin_role_permissions` WRITE;
/*!40000 ALTER TABLE `admin_role_permissions` DISABLE KEYS */;

INSERT INTO `admin_role_permissions` (`role_id`, `permission_id`, `created_at`, `updated_at`)
VALUES
	(1,1,NULL,NULL),
	(2,2,NULL,NULL),
	(2,3,NULL,NULL),
	(2,4,NULL,NULL),
	(2,6,NULL,NULL);

/*!40000 ALTER TABLE `admin_role_permissions` ENABLE KEYS */;
UNLOCK TABLES;


# Dump of table admin_role_users
# ------------------------------------------------------------

DROP TABLE IF EXISTS `admin_role_users`;

CREATE TABLE `admin_role_users` (
  `role_id` int(11) NOT NULL,
  `user_id` int(11) NOT NULL,
  `created_at` timestamp NULL DEFAULT NULL,
  `updated_at` timestamp NULL DEFAULT NULL,
  KEY `admin_role_users_role_id_user_id_index` (`role_id`,`user_id`)
) ENGINE=InnoDB DEFAULT CHARSET=utf8mb4 COLLATE=utf8mb4_unicode_ci;

LOCK TABLES `admin_role_users` WRITE;
/*!40000 ALTER TABLE `admin_role_users` DISABLE KEYS */;

INSERT INTO `admin_role_users` (`role_id`, `user_id`, `created_at`, `updated_at`)
VALUES
	(1,1,NULL,NULL),
	(2,2,NULL,NULL);

/*!40000 ALTER TABLE `admin_role_users` ENABLE KEYS */;
UNLOCK TABLES;


# Dump of table admin_roles
# ------------------------------------------------------------

DROP TABLE IF EXISTS `admin_roles`;

CREATE TABLE `admin_roles` (
  `id` int(10) unsigned NOT NULL AUTO_INCREMENT,
  `name` varchar(50) COLLATE utf8mb4_unicode_ci NOT NULL,
  `slug` varchar(50) COLLATE utf8mb4_unicode_ci NOT NULL,
  `created_at` timestamp NULL DEFAULT NULL,
  `updated_at` timestamp NULL DEFAULT NULL,
  PRIMARY KEY (`id`),
  UNIQUE KEY `admin_roles_name_unique` (`name`),
  UNIQUE KEY `admin_roles_slug_unique` (`slug`)
) ENGINE=InnoDB DEFAULT CHARSET=utf8mb4 COLLATE=utf8mb4_unicode_ci;

LOCK TABLES `admin_roles` WRITE;
/*!40000 ALTER TABLE `admin_roles` DISABLE KEYS */;

INSERT INTO `admin_roles` (`id`, `name`, `slug`, `created_at`, `updated_at`)
VALUES
	(1,'Administrator','administrator','2020-05-21 13:07:01','2020-05-21 13:07:01'),
	(2,'运营','operation','2020-05-22 11:27:33','2020-05-22 11:27:33');

/*!40000 ALTER TABLE `admin_roles` ENABLE KEYS */;
UNLOCK TABLES;


# Dump of table admin_user_permissions
# ------------------------------------------------------------

DROP TABLE IF EXISTS `admin_user_permissions`;

CREATE TABLE `admin_user_permissions` (
  `user_id` int(11) NOT NULL,
  `permission_id` int(11) NOT NULL,
  `created_at` timestamp NULL DEFAULT NULL,
  `updated_at` timestamp NULL DEFAULT NULL,
  KEY `admin_user_permissions_user_id_permission_id_index` (`user_id`,`permission_id`)
) ENGINE=InnoDB DEFAULT CHARSET=utf8mb4 COLLATE=utf8mb4_unicode_ci;



# Dump of table admin_users
# ------------------------------------------------------------

DROP TABLE IF EXISTS `admin_users`;

CREATE TABLE `admin_users` (
  `id` int(10) unsigned NOT NULL AUTO_INCREMENT,
  `username` varchar(190) COLLATE utf8mb4_unicode_ci NOT NULL,
  `password` varchar(60) COLLATE utf8mb4_unicode_ci NOT NULL,
  `name` varchar(255) COLLATE utf8mb4_unicode_ci NOT NULL,
  `avatar` varchar(255) COLLATE utf8mb4_unicode_ci DEFAULT NULL,
  `remember_token` varchar(100) COLLATE utf8mb4_unicode_ci DEFAULT NULL,
  `created_at` timestamp NULL DEFAULT NULL,
  `updated_at` timestamp NULL DEFAULT NULL,
  PRIMARY KEY (`id`),
  UNIQUE KEY `admin_users_username_unique` (`username`)
) ENGINE=InnoDB DEFAULT CHARSET=utf8mb4 COLLATE=utf8mb4_unicode_ci;

LOCK TABLES `admin_users` WRITE;
/*!40000 ALTER TABLE `admin_users` DISABLE KEYS */;

INSERT INTO `admin_users` (`id`, `username`, `password`, `name`, `avatar`, `remember_token`, `created_at`, `updated_at`)
VALUES
	(1,'admin','$2y$10$9ilYgz2Q7qpIml9qEwt2NOMMhn1b7qUTGTGFRKd6W/r.dhd42jl6W','Administrator','images/600.jpg','N2dPXVPOvTOfq7lR9NiBpE18XnqMKUd1DbLPYYWmkeaJvsEm6H8H9zGa2o6u','2020-05-21 13:07:01','2020-05-22 10:25:42'),
	(2,'operator','$2y$10$lPSol8HeQajII7Ggk3ERW.O30ytQvjFOzYSHIHb0tSmAi36vOu2F6','运营',NULL,'B8mp0hFHSg6AGYelqIhEKctFJ0LpyceNjL6YNndA0wIHBnX4YvXMjDgIoill','2020-05-22 11:29:19','2020-05-22 11:29:19');

/*!40000 ALTER TABLE `admin_users` ENABLE KEYS */;
UNLOCK TABLES;


# Dump of table cart_items
# ------------------------------------------------------------

DROP TABLE IF EXISTS `cart_items`;

CREATE TABLE `cart_items` (
  `id` bigint(20) unsigned NOT NULL AUTO_INCREMENT,
  `user_id` bigint(20) unsigned NOT NULL,
  `product_sku_id` bigint(20) unsigned NOT NULL,
  `amount` bigint(20) unsigned NOT NULL,
  PRIMARY KEY (`id`),
  KEY `cart_items_user_id_foreign` (`user_id`),
  KEY `cart_items_product_sku_id_foreign` (`product_sku_id`),
  CONSTRAINT `cart_items_product_sku_id_foreign` FOREIGN KEY (`product_sku_id`) REFERENCES `product_skus` (`id`) ON DELETE CASCADE,
  CONSTRAINT `cart_items_user_id_foreign` FOREIGN KEY (`user_id`) REFERENCES `users` (`id`) ON DELETE CASCADE
) ENGINE=InnoDB DEFAULT CHARSET=utf8mb4 COLLATE=utf8mb4_unicode_ci;

LOCK TABLES `cart_items` WRITE;
/*!40000 ALTER TABLE `cart_items` DISABLE KEYS */;

INSERT INTO `cart_items` (`id`, `user_id`, `product_sku_id`, `amount`)
VALUES
	(9,1,5,1);

/*!40000 ALTER TABLE `cart_items` ENABLE KEYS */;
UNLOCK TABLES;


# Dump of table coupon_codes
# ------------------------------------------------------------

DROP TABLE IF EXISTS `coupon_codes`;

CREATE TABLE `coupon_codes` (
  `id` bigint(20) unsigned NOT NULL AUTO_INCREMENT,
  `name` varchar(255) COLLATE utf8mb4_unicode_ci NOT NULL,
  `code` varchar(255) COLLATE utf8mb4_unicode_ci NOT NULL,
  `type` varchar(255) COLLATE utf8mb4_unicode_ci NOT NULL,
  `value` decimal(8,2) NOT NULL,
  `total` int(10) unsigned NOT NULL,
  `used` int(10) unsigned NOT NULL DEFAULT '0',
  `min_amount` decimal(8,2) NOT NULL,
  `not_before` datetime DEFAULT NULL,
  `not_after` datetime DEFAULT NULL,
  `enabled` tinyint(1) NOT NULL,
  `created_at` timestamp NULL DEFAULT NULL,
  `updated_at` timestamp NULL DEFAULT NULL,
  PRIMARY KEY (`id`),
  UNIQUE KEY `coupon_codes_code_unique` (`code`)
) ENGINE=InnoDB DEFAULT CHARSET=utf8mb4 COLLATE=utf8mb4_unicode_ci;

LOCK TABLES `coupon_codes` WRITE;
/*!40000 ALTER TABLE `coupon_codes` DISABLE KEYS */;

INSERT INTO `coupon_codes` (`id`, `name`, `code`, `type`, `value`, `total`, `used`, `min_amount`, `not_before`, `not_after`, `enabled`, `created_at`, `updated_at`)
VALUES
	(1,'dolorem ullam aliquam','UG9OBUZN2ANZZQCL','percent',7.00,1000,1,723.00,NULL,NULL,1,'2020-06-02 15:00:37','2020-06-03 13:21:37'),
	(2,'eaque dolore eos','L3KZRC1YTAGCP7T1','percent',15.00,1000,1,260.00,NULL,NULL,1,'2020-06-02 15:00:37','2020-06-03 14:44:45'),
	(3,'velit cumque rerum','CVTFQBN4CKOA8MC4','percent',19.00,1000,0,650.00,NULL,NULL,1,'2020-06-02 15:00:37','2020-06-02 15:00:37'),
	(4,'eveniet quia et','H1PTXI42RZN0T2BI','fixed',185.00,1000,0,185.01,NULL,NULL,1,'2020-06-02 15:00:37','2020-06-02 15:00:37'),
	(6,'aut aut adipisci','JPTKOTOOD9E9KGZX','percent',25.00,1000,0,420.00,NULL,NULL,1,'2020-06-02 15:00:37','2020-06-02 15:00:37'),
	(7,'et similique velit','P6JOO0OHD7VTJJNA','fixed',186.00,1000,0,186.01,NULL,NULL,1,'2020-06-02 15:00:37','2020-06-02 15:00:37'),
	(8,'voluptatem facere repellat','8TPQ5WAEVJLOGPJI','percent',33.00,1000,0,0.00,NULL,NULL,1,'2020-06-02 15:00:37','2020-06-02 15:00:37'),
	(9,'rerum aliquid accusamus','7A0MG1GQNFSMRYXK','fixed',144.00,1000,0,144.01,NULL,NULL,1,'2020-06-02 15:00:37','2020-06-02 15:00:37'),
	(10,'rem quos aut','TN9KN0CJLL24NCDR','percent',40.00,1000,0,664.00,NULL,NULL,1,'2020-06-02 15:00:37','2020-06-02 15:00:37'),
	(11,'开业半价优惠','WELCOME','percent',50.00,1000,0,0.00,NULL,NULL,1,'2020-06-02 17:36:29','2020-06-02 17:58:30');

/*!40000 ALTER TABLE `coupon_codes` ENABLE KEYS */;
UNLOCK TABLES;


# Dump of table failed_jobs
# ------------------------------------------------------------

DROP TABLE IF EXISTS `failed_jobs`;

CREATE TABLE `failed_jobs` (
  `id` bigint(20) unsigned NOT NULL AUTO_INCREMENT,
  `connection` text COLLATE utf8mb4_unicode_ci NOT NULL,
  `queue` text COLLATE utf8mb4_unicode_ci NOT NULL,
  `payload` longtext COLLATE utf8mb4_unicode_ci NOT NULL,
  `exception` longtext COLLATE utf8mb4_unicode_ci NOT NULL,
  `failed_at` timestamp NOT NULL DEFAULT CURRENT_TIMESTAMP,
  PRIMARY KEY (`id`)
) ENGINE=InnoDB DEFAULT CHARSET=utf8mb4 COLLATE=utf8mb4_unicode_ci;

LOCK TABLES `failed_jobs` WRITE;
/*!40000 ALTER TABLE `failed_jobs` DISABLE KEYS */;

INSERT INTO `failed_jobs` (`id`, `connection`, `queue`, `payload`, `exception`, `failed_at`)
VALUES
	(1,'redis','default','{\"uuid\":\"b73452f1-db34-4c80-99f9-f94ac08420f3\",\"displayName\":\"App\\\\Jobs\\\\CloseOrder\",\"job\":\"Illuminate\\\\Queue\\\\CallQueuedHandler@call\",\"maxTries\":null,\"maxExceptions\":null,\"delay\":null,\"timeout\":null,\"timeoutAt\":null,\"data\":{\"commandName\":\"App\\\\Jobs\\\\CloseOrder\",\"command\":\"O:19:\\\"App\\\\Jobs\\\\CloseOrder\\\":8:{s:3:\\\"job\\\";N;s:10:\\\"connection\\\";N;s:5:\\\"queue\\\";N;s:15:\\\"chainConnection\\\";N;s:10:\\\"chainQueue\\\";N;s:5:\\\"delay\\\";i:30;s:10:\\\"middleware\\\";a:0:{}s:7:\\\"chained\\\";a:0:{}}\"},\"id\":\"xqg61OMCsTOvMY8RFoywU51a4gfFuitK\",\"attempts\":0}','ErrorException: Undefined property: App\\Jobs\\CloseOrder::$order in /home/vagrant/Code/laravel-shop/app/Jobs/CloseOrder.php:25\nStack trace:\n#0 /home/vagrant/Code/laravel-shop/app/Jobs/CloseOrder.php(25): Illuminate\\Foundation\\Bootstrap\\HandleExceptions->handleError(8, \'Undefined prope...\', \'/home/vagrant/C...\', 25, Array)\n#1 [internal function]: App\\Jobs\\CloseOrder->handle()\n#2 /home/vagrant/Code/laravel-shop/vendor/laravel/framework/src/Illuminate/Container/BoundMethod.php(33): call_user_func_array(Array, Array)\n#3 /home/vagrant/Code/laravel-shop/vendor/laravel/framework/src/Illuminate/Container/Util.php(36): Illuminate\\Container\\BoundMethod::Illuminate\\Container\\{closure}()\n#4 /home/vagrant/Code/laravel-shop/vendor/laravel/framework/src/Illuminate/Container/BoundMethod.php(91): Illuminate\\Container\\Util::unwrapIfClosure(Object(Closure))\n#5 /home/vagrant/Code/laravel-shop/vendor/laravel/framework/src/Illuminate/Container/BoundMethod.php(35): Illuminate\\Container\\BoundMethod::callBoundMethod(Object(Illuminate\\Foundation\\Application), Array, Object(Closure))\n#6 /home/vagrant/Code/laravel-shop/vendor/laravel/framework/src/Illuminate/Container/Container.php(592): Illuminate\\Container\\BoundMethod::call(Object(Illuminate\\Foundation\\Application), Array, Array, NULL)\n#7 /home/vagrant/Code/laravel-shop/vendor/laravel/framework/src/Illuminate/Bus/Dispatcher.php(94): Illuminate\\Container\\Container->call(Array)\n#8 /home/vagrant/Code/laravel-shop/vendor/laravel/framework/src/Illuminate/Pipeline/Pipeline.php(128): Illuminate\\Bus\\Dispatcher->Illuminate\\Bus\\{closure}(Object(App\\Jobs\\CloseOrder))\n#9 /home/vagrant/Code/laravel-shop/vendor/laravel/framework/src/Illuminate/Pipeline/Pipeline.php(103): Illuminate\\Pipeline\\Pipeline->Illuminate\\Pipeline\\{closure}(Object(App\\Jobs\\CloseOrder))\n#10 /home/vagrant/Code/laravel-shop/vendor/laravel/framework/src/Illuminate/Bus/Dispatcher.php(98): Illuminate\\Pipeline\\Pipeline->then(Object(Closure))\n#11 /home/vagrant/Code/laravel-shop/vendor/laravel/framework/src/Illuminate/Queue/CallQueuedHandler.php(83): Illuminate\\Bus\\Dispatcher->dispatchNow(Object(App\\Jobs\\CloseOrder), false)\n#12 /home/vagrant/Code/laravel-shop/vendor/laravel/framework/src/Illuminate/Pipeline/Pipeline.php(128): Illuminate\\Queue\\CallQueuedHandler->Illuminate\\Queue\\{closure}(Object(App\\Jobs\\CloseOrder))\n#13 /home/vagrant/Code/laravel-shop/vendor/laravel/framework/src/Illuminate/Pipeline/Pipeline.php(103): Illuminate\\Pipeline\\Pipeline->Illuminate\\Pipeline\\{closure}(Object(App\\Jobs\\CloseOrder))\n#14 /home/vagrant/Code/laravel-shop/vendor/laravel/framework/src/Illuminate/Queue/CallQueuedHandler.php(85): Illuminate\\Pipeline\\Pipeline->then(Object(Closure))\n#15 /home/vagrant/Code/laravel-shop/vendor/laravel/framework/src/Illuminate/Queue/CallQueuedHandler.php(59): Illuminate\\Queue\\CallQueuedHandler->dispatchThroughMiddleware(Object(Illuminate\\Queue\\Jobs\\RedisJob), Object(App\\Jobs\\CloseOrder))\n#16 /home/vagrant/Code/laravel-shop/vendor/laravel/framework/src/Illuminate/Queue/Jobs/Job.php(98): Illuminate\\Queue\\CallQueuedHandler->call(Object(Illuminate\\Queue\\Jobs\\RedisJob), Array)\n#17 /home/vagrant/Code/laravel-shop/vendor/laravel/framework/src/Illuminate/Queue/Worker.php(356): Illuminate\\Queue\\Jobs\\Job->fire()\n#18 /home/vagrant/Code/laravel-shop/vendor/laravel/framework/src/Illuminate/Queue/Worker.php(306): Illuminate\\Queue\\Worker->process(\'redis\', Object(Illuminate\\Queue\\Jobs\\RedisJob), Object(Illuminate\\Queue\\WorkerOptions))\n#19 /home/vagrant/Code/laravel-shop/vendor/laravel/framework/src/Illuminate/Queue/Worker.php(132): Illuminate\\Queue\\Worker->runJob(Object(Illuminate\\Queue\\Jobs\\RedisJob), \'redis\', Object(Illuminate\\Queue\\WorkerOptions))\n#20 /home/vagrant/Code/laravel-shop/vendor/laravel/framework/src/Illuminate/Queue/Console/WorkCommand.php(112): Illuminate\\Queue\\Worker->daemon(\'redis\', \'default\', Object(Illuminate\\Queue\\WorkerOptions))\n#21 /home/vagrant/Code/laravel-shop/vendor/laravel/framework/src/Illuminate/Queue/Console/WorkCommand.php(96): Illuminate\\Queue\\Console\\WorkCommand->runWorker(\'redis\', \'default\')\n#22 [internal function]: Illuminate\\Queue\\Console\\WorkCommand->handle()\n#23 /home/vagrant/Code/laravel-shop/vendor/laravel/framework/src/Illuminate/Container/BoundMethod.php(33): call_user_func_array(Array, Array)\n#24 /home/vagrant/Code/laravel-shop/vendor/laravel/framework/src/Illuminate/Container/Util.php(36): Illuminate\\Container\\BoundMethod::Illuminate\\Container\\{closure}()\n#25 /home/vagrant/Code/laravel-shop/vendor/laravel/framework/src/Illuminate/Container/BoundMethod.php(91): Illuminate\\Container\\Util::unwrapIfClosure(Object(Closure))\n#26 /home/vagrant/Code/laravel-shop/vendor/laravel/framework/src/Illuminate/Container/BoundMethod.php(35): Illuminate\\Container\\BoundMethod::callBoundMethod(Object(Illuminate\\Foundation\\Application), Array, Object(Closure))\n#27 /home/vagrant/Code/laravel-shop/vendor/laravel/framework/src/Illuminate/Container/Container.php(592): Illuminate\\Container\\BoundMethod::call(Object(Illuminate\\Foundation\\Application), Array, Array, NULL)\n#28 /home/vagrant/Code/laravel-shop/vendor/laravel/framework/src/Illuminate/Console/Command.php(134): Illuminate\\Container\\Container->call(Array)\n#29 /home/vagrant/Code/laravel-shop/vendor/symfony/console/Command/Command.php(255): Illuminate\\Console\\Command->execute(Object(Symfony\\Component\\Console\\Input\\ArgvInput), Object(Illuminate\\Console\\OutputStyle))\n#30 /home/vagrant/Code/laravel-shop/vendor/laravel/framework/src/Illuminate/Console/Command.php(121): Symfony\\Component\\Console\\Command\\Command->run(Object(Symfony\\Component\\Console\\Input\\ArgvInput), Object(Illuminate\\Console\\OutputStyle))\n#31 /home/vagrant/Code/laravel-shop/vendor/symfony/console/Application.php(912): Illuminate\\Console\\Command->run(Object(Symfony\\Component\\Console\\Input\\ArgvInput), Object(Symfony\\Component\\Console\\Output\\ConsoleOutput))\n#32 /home/vagrant/Code/laravel-shop/vendor/symfony/console/Application.php(264): Symfony\\Component\\Console\\Application->doRunCommand(Object(Illuminate\\Queue\\Console\\WorkCommand), Object(Symfony\\Component\\Console\\Input\\ArgvInput), Object(Symfony\\Component\\Console\\Output\\ConsoleOutput))\n#33 /home/vagrant/Code/laravel-shop/vendor/symfony/console/Application.php(140): Symfony\\Component\\Console\\Application->doRun(Object(Symfony\\Component\\Console\\Input\\ArgvInput), Object(Symfony\\Component\\Console\\Output\\ConsoleOutput))\n#34 /home/vagrant/Code/laravel-shop/vendor/laravel/framework/src/Illuminate/Console/Application.php(93): Symfony\\Component\\Console\\Application->run(Object(Symfony\\Component\\Console\\Input\\ArgvInput), Object(Symfony\\Component\\Console\\Output\\ConsoleOutput))\n#35 /home/vagrant/Code/laravel-shop/vendor/laravel/framework/src/Illuminate/Foundation/Console/Kernel.php(129): Illuminate\\Console\\Application->run(Object(Symfony\\Component\\Console\\Input\\ArgvInput), Object(Symfony\\Component\\Console\\Output\\ConsoleOutput))\n#36 /home/vagrant/Code/laravel-shop/artisan(37): Illuminate\\Foundation\\Console\\Kernel->handle(Object(Symfony\\Component\\Console\\Input\\ArgvInput), Object(Symfony\\Component\\Console\\Output\\ConsoleOutput))\n#37 {main}','2020-05-27 11:49:50'),
	(2,'redis','default','{\"uuid\":\"65af0d3c-16c5-4142-a973-ad119c0d8721\",\"displayName\":\"App\\\\Jobs\\\\CloseOrder\",\"job\":\"Illuminate\\\\Queue\\\\CallQueuedHandler@call\",\"maxTries\":null,\"maxExceptions\":null,\"delay\":null,\"timeout\":null,\"timeoutAt\":null,\"data\":{\"commandName\":\"App\\\\Jobs\\\\CloseOrder\",\"command\":\"O:19:\\\"App\\\\Jobs\\\\CloseOrder\\\":8:{s:3:\\\"job\\\";N;s:10:\\\"connection\\\";N;s:5:\\\"queue\\\";N;s:15:\\\"chainConnection\\\";N;s:10:\\\"chainQueue\\\";N;s:5:\\\"delay\\\";i:30;s:10:\\\"middleware\\\";a:0:{}s:7:\\\"chained\\\";a:0:{}}\"},\"id\":\"7DnCoE5T79tnqB0gGs08qZsIy1YeS3KI\",\"attempts\":0}','ErrorException: Undefined property: App\\Jobs\\CloseOrder::$order in /home/vagrant/Code/laravel-shop/app/Jobs/CloseOrder.php:25\nStack trace:\n#0 /home/vagrant/Code/laravel-shop/app/Jobs/CloseOrder.php(25): Illuminate\\Foundation\\Bootstrap\\HandleExceptions->handleError(8, \'Undefined prope...\', \'/home/vagrant/C...\', 25, Array)\n#1 [internal function]: App\\Jobs\\CloseOrder->handle()\n#2 /home/vagrant/Code/laravel-shop/vendor/laravel/framework/src/Illuminate/Container/BoundMethod.php(33): call_user_func_array(Array, Array)\n#3 /home/vagrant/Code/laravel-shop/vendor/laravel/framework/src/Illuminate/Container/Util.php(36): Illuminate\\Container\\BoundMethod::Illuminate\\Container\\{closure}()\n#4 /home/vagrant/Code/laravel-shop/vendor/laravel/framework/src/Illuminate/Container/BoundMethod.php(91): Illuminate\\Container\\Util::unwrapIfClosure(Object(Closure))\n#5 /home/vagrant/Code/laravel-shop/vendor/laravel/framework/src/Illuminate/Container/BoundMethod.php(35): Illuminate\\Container\\BoundMethod::callBoundMethod(Object(Illuminate\\Foundation\\Application), Array, Object(Closure))\n#6 /home/vagrant/Code/laravel-shop/vendor/laravel/framework/src/Illuminate/Container/Container.php(592): Illuminate\\Container\\BoundMethod::call(Object(Illuminate\\Foundation\\Application), Array, Array, NULL)\n#7 /home/vagrant/Code/laravel-shop/vendor/laravel/framework/src/Illuminate/Bus/Dispatcher.php(94): Illuminate\\Container\\Container->call(Array)\n#8 /home/vagrant/Code/laravel-shop/vendor/laravel/framework/src/Illuminate/Pipeline/Pipeline.php(128): Illuminate\\Bus\\Dispatcher->Illuminate\\Bus\\{closure}(Object(App\\Jobs\\CloseOrder))\n#9 /home/vagrant/Code/laravel-shop/vendor/laravel/framework/src/Illuminate/Pipeline/Pipeline.php(103): Illuminate\\Pipeline\\Pipeline->Illuminate\\Pipeline\\{closure}(Object(App\\Jobs\\CloseOrder))\n#10 /home/vagrant/Code/laravel-shop/vendor/laravel/framework/src/Illuminate/Bus/Dispatcher.php(98): Illuminate\\Pipeline\\Pipeline->then(Object(Closure))\n#11 /home/vagrant/Code/laravel-shop/vendor/laravel/framework/src/Illuminate/Queue/CallQueuedHandler.php(83): Illuminate\\Bus\\Dispatcher->dispatchNow(Object(App\\Jobs\\CloseOrder), false)\n#12 /home/vagrant/Code/laravel-shop/vendor/laravel/framework/src/Illuminate/Pipeline/Pipeline.php(128): Illuminate\\Queue\\CallQueuedHandler->Illuminate\\Queue\\{closure}(Object(App\\Jobs\\CloseOrder))\n#13 /home/vagrant/Code/laravel-shop/vendor/laravel/framework/src/Illuminate/Pipeline/Pipeline.php(103): Illuminate\\Pipeline\\Pipeline->Illuminate\\Pipeline\\{closure}(Object(App\\Jobs\\CloseOrder))\n#14 /home/vagrant/Code/laravel-shop/vendor/laravel/framework/src/Illuminate/Queue/CallQueuedHandler.php(85): Illuminate\\Pipeline\\Pipeline->then(Object(Closure))\n#15 /home/vagrant/Code/laravel-shop/vendor/laravel/framework/src/Illuminate/Queue/CallQueuedHandler.php(59): Illuminate\\Queue\\CallQueuedHandler->dispatchThroughMiddleware(Object(Illuminate\\Queue\\Jobs\\RedisJob), Object(App\\Jobs\\CloseOrder))\n#16 /home/vagrant/Code/laravel-shop/vendor/laravel/framework/src/Illuminate/Queue/Jobs/Job.php(98): Illuminate\\Queue\\CallQueuedHandler->call(Object(Illuminate\\Queue\\Jobs\\RedisJob), Array)\n#17 /home/vagrant/Code/laravel-shop/vendor/laravel/framework/src/Illuminate/Queue/Worker.php(356): Illuminate\\Queue\\Jobs\\Job->fire()\n#18 /home/vagrant/Code/laravel-shop/vendor/laravel/framework/src/Illuminate/Queue/Worker.php(306): Illuminate\\Queue\\Worker->process(\'redis\', Object(Illuminate\\Queue\\Jobs\\RedisJob), Object(Illuminate\\Queue\\WorkerOptions))\n#19 /home/vagrant/Code/laravel-shop/vendor/laravel/framework/src/Illuminate/Queue/Worker.php(132): Illuminate\\Queue\\Worker->runJob(Object(Illuminate\\Queue\\Jobs\\RedisJob), \'redis\', Object(Illuminate\\Queue\\WorkerOptions))\n#20 /home/vagrant/Code/laravel-shop/vendor/laravel/framework/src/Illuminate/Queue/Console/WorkCommand.php(112): Illuminate\\Queue\\Worker->daemon(\'redis\', \'default\', Object(Illuminate\\Queue\\WorkerOptions))\n#21 /home/vagrant/Code/laravel-shop/vendor/laravel/framework/src/Illuminate/Queue/Console/WorkCommand.php(96): Illuminate\\Queue\\Console\\WorkCommand->runWorker(\'redis\', \'default\')\n#22 [internal function]: Illuminate\\Queue\\Console\\WorkCommand->handle()\n#23 /home/vagrant/Code/laravel-shop/vendor/laravel/framework/src/Illuminate/Container/BoundMethod.php(33): call_user_func_array(Array, Array)\n#24 /home/vagrant/Code/laravel-shop/vendor/laravel/framework/src/Illuminate/Container/Util.php(36): Illuminate\\Container\\BoundMethod::Illuminate\\Container\\{closure}()\n#25 /home/vagrant/Code/laravel-shop/vendor/laravel/framework/src/Illuminate/Container/BoundMethod.php(91): Illuminate\\Container\\Util::unwrapIfClosure(Object(Closure))\n#26 /home/vagrant/Code/laravel-shop/vendor/laravel/framework/src/Illuminate/Container/BoundMethod.php(35): Illuminate\\Container\\BoundMethod::callBoundMethod(Object(Illuminate\\Foundation\\Application), Array, Object(Closure))\n#27 /home/vagrant/Code/laravel-shop/vendor/laravel/framework/src/Illuminate/Container/Container.php(592): Illuminate\\Container\\BoundMethod::call(Object(Illuminate\\Foundation\\Application), Array, Array, NULL)\n#28 /home/vagrant/Code/laravel-shop/vendor/laravel/framework/src/Illuminate/Console/Command.php(134): Illuminate\\Container\\Container->call(Array)\n#29 /home/vagrant/Code/laravel-shop/vendor/symfony/console/Command/Command.php(255): Illuminate\\Console\\Command->execute(Object(Symfony\\Component\\Console\\Input\\ArgvInput), Object(Illuminate\\Console\\OutputStyle))\n#30 /home/vagrant/Code/laravel-shop/vendor/laravel/framework/src/Illuminate/Console/Command.php(121): Symfony\\Component\\Console\\Command\\Command->run(Object(Symfony\\Component\\Console\\Input\\ArgvInput), Object(Illuminate\\Console\\OutputStyle))\n#31 /home/vagrant/Code/laravel-shop/vendor/symfony/console/Application.php(912): Illuminate\\Console\\Command->run(Object(Symfony\\Component\\Console\\Input\\ArgvInput), Object(Symfony\\Component\\Console\\Output\\ConsoleOutput))\n#32 /home/vagrant/Code/laravel-shop/vendor/symfony/console/Application.php(264): Symfony\\Component\\Console\\Application->doRunCommand(Object(Illuminate\\Queue\\Console\\WorkCommand), Object(Symfony\\Component\\Console\\Input\\ArgvInput), Object(Symfony\\Component\\Console\\Output\\ConsoleOutput))\n#33 /home/vagrant/Code/laravel-shop/vendor/symfony/console/Application.php(140): Symfony\\Component\\Console\\Application->doRun(Object(Symfony\\Component\\Console\\Input\\ArgvInput), Object(Symfony\\Component\\Console\\Output\\ConsoleOutput))\n#34 /home/vagrant/Code/laravel-shop/vendor/laravel/framework/src/Illuminate/Console/Application.php(93): Symfony\\Component\\Console\\Application->run(Object(Symfony\\Component\\Console\\Input\\ArgvInput), Object(Symfony\\Component\\Console\\Output\\ConsoleOutput))\n#35 /home/vagrant/Code/laravel-shop/vendor/laravel/framework/src/Illuminate/Foundation/Console/Kernel.php(129): Illuminate\\Console\\Application->run(Object(Symfony\\Component\\Console\\Input\\ArgvInput), Object(Symfony\\Component\\Console\\Output\\ConsoleOutput))\n#36 /home/vagrant/Code/laravel-shop/artisan(37): Illuminate\\Foundation\\Console\\Kernel->handle(Object(Symfony\\Component\\Console\\Input\\ArgvInput), Object(Symfony\\Component\\Console\\Output\\ConsoleOutput))\n#37 {main}','2020-05-27 11:55:57'),
	(3,'redis','default','{\"uuid\":\"abbf058a-10b3-42ee-ac0e-ed6591f2c268\",\"displayName\":\"App\\\\Jobs\\\\CloseOrder\",\"job\":\"Illuminate\\\\Queue\\\\CallQueuedHandler@call\",\"maxTries\":null,\"maxExceptions\":null,\"delay\":null,\"timeout\":null,\"timeoutAt\":null,\"data\":{\"commandName\":\"App\\\\Jobs\\\\CloseOrder\",\"command\":\"O:19:\\\"App\\\\Jobs\\\\CloseOrder\\\":8:{s:3:\\\"job\\\";N;s:10:\\\"connection\\\";N;s:5:\\\"queue\\\";N;s:15:\\\"chainConnection\\\";N;s:10:\\\"chainQueue\\\";N;s:5:\\\"delay\\\";i:30;s:10:\\\"middleware\\\";a:0:{}s:7:\\\"chained\\\";a:0:{}}\"},\"id\":\"PokI4wf3E2KAa9L9CTUBcTUpc5DruBX4\",\"attempts\":0}','ErrorException: Undefined property: App\\Jobs\\CloseOrder::$order in /home/vagrant/Code/laravel-shop/app/Jobs/CloseOrder.php:42\nStack trace:\n#0 /home/vagrant/Code/laravel-shop/app/Jobs/CloseOrder.php(42): Illuminate\\Foundation\\Bootstrap\\HandleExceptions->handleError(8, \'Undefined prope...\', \'/home/vagrant/C...\', 42, Array)\n#1 [internal function]: App\\Jobs\\CloseOrder->handle()\n#2 /home/vagrant/Code/laravel-shop/vendor/laravel/framework/src/Illuminate/Container/BoundMethod.php(33): call_user_func_array(Array, Array)\n#3 /home/vagrant/Code/laravel-shop/vendor/laravel/framework/src/Illuminate/Container/Util.php(36): Illuminate\\Container\\BoundMethod::Illuminate\\Container\\{closure}()\n#4 /home/vagrant/Code/laravel-shop/vendor/laravel/framework/src/Illuminate/Container/BoundMethod.php(91): Illuminate\\Container\\Util::unwrapIfClosure(Object(Closure))\n#5 /home/vagrant/Code/laravel-shop/vendor/laravel/framework/src/Illuminate/Container/BoundMethod.php(35): Illuminate\\Container\\BoundMethod::callBoundMethod(Object(Illuminate\\Foundation\\Application), Array, Object(Closure))\n#6 /home/vagrant/Code/laravel-shop/vendor/laravel/framework/src/Illuminate/Container/Container.php(592): Illuminate\\Container\\BoundMethod::call(Object(Illuminate\\Foundation\\Application), Array, Array, NULL)\n#7 /home/vagrant/Code/laravel-shop/vendor/laravel/framework/src/Illuminate/Bus/Dispatcher.php(94): Illuminate\\Container\\Container->call(Array)\n#8 /home/vagrant/Code/laravel-shop/vendor/laravel/framework/src/Illuminate/Pipeline/Pipeline.php(128): Illuminate\\Bus\\Dispatcher->Illuminate\\Bus\\{closure}(Object(App\\Jobs\\CloseOrder))\n#9 /home/vagrant/Code/laravel-shop/vendor/laravel/framework/src/Illuminate/Pipeline/Pipeline.php(103): Illuminate\\Pipeline\\Pipeline->Illuminate\\Pipeline\\{closure}(Object(App\\Jobs\\CloseOrder))\n#10 /home/vagrant/Code/laravel-shop/vendor/laravel/framework/src/Illuminate/Bus/Dispatcher.php(98): Illuminate\\Pipeline\\Pipeline->then(Object(Closure))\n#11 /home/vagrant/Code/laravel-shop/vendor/laravel/framework/src/Illuminate/Queue/CallQueuedHandler.php(83): Illuminate\\Bus\\Dispatcher->dispatchNow(Object(App\\Jobs\\CloseOrder), false)\n#12 /home/vagrant/Code/laravel-shop/vendor/laravel/framework/src/Illuminate/Pipeline/Pipeline.php(128): Illuminate\\Queue\\CallQueuedHandler->Illuminate\\Queue\\{closure}(Object(App\\Jobs\\CloseOrder))\n#13 /home/vagrant/Code/laravel-shop/vendor/laravel/framework/src/Illuminate/Pipeline/Pipeline.php(103): Illuminate\\Pipeline\\Pipeline->Illuminate\\Pipeline\\{closure}(Object(App\\Jobs\\CloseOrder))\n#14 /home/vagrant/Code/laravel-shop/vendor/laravel/framework/src/Illuminate/Queue/CallQueuedHandler.php(85): Illuminate\\Pipeline\\Pipeline->then(Object(Closure))\n#15 /home/vagrant/Code/laravel-shop/vendor/laravel/framework/src/Illuminate/Queue/CallQueuedHandler.php(59): Illuminate\\Queue\\CallQueuedHandler->dispatchThroughMiddleware(Object(Illuminate\\Queue\\Jobs\\RedisJob), Object(App\\Jobs\\CloseOrder))\n#16 /home/vagrant/Code/laravel-shop/vendor/laravel/framework/src/Illuminate/Queue/Jobs/Job.php(98): Illuminate\\Queue\\CallQueuedHandler->call(Object(Illuminate\\Queue\\Jobs\\RedisJob), Array)\n#17 /home/vagrant/Code/laravel-shop/vendor/laravel/framework/src/Illuminate/Queue/Worker.php(356): Illuminate\\Queue\\Jobs\\Job->fire()\n#18 /home/vagrant/Code/laravel-shop/vendor/laravel/framework/src/Illuminate/Queue/Worker.php(306): Illuminate\\Queue\\Worker->process(\'redis\', Object(Illuminate\\Queue\\Jobs\\RedisJob), Object(Illuminate\\Queue\\WorkerOptions))\n#19 /home/vagrant/Code/laravel-shop/vendor/laravel/framework/src/Illuminate/Queue/Worker.php(132): Illuminate\\Queue\\Worker->runJob(Object(Illuminate\\Queue\\Jobs\\RedisJob), \'redis\', Object(Illuminate\\Queue\\WorkerOptions))\n#20 /home/vagrant/Code/laravel-shop/vendor/laravel/framework/src/Illuminate/Queue/Console/WorkCommand.php(112): Illuminate\\Queue\\Worker->daemon(\'redis\', \'default\', Object(Illuminate\\Queue\\WorkerOptions))\n#21 /home/vagrant/Code/laravel-shop/vendor/laravel/framework/src/Illuminate/Queue/Console/WorkCommand.php(96): Illuminate\\Queue\\Console\\WorkCommand->runWorker(\'redis\', \'default\')\n#22 [internal function]: Illuminate\\Queue\\Console\\WorkCommand->handle()\n#23 /home/vagrant/Code/laravel-shop/vendor/laravel/framework/src/Illuminate/Container/BoundMethod.php(33): call_user_func_array(Array, Array)\n#24 /home/vagrant/Code/laravel-shop/vendor/laravel/framework/src/Illuminate/Container/Util.php(36): Illuminate\\Container\\BoundMethod::Illuminate\\Container\\{closure}()\n#25 /home/vagrant/Code/laravel-shop/vendor/laravel/framework/src/Illuminate/Container/BoundMethod.php(91): Illuminate\\Container\\Util::unwrapIfClosure(Object(Closure))\n#26 /home/vagrant/Code/laravel-shop/vendor/laravel/framework/src/Illuminate/Container/BoundMethod.php(35): Illuminate\\Container\\BoundMethod::callBoundMethod(Object(Illuminate\\Foundation\\Application), Array, Object(Closure))\n#27 /home/vagrant/Code/laravel-shop/vendor/laravel/framework/src/Illuminate/Container/Container.php(592): Illuminate\\Container\\BoundMethod::call(Object(Illuminate\\Foundation\\Application), Array, Array, NULL)\n#28 /home/vagrant/Code/laravel-shop/vendor/laravel/framework/src/Illuminate/Console/Command.php(134): Illuminate\\Container\\Container->call(Array)\n#29 /home/vagrant/Code/laravel-shop/vendor/symfony/console/Command/Command.php(255): Illuminate\\Console\\Command->execute(Object(Symfony\\Component\\Console\\Input\\ArgvInput), Object(Illuminate\\Console\\OutputStyle))\n#30 /home/vagrant/Code/laravel-shop/vendor/laravel/framework/src/Illuminate/Console/Command.php(121): Symfony\\Component\\Console\\Command\\Command->run(Object(Symfony\\Component\\Console\\Input\\ArgvInput), Object(Illuminate\\Console\\OutputStyle))\n#31 /home/vagrant/Code/laravel-shop/vendor/symfony/console/Application.php(912): Illuminate\\Console\\Command->run(Object(Symfony\\Component\\Console\\Input\\ArgvInput), Object(Symfony\\Component\\Console\\Output\\ConsoleOutput))\n#32 /home/vagrant/Code/laravel-shop/vendor/symfony/console/Application.php(264): Symfony\\Component\\Console\\Application->doRunCommand(Object(Illuminate\\Queue\\Console\\WorkCommand), Object(Symfony\\Component\\Console\\Input\\ArgvInput), Object(Symfony\\Component\\Console\\Output\\ConsoleOutput))\n#33 /home/vagrant/Code/laravel-shop/vendor/symfony/console/Application.php(140): Symfony\\Component\\Console\\Application->doRun(Object(Symfony\\Component\\Console\\Input\\ArgvInput), Object(Symfony\\Component\\Console\\Output\\ConsoleOutput))\n#34 /home/vagrant/Code/laravel-shop/vendor/laravel/framework/src/Illuminate/Console/Application.php(93): Symfony\\Component\\Console\\Application->run(Object(Symfony\\Component\\Console\\Input\\ArgvInput), Object(Symfony\\Component\\Console\\Output\\ConsoleOutput))\n#35 /home/vagrant/Code/laravel-shop/vendor/laravel/framework/src/Illuminate/Foundation/Console/Kernel.php(129): Illuminate\\Console\\Application->run(Object(Symfony\\Component\\Console\\Input\\ArgvInput), Object(Symfony\\Component\\Console\\Output\\ConsoleOutput))\n#36 /home/vagrant/Code/laravel-shop/artisan(37): Illuminate\\Foundation\\Console\\Kernel->handle(Object(Symfony\\Component\\Console\\Input\\ArgvInput), Object(Symfony\\Component\\Console\\Output\\ConsoleOutput))\n#37 {main}','2020-05-27 12:00:12'),
	(4,'redis','default','{\"uuid\":\"ead1572c-8345-43d5-8de6-12b8b532a28f\",\"displayName\":\"App\\\\Listeners\\\\UpdateProductRating\",\"job\":\"Illuminate\\\\Queue\\\\CallQueuedHandler@call\",\"maxTries\":null,\"maxExceptions\":null,\"delay\":null,\"timeout\":null,\"timeoutAt\":null,\"data\":{\"commandName\":\"Illuminate\\\\Events\\\\CallQueuedListener\",\"command\":\"O:36:\\\"Illuminate\\\\Events\\\\CallQueuedListener\\\":8:{s:5:\\\"class\\\";s:33:\\\"App\\\\Listeners\\\\UpdateProductRating\\\";s:6:\\\"method\\\";s:6:\\\"handle\\\";s:4:\\\"data\\\";a:1:{i:0;O:24:\\\"App\\\\Events\\\\OrderReviewed\\\":2:{s:8:\\\"\\u0000*\\u0000order\\\";O:45:\\\"Illuminate\\\\Contracts\\\\Database\\\\ModelIdentifier\\\":4:{s:5:\\\"class\\\";s:16:\\\"App\\\\Models\\\\Order\\\";s:2:\\\"id\\\";i:10;s:9:\\\"relations\\\";a:0:{}s:10:\\\"connection\\\";s:5:\\\"mysql\\\";}s:6:\\\"socket\\\";N;}}s:5:\\\"tries\\\";N;s:10:\\\"retryAfter\\\";N;s:9:\\\"timeoutAt\\\";N;s:7:\\\"timeout\\\";N;s:3:\\\"job\\\";N;}\"},\"id\":\"HJZHShXi5SLqsdRUI6zUPJaxFT9M9vet\",\"attempts\":0}','Error: Class \'App\\Listeners\\DB\' not found in /home/vagrant/Code/laravel-shop/app/Listeners/UpdateProductRating.php:24\nStack trace:\n#0 [internal function]: App\\Listeners\\UpdateProductRating->handle(Object(App\\Events\\OrderReviewed))\n#1 /home/vagrant/Code/laravel-shop/vendor/laravel/framework/src/Illuminate/Events/CallQueuedListener.php(93): call_user_func_array(Array, Array)\n#2 [internal function]: Illuminate\\Events\\CallQueuedListener->handle(Object(Illuminate\\Foundation\\Application))\n#3 /home/vagrant/Code/laravel-shop/vendor/laravel/framework/src/Illuminate/Container/BoundMethod.php(33): call_user_func_array(Array, Array)\n#4 /home/vagrant/Code/laravel-shop/vendor/laravel/framework/src/Illuminate/Container/Util.php(36): Illuminate\\Container\\BoundMethod::Illuminate\\Container\\{closure}()\n#5 /home/vagrant/Code/laravel-shop/vendor/laravel/framework/src/Illuminate/Container/BoundMethod.php(91): Illuminate\\Container\\Util::unwrapIfClosure(Object(Closure))\n#6 /home/vagrant/Code/laravel-shop/vendor/laravel/framework/src/Illuminate/Container/BoundMethod.php(35): Illuminate\\Container\\BoundMethod::callBoundMethod(Object(Illuminate\\Foundation\\Application), Array, Object(Closure))\n#7 /home/vagrant/Code/laravel-shop/vendor/laravel/framework/src/Illuminate/Container/Container.php(592): Illuminate\\Container\\BoundMethod::call(Object(Illuminate\\Foundation\\Application), Array, Array, NULL)\n#8 /home/vagrant/Code/laravel-shop/vendor/laravel/framework/src/Illuminate/Bus/Dispatcher.php(94): Illuminate\\Container\\Container->call(Array)\n#9 /home/vagrant/Code/laravel-shop/vendor/laravel/framework/src/Illuminate/Pipeline/Pipeline.php(128): Illuminate\\Bus\\Dispatcher->Illuminate\\Bus\\{closure}(Object(Illuminate\\Events\\CallQueuedListener))\n#10 /home/vagrant/Code/laravel-shop/vendor/laravel/framework/src/Illuminate/Pipeline/Pipeline.php(103): Illuminate\\Pipeline\\Pipeline->Illuminate\\Pipeline\\{closure}(Object(Illuminate\\Events\\CallQueuedListener))\n#11 /home/vagrant/Code/laravel-shop/vendor/laravel/framework/src/Illuminate/Bus/Dispatcher.php(98): Illuminate\\Pipeline\\Pipeline->then(Object(Closure))\n#12 /home/vagrant/Code/laravel-shop/vendor/laravel/framework/src/Illuminate/Queue/CallQueuedHandler.php(83): Illuminate\\Bus\\Dispatcher->dispatchNow(Object(Illuminate\\Events\\CallQueuedListener), false)\n#13 /home/vagrant/Code/laravel-shop/vendor/laravel/framework/src/Illuminate/Pipeline/Pipeline.php(128): Illuminate\\Queue\\CallQueuedHandler->Illuminate\\Queue\\{closure}(Object(Illuminate\\Events\\CallQueuedListener))\n#14 /home/vagrant/Code/laravel-shop/vendor/laravel/framework/src/Illuminate/Pipeline/Pipeline.php(103): Illuminate\\Pipeline\\Pipeline->Illuminate\\Pipeline\\{closure}(Object(Illuminate\\Events\\CallQueuedListener))\n#15 /home/vagrant/Code/laravel-shop/vendor/laravel/framework/src/Illuminate/Queue/CallQueuedHandler.php(85): Illuminate\\Pipeline\\Pipeline->then(Object(Closure))\n#16 /home/vagrant/Code/laravel-shop/vendor/laravel/framework/src/Illuminate/Queue/CallQueuedHandler.php(59): Illuminate\\Queue\\CallQueuedHandler->dispatchThroughMiddleware(Object(Illuminate\\Queue\\Jobs\\RedisJob), Object(Illuminate\\Events\\CallQueuedListener))\n#17 /home/vagrant/Code/laravel-shop/vendor/laravel/framework/src/Illuminate/Queue/Jobs/Job.php(98): Illuminate\\Queue\\CallQueuedHandler->call(Object(Illuminate\\Queue\\Jobs\\RedisJob), Array)\n#18 /home/vagrant/Code/laravel-shop/vendor/laravel/framework/src/Illuminate/Queue/Worker.php(356): Illuminate\\Queue\\Jobs\\Job->fire()\n#19 /home/vagrant/Code/laravel-shop/vendor/laravel/framework/src/Illuminate/Queue/Worker.php(306): Illuminate\\Queue\\Worker->process(\'redis\', Object(Illuminate\\Queue\\Jobs\\RedisJob), Object(Illuminate\\Queue\\WorkerOptions))\n#20 /home/vagrant/Code/laravel-shop/vendor/laravel/framework/src/Illuminate/Queue/Worker.php(132): Illuminate\\Queue\\Worker->runJob(Object(Illuminate\\Queue\\Jobs\\RedisJob), \'redis\', Object(Illuminate\\Queue\\WorkerOptions))\n#21 /home/vagrant/Code/laravel-shop/vendor/laravel/framework/src/Illuminate/Queue/Console/WorkCommand.php(112): Illuminate\\Queue\\Worker->daemon(\'redis\', \'default\', Object(Illuminate\\Queue\\WorkerOptions))\n#22 /home/vagrant/Code/laravel-shop/vendor/laravel/framework/src/Illuminate/Queue/Console/WorkCommand.php(96): Illuminate\\Queue\\Console\\WorkCommand->runWorker(\'redis\', \'default\')\n#23 [internal function]: Illuminate\\Queue\\Console\\WorkCommand->handle()\n#24 /home/vagrant/Code/laravel-shop/vendor/laravel/framework/src/Illuminate/Container/BoundMethod.php(33): call_user_func_array(Array, Array)\n#25 /home/vagrant/Code/laravel-shop/vendor/laravel/framework/src/Illuminate/Container/Util.php(36): Illuminate\\Container\\BoundMethod::Illuminate\\Container\\{closure}()\n#26 /home/vagrant/Code/laravel-shop/vendor/laravel/framework/src/Illuminate/Container/BoundMethod.php(91): Illuminate\\Container\\Util::unwrapIfClosure(Object(Closure))\n#27 /home/vagrant/Code/laravel-shop/vendor/laravel/framework/src/Illuminate/Container/BoundMethod.php(35): Illuminate\\Container\\BoundMethod::callBoundMethod(Object(Illuminate\\Foundation\\Application), Array, Object(Closure))\n#28 /home/vagrant/Code/laravel-shop/vendor/laravel/framework/src/Illuminate/Container/Container.php(592): Illuminate\\Container\\BoundMethod::call(Object(Illuminate\\Foundation\\Application), Array, Array, NULL)\n#29 /home/vagrant/Code/laravel-shop/vendor/laravel/framework/src/Illuminate/Console/Command.php(134): Illuminate\\Container\\Container->call(Array)\n#30 /home/vagrant/Code/laravel-shop/vendor/symfony/console/Command/Command.php(255): Illuminate\\Console\\Command->execute(Object(Symfony\\Component\\Console\\Input\\ArgvInput), Object(Illuminate\\Console\\OutputStyle))\n#31 /home/vagrant/Code/laravel-shop/vendor/laravel/framework/src/Illuminate/Console/Command.php(121): Symfony\\Component\\Console\\Command\\Command->run(Object(Symfony\\Component\\Console\\Input\\ArgvInput), Object(Illuminate\\Console\\OutputStyle))\n#32 /home/vagrant/Code/laravel-shop/vendor/symfony/console/Application.php(912): Illuminate\\Console\\Command->run(Object(Symfony\\Component\\Console\\Input\\ArgvInput), Object(Symfony\\Component\\Console\\Output\\ConsoleOutput))\n#33 /home/vagrant/Code/laravel-shop/vendor/symfony/console/Application.php(264): Symfony\\Component\\Console\\Application->doRunCommand(Object(Illuminate\\Queue\\Console\\WorkCommand), Object(Symfony\\Component\\Console\\Input\\ArgvInput), Object(Symfony\\Component\\Console\\Output\\ConsoleOutput))\n#34 /home/vagrant/Code/laravel-shop/vendor/symfony/console/Application.php(140): Symfony\\Component\\Console\\Application->doRun(Object(Symfony\\Component\\Console\\Input\\ArgvInput), Object(Symfony\\Component\\Console\\Output\\ConsoleOutput))\n#35 /home/vagrant/Code/laravel-shop/vendor/laravel/framework/src/Illuminate/Console/Application.php(93): Symfony\\Component\\Console\\Application->run(Object(Symfony\\Component\\Console\\Input\\ArgvInput), Object(Symfony\\Component\\Console\\Output\\ConsoleOutput))\n#36 /home/vagrant/Code/laravel-shop/vendor/laravel/framework/src/Illuminate/Foundation/Console/Kernel.php(129): Illuminate\\Console\\Application->run(Object(Symfony\\Component\\Console\\Input\\ArgvInput), Object(Symfony\\Component\\Console\\Output\\ConsoleOutput))\n#37 /home/vagrant/Code/laravel-shop/artisan(37): Illuminate\\Foundation\\Console\\Kernel->handle(Object(Symfony\\Component\\Console\\Input\\ArgvInput), Object(Symfony\\Component\\Console\\Output\\ConsoleOutput))\n#38 {main}','2020-05-29 16:54:10'),
	(5,'redis','default','{\"uuid\":\"c97ae251-9ed0-4779-8dd4-1ee97cd6745d\",\"displayName\":\"App\\\\Listeners\\\\UpdateProductRating\",\"job\":\"Illuminate\\\\Queue\\\\CallQueuedHandler@call\",\"maxTries\":null,\"maxExceptions\":null,\"delay\":null,\"timeout\":null,\"timeoutAt\":null,\"data\":{\"commandName\":\"Illuminate\\\\Events\\\\CallQueuedListener\",\"command\":\"O:36:\\\"Illuminate\\\\Events\\\\CallQueuedListener\\\":8:{s:5:\\\"class\\\";s:33:\\\"App\\\\Listeners\\\\UpdateProductRating\\\";s:6:\\\"method\\\";s:6:\\\"handle\\\";s:4:\\\"data\\\";a:1:{i:0;O:24:\\\"App\\\\Events\\\\OrderReviewed\\\":2:{s:8:\\\"\\u0000*\\u0000order\\\";O:45:\\\"Illuminate\\\\Contracts\\\\Database\\\\ModelIdentifier\\\":4:{s:5:\\\"class\\\";s:16:\\\"App\\\\Models\\\\Order\\\";s:2:\\\"id\\\";i:10;s:9:\\\"relations\\\";a:0:{}s:10:\\\"connection\\\";s:5:\\\"mysql\\\";}s:6:\\\"socket\\\";N;}}s:5:\\\"tries\\\";N;s:10:\\\"retryAfter\\\";N;s:9:\\\"timeoutAt\\\";N;s:7:\\\"timeout\\\";N;s:3:\\\"job\\\";N;}\"},\"id\":\"xhgSRJbxneYfnc3WjWlG3eeQPWvCRlpC\",\"attempts\":0}','Error: Call to undefined method Illuminate\\Database\\MySqlConnection::row() in /home/vagrant/Code/laravel-shop/vendor/laravel/framework/src/Illuminate/Database/DatabaseManager.php:367\nStack trace:\n#0 /home/vagrant/Code/laravel-shop/vendor/laravel/framework/src/Illuminate/Support/Facades/Facade.php(261): Illuminate\\Database\\DatabaseManager->__call(\'row\', Array)\n#1 /home/vagrant/Code/laravel-shop/app/Listeners/UpdateProductRating.php(25): Illuminate\\Support\\Facades\\Facade::__callStatic(\'row\', Array)\n#2 [internal function]: App\\Listeners\\UpdateProductRating->handle(Object(App\\Events\\OrderReviewed))\n#3 /home/vagrant/Code/laravel-shop/vendor/laravel/framework/src/Illuminate/Events/CallQueuedListener.php(93): call_user_func_array(Array, Array)\n#4 [internal function]: Illuminate\\Events\\CallQueuedListener->handle(Object(Illuminate\\Foundation\\Application))\n#5 /home/vagrant/Code/laravel-shop/vendor/laravel/framework/src/Illuminate/Container/BoundMethod.php(33): call_user_func_array(Array, Array)\n#6 /home/vagrant/Code/laravel-shop/vendor/laravel/framework/src/Illuminate/Container/Util.php(36): Illuminate\\Container\\BoundMethod::Illuminate\\Container\\{closure}()\n#7 /home/vagrant/Code/laravel-shop/vendor/laravel/framework/src/Illuminate/Container/BoundMethod.php(91): Illuminate\\Container\\Util::unwrapIfClosure(Object(Closure))\n#8 /home/vagrant/Code/laravel-shop/vendor/laravel/framework/src/Illuminate/Container/BoundMethod.php(35): Illuminate\\Container\\BoundMethod::callBoundMethod(Object(Illuminate\\Foundation\\Application), Array, Object(Closure))\n#9 /home/vagrant/Code/laravel-shop/vendor/laravel/framework/src/Illuminate/Container/Container.php(592): Illuminate\\Container\\BoundMethod::call(Object(Illuminate\\Foundation\\Application), Array, Array, NULL)\n#10 /home/vagrant/Code/laravel-shop/vendor/laravel/framework/src/Illuminate/Bus/Dispatcher.php(94): Illuminate\\Container\\Container->call(Array)\n#11 /home/vagrant/Code/laravel-shop/vendor/laravel/framework/src/Illuminate/Pipeline/Pipeline.php(128): Illuminate\\Bus\\Dispatcher->Illuminate\\Bus\\{closure}(Object(Illuminate\\Events\\CallQueuedListener))\n#12 /home/vagrant/Code/laravel-shop/vendor/laravel/framework/src/Illuminate/Pipeline/Pipeline.php(103): Illuminate\\Pipeline\\Pipeline->Illuminate\\Pipeline\\{closure}(Object(Illuminate\\Events\\CallQueuedListener))\n#13 /home/vagrant/Code/laravel-shop/vendor/laravel/framework/src/Illuminate/Bus/Dispatcher.php(98): Illuminate\\Pipeline\\Pipeline->then(Object(Closure))\n#14 /home/vagrant/Code/laravel-shop/vendor/laravel/framework/src/Illuminate/Queue/CallQueuedHandler.php(83): Illuminate\\Bus\\Dispatcher->dispatchNow(Object(Illuminate\\Events\\CallQueuedListener), false)\n#15 /home/vagrant/Code/laravel-shop/vendor/laravel/framework/src/Illuminate/Pipeline/Pipeline.php(128): Illuminate\\Queue\\CallQueuedHandler->Illuminate\\Queue\\{closure}(Object(Illuminate\\Events\\CallQueuedListener))\n#16 /home/vagrant/Code/laravel-shop/vendor/laravel/framework/src/Illuminate/Pipeline/Pipeline.php(103): Illuminate\\Pipeline\\Pipeline->Illuminate\\Pipeline\\{closure}(Object(Illuminate\\Events\\CallQueuedListener))\n#17 /home/vagrant/Code/laravel-shop/vendor/laravel/framework/src/Illuminate/Queue/CallQueuedHandler.php(85): Illuminate\\Pipeline\\Pipeline->then(Object(Closure))\n#18 /home/vagrant/Code/laravel-shop/vendor/laravel/framework/src/Illuminate/Queue/CallQueuedHandler.php(59): Illuminate\\Queue\\CallQueuedHandler->dispatchThroughMiddleware(Object(Illuminate\\Queue\\Jobs\\RedisJob), Object(Illuminate\\Events\\CallQueuedListener))\n#19 /home/vagrant/Code/laravel-shop/vendor/laravel/framework/src/Illuminate/Queue/Jobs/Job.php(98): Illuminate\\Queue\\CallQueuedHandler->call(Object(Illuminate\\Queue\\Jobs\\RedisJob), Array)\n#20 /home/vagrant/Code/laravel-shop/vendor/laravel/framework/src/Illuminate/Queue/Worker.php(356): Illuminate\\Queue\\Jobs\\Job->fire()\n#21 /home/vagrant/Code/laravel-shop/vendor/laravel/framework/src/Illuminate/Queue/Worker.php(306): Illuminate\\Queue\\Worker->process(\'redis\', Object(Illuminate\\Queue\\Jobs\\RedisJob), Object(Illuminate\\Queue\\WorkerOptions))\n#22 /home/vagrant/Code/laravel-shop/vendor/laravel/framework/src/Illuminate/Queue/Worker.php(132): Illuminate\\Queue\\Worker->runJob(Object(Illuminate\\Queue\\Jobs\\RedisJob), \'redis\', Object(Illuminate\\Queue\\WorkerOptions))\n#23 /home/vagrant/Code/laravel-shop/vendor/laravel/framework/src/Illuminate/Queue/Console/WorkCommand.php(112): Illuminate\\Queue\\Worker->daemon(\'redis\', \'default\', Object(Illuminate\\Queue\\WorkerOptions))\n#24 /home/vagrant/Code/laravel-shop/vendor/laravel/framework/src/Illuminate/Queue/Console/WorkCommand.php(96): Illuminate\\Queue\\Console\\WorkCommand->runWorker(\'redis\', \'default\')\n#25 [internal function]: Illuminate\\Queue\\Console\\WorkCommand->handle()\n#26 /home/vagrant/Code/laravel-shop/vendor/laravel/framework/src/Illuminate/Container/BoundMethod.php(33): call_user_func_array(Array, Array)\n#27 /home/vagrant/Code/laravel-shop/vendor/laravel/framework/src/Illuminate/Container/Util.php(36): Illuminate\\Container\\BoundMethod::Illuminate\\Container\\{closure}()\n#28 /home/vagrant/Code/laravel-shop/vendor/laravel/framework/src/Illuminate/Container/BoundMethod.php(91): Illuminate\\Container\\Util::unwrapIfClosure(Object(Closure))\n#29 /home/vagrant/Code/laravel-shop/vendor/laravel/framework/src/Illuminate/Container/BoundMethod.php(35): Illuminate\\Container\\BoundMethod::callBoundMethod(Object(Illuminate\\Foundation\\Application), Array, Object(Closure))\n#30 /home/vagrant/Code/laravel-shop/vendor/laravel/framework/src/Illuminate/Container/Container.php(592): Illuminate\\Container\\BoundMethod::call(Object(Illuminate\\Foundation\\Application), Array, Array, NULL)\n#31 /home/vagrant/Code/laravel-shop/vendor/laravel/framework/src/Illuminate/Console/Command.php(134): Illuminate\\Container\\Container->call(Array)\n#32 /home/vagrant/Code/laravel-shop/vendor/symfony/console/Command/Command.php(255): Illuminate\\Console\\Command->execute(Object(Symfony\\Component\\Console\\Input\\ArgvInput), Object(Illuminate\\Console\\OutputStyle))\n#33 /home/vagrant/Code/laravel-shop/vendor/laravel/framework/src/Illuminate/Console/Command.php(121): Symfony\\Component\\Console\\Command\\Command->run(Object(Symfony\\Component\\Console\\Input\\ArgvInput), Object(Illuminate\\Console\\OutputStyle))\n#34 /home/vagrant/Code/laravel-shop/vendor/symfony/console/Application.php(912): Illuminate\\Console\\Command->run(Object(Symfony\\Component\\Console\\Input\\ArgvInput), Object(Symfony\\Component\\Console\\Output\\ConsoleOutput))\n#35 /home/vagrant/Code/laravel-shop/vendor/symfony/console/Application.php(264): Symfony\\Component\\Console\\Application->doRunCommand(Object(Illuminate\\Queue\\Console\\WorkCommand), Object(Symfony\\Component\\Console\\Input\\ArgvInput), Object(Symfony\\Component\\Console\\Output\\ConsoleOutput))\n#36 /home/vagrant/Code/laravel-shop/vendor/symfony/console/Application.php(140): Symfony\\Component\\Console\\Application->doRun(Object(Symfony\\Component\\Console\\Input\\ArgvInput), Object(Symfony\\Component\\Console\\Output\\ConsoleOutput))\n#37 /home/vagrant/Code/laravel-shop/vendor/laravel/framework/src/Illuminate/Console/Application.php(93): Symfony\\Component\\Console\\Application->run(Object(Symfony\\Component\\Console\\Input\\ArgvInput), Object(Symfony\\Component\\Console\\Output\\ConsoleOutput))\n#38 /home/vagrant/Code/laravel-shop/vendor/laravel/framework/src/Illuminate/Foundation/Console/Kernel.php(129): Illuminate\\Console\\Application->run(Object(Symfony\\Component\\Console\\Input\\ArgvInput), Object(Symfony\\Component\\Console\\Output\\ConsoleOutput))\n#39 /home/vagrant/Code/laravel-shop/artisan(37): Illuminate\\Foundation\\Console\\Kernel->handle(Object(Symfony\\Component\\Console\\Input\\ArgvInput), Object(Symfony\\Component\\Console\\Output\\ConsoleOutput))\n#40 {main}','2020-05-29 16:58:48'),
	(6,'redis','default','{\"uuid\":\"6c4173fc-bc69-46e9-a246-8b6281b67007\",\"displayName\":\"App\\\\Listeners\\\\UpdateProductRating\",\"job\":\"Illuminate\\\\Queue\\\\CallQueuedHandler@call\",\"maxTries\":null,\"maxExceptions\":null,\"delay\":null,\"timeout\":null,\"timeoutAt\":null,\"data\":{\"commandName\":\"Illuminate\\\\Events\\\\CallQueuedListener\",\"command\":\"O:36:\\\"Illuminate\\\\Events\\\\CallQueuedListener\\\":8:{s:5:\\\"class\\\";s:33:\\\"App\\\\Listeners\\\\UpdateProductRating\\\";s:6:\\\"method\\\";s:6:\\\"handle\\\";s:4:\\\"data\\\";a:1:{i:0;O:24:\\\"App\\\\Events\\\\OrderReviewed\\\":2:{s:8:\\\"\\u0000*\\u0000order\\\";O:45:\\\"Illuminate\\\\Contracts\\\\Database\\\\ModelIdentifier\\\":4:{s:5:\\\"class\\\";s:16:\\\"App\\\\Models\\\\Order\\\";s:2:\\\"id\\\";i:10;s:9:\\\"relations\\\";a:0:{}s:10:\\\"connection\\\";s:5:\\\"mysql\\\";}s:6:\\\"socket\\\";N;}}s:5:\\\"tries\\\";N;s:10:\\\"retryAfter\\\";N;s:9:\\\"timeoutAt\\\";N;s:7:\\\"timeout\\\";N;s:3:\\\"job\\\";N;}\"},\"id\":\"tEWcHDojVjeGJHFZAyvmBUQkvZCh74SF\",\"attempts\":0}','Error: Call to undefined method Illuminate\\Database\\MySqlConnection::row() in /home/vagrant/Code/laravel-shop/vendor/laravel/framework/src/Illuminate/Database/DatabaseManager.php:367\nStack trace:\n#0 /home/vagrant/Code/laravel-shop/vendor/laravel/framework/src/Illuminate/Support/Facades/Facade.php(261): Illuminate\\Database\\DatabaseManager->__call(\'row\', Array)\n#1 /home/vagrant/Code/laravel-shop/app/Listeners/UpdateProductRating.php(25): Illuminate\\Support\\Facades\\Facade::__callStatic(\'row\', Array)\n#2 [internal function]: App\\Listeners\\UpdateProductRating->handle(Object(App\\Events\\OrderReviewed))\n#3 /home/vagrant/Code/laravel-shop/vendor/laravel/framework/src/Illuminate/Events/CallQueuedListener.php(93): call_user_func_array(Array, Array)\n#4 [internal function]: Illuminate\\Events\\CallQueuedListener->handle(Object(Illuminate\\Foundation\\Application))\n#5 /home/vagrant/Code/laravel-shop/vendor/laravel/framework/src/Illuminate/Container/BoundMethod.php(33): call_user_func_array(Array, Array)\n#6 /home/vagrant/Code/laravel-shop/vendor/laravel/framework/src/Illuminate/Container/Util.php(36): Illuminate\\Container\\BoundMethod::Illuminate\\Container\\{closure}()\n#7 /home/vagrant/Code/laravel-shop/vendor/laravel/framework/src/Illuminate/Container/BoundMethod.php(91): Illuminate\\Container\\Util::unwrapIfClosure(Object(Closure))\n#8 /home/vagrant/Code/laravel-shop/vendor/laravel/framework/src/Illuminate/Container/BoundMethod.php(35): Illuminate\\Container\\BoundMethod::callBoundMethod(Object(Illuminate\\Foundation\\Application), Array, Object(Closure))\n#9 /home/vagrant/Code/laravel-shop/vendor/laravel/framework/src/Illuminate/Container/Container.php(592): Illuminate\\Container\\BoundMethod::call(Object(Illuminate\\Foundation\\Application), Array, Array, NULL)\n#10 /home/vagrant/Code/laravel-shop/vendor/laravel/framework/src/Illuminate/Bus/Dispatcher.php(94): Illuminate\\Container\\Container->call(Array)\n#11 /home/vagrant/Code/laravel-shop/vendor/laravel/framework/src/Illuminate/Pipeline/Pipeline.php(128): Illuminate\\Bus\\Dispatcher->Illuminate\\Bus\\{closure}(Object(Illuminate\\Events\\CallQueuedListener))\n#12 /home/vagrant/Code/laravel-shop/vendor/laravel/framework/src/Illuminate/Pipeline/Pipeline.php(103): Illuminate\\Pipeline\\Pipeline->Illuminate\\Pipeline\\{closure}(Object(Illuminate\\Events\\CallQueuedListener))\n#13 /home/vagrant/Code/laravel-shop/vendor/laravel/framework/src/Illuminate/Bus/Dispatcher.php(98): Illuminate\\Pipeline\\Pipeline->then(Object(Closure))\n#14 /home/vagrant/Code/laravel-shop/vendor/laravel/framework/src/Illuminate/Queue/CallQueuedHandler.php(83): Illuminate\\Bus\\Dispatcher->dispatchNow(Object(Illuminate\\Events\\CallQueuedListener), false)\n#15 /home/vagrant/Code/laravel-shop/vendor/laravel/framework/src/Illuminate/Pipeline/Pipeline.php(128): Illuminate\\Queue\\CallQueuedHandler->Illuminate\\Queue\\{closure}(Object(Illuminate\\Events\\CallQueuedListener))\n#16 /home/vagrant/Code/laravel-shop/vendor/laravel/framework/src/Illuminate/Pipeline/Pipeline.php(103): Illuminate\\Pipeline\\Pipeline->Illuminate\\Pipeline\\{closure}(Object(Illuminate\\Events\\CallQueuedListener))\n#17 /home/vagrant/Code/laravel-shop/vendor/laravel/framework/src/Illuminate/Queue/CallQueuedHandler.php(85): Illuminate\\Pipeline\\Pipeline->then(Object(Closure))\n#18 /home/vagrant/Code/laravel-shop/vendor/laravel/framework/src/Illuminate/Queue/CallQueuedHandler.php(59): Illuminate\\Queue\\CallQueuedHandler->dispatchThroughMiddleware(Object(Illuminate\\Queue\\Jobs\\RedisJob), Object(Illuminate\\Events\\CallQueuedListener))\n#19 /home/vagrant/Code/laravel-shop/vendor/laravel/framework/src/Illuminate/Queue/Jobs/Job.php(98): Illuminate\\Queue\\CallQueuedHandler->call(Object(Illuminate\\Queue\\Jobs\\RedisJob), Array)\n#20 /home/vagrant/Code/laravel-shop/vendor/laravel/framework/src/Illuminate/Queue/Worker.php(356): Illuminate\\Queue\\Jobs\\Job->fire()\n#21 /home/vagrant/Code/laravel-shop/vendor/laravel/framework/src/Illuminate/Queue/Worker.php(306): Illuminate\\Queue\\Worker->process(\'redis\', Object(Illuminate\\Queue\\Jobs\\RedisJob), Object(Illuminate\\Queue\\WorkerOptions))\n#22 /home/vagrant/Code/laravel-shop/vendor/laravel/framework/src/Illuminate/Queue/Worker.php(132): Illuminate\\Queue\\Worker->runJob(Object(Illuminate\\Queue\\Jobs\\RedisJob), \'redis\', Object(Illuminate\\Queue\\WorkerOptions))\n#23 /home/vagrant/Code/laravel-shop/vendor/laravel/framework/src/Illuminate/Queue/Console/WorkCommand.php(112): Illuminate\\Queue\\Worker->daemon(\'redis\', \'default\', Object(Illuminate\\Queue\\WorkerOptions))\n#24 /home/vagrant/Code/laravel-shop/vendor/laravel/framework/src/Illuminate/Queue/Console/WorkCommand.php(96): Illuminate\\Queue\\Console\\WorkCommand->runWorker(\'redis\', \'default\')\n#25 [internal function]: Illuminate\\Queue\\Console\\WorkCommand->handle()\n#26 /home/vagrant/Code/laravel-shop/vendor/laravel/framework/src/Illuminate/Container/BoundMethod.php(33): call_user_func_array(Array, Array)\n#27 /home/vagrant/Code/laravel-shop/vendor/laravel/framework/src/Illuminate/Container/Util.php(36): Illuminate\\Container\\BoundMethod::Illuminate\\Container\\{closure}()\n#28 /home/vagrant/Code/laravel-shop/vendor/laravel/framework/src/Illuminate/Container/BoundMethod.php(91): Illuminate\\Container\\Util::unwrapIfClosure(Object(Closure))\n#29 /home/vagrant/Code/laravel-shop/vendor/laravel/framework/src/Illuminate/Container/BoundMethod.php(35): Illuminate\\Container\\BoundMethod::callBoundMethod(Object(Illuminate\\Foundation\\Application), Array, Object(Closure))\n#30 /home/vagrant/Code/laravel-shop/vendor/laravel/framework/src/Illuminate/Container/Container.php(592): Illuminate\\Container\\BoundMethod::call(Object(Illuminate\\Foundation\\Application), Array, Array, NULL)\n#31 /home/vagrant/Code/laravel-shop/vendor/laravel/framework/src/Illuminate/Console/Command.php(134): Illuminate\\Container\\Container->call(Array)\n#32 /home/vagrant/Code/laravel-shop/vendor/symfony/console/Command/Command.php(255): Illuminate\\Console\\Command->execute(Object(Symfony\\Component\\Console\\Input\\ArgvInput), Object(Illuminate\\Console\\OutputStyle))\n#33 /home/vagrant/Code/laravel-shop/vendor/laravel/framework/src/Illuminate/Console/Command.php(121): Symfony\\Component\\Console\\Command\\Command->run(Object(Symfony\\Component\\Console\\Input\\ArgvInput), Object(Illuminate\\Console\\OutputStyle))\n#34 /home/vagrant/Code/laravel-shop/vendor/symfony/console/Application.php(912): Illuminate\\Console\\Command->run(Object(Symfony\\Component\\Console\\Input\\ArgvInput), Object(Symfony\\Component\\Console\\Output\\ConsoleOutput))\n#35 /home/vagrant/Code/laravel-shop/vendor/symfony/console/Application.php(264): Symfony\\Component\\Console\\Application->doRunCommand(Object(Illuminate\\Queue\\Console\\WorkCommand), Object(Symfony\\Component\\Console\\Input\\ArgvInput), Object(Symfony\\Component\\Console\\Output\\ConsoleOutput))\n#36 /home/vagrant/Code/laravel-shop/vendor/symfony/console/Application.php(140): Symfony\\Component\\Console\\Application->doRun(Object(Symfony\\Component\\Console\\Input\\ArgvInput), Object(Symfony\\Component\\Console\\Output\\ConsoleOutput))\n#37 /home/vagrant/Code/laravel-shop/vendor/laravel/framework/src/Illuminate/Console/Application.php(93): Symfony\\Component\\Console\\Application->run(Object(Symfony\\Component\\Console\\Input\\ArgvInput), Object(Symfony\\Component\\Console\\Output\\ConsoleOutput))\n#38 /home/vagrant/Code/laravel-shop/vendor/laravel/framework/src/Illuminate/Foundation/Console/Kernel.php(129): Illuminate\\Console\\Application->run(Object(Symfony\\Component\\Console\\Input\\ArgvInput), Object(Symfony\\Component\\Console\\Output\\ConsoleOutput))\n#39 /home/vagrant/Code/laravel-shop/artisan(37): Illuminate\\Foundation\\Console\\Kernel->handle(Object(Symfony\\Component\\Console\\Input\\ArgvInput), Object(Symfony\\Component\\Console\\Output\\ConsoleOutput))\n#40 {main}','2020-05-29 17:07:45'),
	(7,'redis','default','{\"uuid\":\"d27274ab-d301-4f00-a7d9-fc1bcfa65d6a\",\"displayName\":\"App\\\\Listeners\\\\UpdateProductRating\",\"job\":\"Illuminate\\\\Queue\\\\CallQueuedHandler@call\",\"maxTries\":null,\"maxExceptions\":null,\"delay\":null,\"timeout\":null,\"timeoutAt\":null,\"data\":{\"commandName\":\"Illuminate\\\\Events\\\\CallQueuedListener\",\"command\":\"O:36:\\\"Illuminate\\\\Events\\\\CallQueuedListener\\\":8:{s:5:\\\"class\\\";s:33:\\\"App\\\\Listeners\\\\UpdateProductRating\\\";s:6:\\\"method\\\";s:6:\\\"handle\\\";s:4:\\\"data\\\";a:1:{i:0;O:24:\\\"App\\\\Events\\\\OrderReviewed\\\":2:{s:8:\\\"\\u0000*\\u0000order\\\";O:45:\\\"Illuminate\\\\Contracts\\\\Database\\\\ModelIdentifier\\\":4:{s:5:\\\"class\\\";s:16:\\\"App\\\\Models\\\\Order\\\";s:2:\\\"id\\\";i:10;s:9:\\\"relations\\\";a:0:{}s:10:\\\"connection\\\";s:5:\\\"mysql\\\";}s:6:\\\"socket\\\";N;}}s:5:\\\"tries\\\";N;s:10:\\\"retryAfter\\\";N;s:9:\\\"timeoutAt\\\";N;s:7:\\\"timeout\\\";N;s:3:\\\"job\\\";N;}\"},\"id\":\"IxDL8uYUrgdWeRjINfsZ7TnIP3xwkq8m\",\"attempts\":0}','Error: Call to undefined method Illuminate\\Database\\MySqlConnection::row() in /home/vagrant/Code/laravel-shop/vendor/laravel/framework/src/Illuminate/Database/DatabaseManager.php:367\nStack trace:\n#0 /home/vagrant/Code/laravel-shop/vendor/laravel/framework/src/Illuminate/Support/Facades/Facade.php(261): Illuminate\\Database\\DatabaseManager->__call(\'row\', Array)\n#1 /home/vagrant/Code/laravel-shop/app/Listeners/UpdateProductRating.php(25): Illuminate\\Support\\Facades\\Facade::__callStatic(\'row\', Array)\n#2 [internal function]: App\\Listeners\\UpdateProductRating->handle(Object(App\\Events\\OrderReviewed))\n#3 /home/vagrant/Code/laravel-shop/vendor/laravel/framework/src/Illuminate/Events/CallQueuedListener.php(93): call_user_func_array(Array, Array)\n#4 [internal function]: Illuminate\\Events\\CallQueuedListener->handle(Object(Illuminate\\Foundation\\Application))\n#5 /home/vagrant/Code/laravel-shop/vendor/laravel/framework/src/Illuminate/Container/BoundMethod.php(33): call_user_func_array(Array, Array)\n#6 /home/vagrant/Code/laravel-shop/vendor/laravel/framework/src/Illuminate/Container/Util.php(36): Illuminate\\Container\\BoundMethod::Illuminate\\Container\\{closure}()\n#7 /home/vagrant/Code/laravel-shop/vendor/laravel/framework/src/Illuminate/Container/BoundMethod.php(91): Illuminate\\Container\\Util::unwrapIfClosure(Object(Closure))\n#8 /home/vagrant/Code/laravel-shop/vendor/laravel/framework/src/Illuminate/Container/BoundMethod.php(35): Illuminate\\Container\\BoundMethod::callBoundMethod(Object(Illuminate\\Foundation\\Application), Array, Object(Closure))\n#9 /home/vagrant/Code/laravel-shop/vendor/laravel/framework/src/Illuminate/Container/Container.php(592): Illuminate\\Container\\BoundMethod::call(Object(Illuminate\\Foundation\\Application), Array, Array, NULL)\n#10 /home/vagrant/Code/laravel-shop/vendor/laravel/framework/src/Illuminate/Bus/Dispatcher.php(94): Illuminate\\Container\\Container->call(Array)\n#11 /home/vagrant/Code/laravel-shop/vendor/laravel/framework/src/Illuminate/Pipeline/Pipeline.php(128): Illuminate\\Bus\\Dispatcher->Illuminate\\Bus\\{closure}(Object(Illuminate\\Events\\CallQueuedListener))\n#12 /home/vagrant/Code/laravel-shop/vendor/laravel/framework/src/Illuminate/Pipeline/Pipeline.php(103): Illuminate\\Pipeline\\Pipeline->Illuminate\\Pipeline\\{closure}(Object(Illuminate\\Events\\CallQueuedListener))\n#13 /home/vagrant/Code/laravel-shop/vendor/laravel/framework/src/Illuminate/Bus/Dispatcher.php(98): Illuminate\\Pipeline\\Pipeline->then(Object(Closure))\n#14 /home/vagrant/Code/laravel-shop/vendor/laravel/framework/src/Illuminate/Queue/CallQueuedHandler.php(83): Illuminate\\Bus\\Dispatcher->dispatchNow(Object(Illuminate\\Events\\CallQueuedListener), false)\n#15 /home/vagrant/Code/laravel-shop/vendor/laravel/framework/src/Illuminate/Pipeline/Pipeline.php(128): Illuminate\\Queue\\CallQueuedHandler->Illuminate\\Queue\\{closure}(Object(Illuminate\\Events\\CallQueuedListener))\n#16 /home/vagrant/Code/laravel-shop/vendor/laravel/framework/src/Illuminate/Pipeline/Pipeline.php(103): Illuminate\\Pipeline\\Pipeline->Illuminate\\Pipeline\\{closure}(Object(Illuminate\\Events\\CallQueuedListener))\n#17 /home/vagrant/Code/laravel-shop/vendor/laravel/framework/src/Illuminate/Queue/CallQueuedHandler.php(85): Illuminate\\Pipeline\\Pipeline->then(Object(Closure))\n#18 /home/vagrant/Code/laravel-shop/vendor/laravel/framework/src/Illuminate/Queue/CallQueuedHandler.php(59): Illuminate\\Queue\\CallQueuedHandler->dispatchThroughMiddleware(Object(Illuminate\\Queue\\Jobs\\RedisJob), Object(Illuminate\\Events\\CallQueuedListener))\n#19 /home/vagrant/Code/laravel-shop/vendor/laravel/framework/src/Illuminate/Queue/Jobs/Job.php(98): Illuminate\\Queue\\CallQueuedHandler->call(Object(Illuminate\\Queue\\Jobs\\RedisJob), Array)\n#20 /home/vagrant/Code/laravel-shop/vendor/laravel/framework/src/Illuminate/Queue/Worker.php(356): Illuminate\\Queue\\Jobs\\Job->fire()\n#21 /home/vagrant/Code/laravel-shop/vendor/laravel/framework/src/Illuminate/Queue/Worker.php(306): Illuminate\\Queue\\Worker->process(\'redis\', Object(Illuminate\\Queue\\Jobs\\RedisJob), Object(Illuminate\\Queue\\WorkerOptions))\n#22 /home/vagrant/Code/laravel-shop/vendor/laravel/framework/src/Illuminate/Queue/Worker.php(132): Illuminate\\Queue\\Worker->runJob(Object(Illuminate\\Queue\\Jobs\\RedisJob), \'redis\', Object(Illuminate\\Queue\\WorkerOptions))\n#23 /home/vagrant/Code/laravel-shop/vendor/laravel/framework/src/Illuminate/Queue/Console/WorkCommand.php(112): Illuminate\\Queue\\Worker->daemon(\'redis\', \'default\', Object(Illuminate\\Queue\\WorkerOptions))\n#24 /home/vagrant/Code/laravel-shop/vendor/laravel/framework/src/Illuminate/Queue/Console/WorkCommand.php(96): Illuminate\\Queue\\Console\\WorkCommand->runWorker(\'redis\', \'default\')\n#25 [internal function]: Illuminate\\Queue\\Console\\WorkCommand->handle()\n#26 /home/vagrant/Code/laravel-shop/vendor/laravel/framework/src/Illuminate/Container/BoundMethod.php(33): call_user_func_array(Array, Array)\n#27 /home/vagrant/Code/laravel-shop/vendor/laravel/framework/src/Illuminate/Container/Util.php(36): Illuminate\\Container\\BoundMethod::Illuminate\\Container\\{closure}()\n#28 /home/vagrant/Code/laravel-shop/vendor/laravel/framework/src/Illuminate/Container/BoundMethod.php(91): Illuminate\\Container\\Util::unwrapIfClosure(Object(Closure))\n#29 /home/vagrant/Code/laravel-shop/vendor/laravel/framework/src/Illuminate/Container/BoundMethod.php(35): Illuminate\\Container\\BoundMethod::callBoundMethod(Object(Illuminate\\Foundation\\Application), Array, Object(Closure))\n#30 /home/vagrant/Code/laravel-shop/vendor/laravel/framework/src/Illuminate/Container/Container.php(592): Illuminate\\Container\\BoundMethod::call(Object(Illuminate\\Foundation\\Application), Array, Array, NULL)\n#31 /home/vagrant/Code/laravel-shop/vendor/laravel/framework/src/Illuminate/Console/Command.php(134): Illuminate\\Container\\Container->call(Array)\n#32 /home/vagrant/Code/laravel-shop/vendor/symfony/console/Command/Command.php(255): Illuminate\\Console\\Command->execute(Object(Symfony\\Component\\Console\\Input\\ArgvInput), Object(Illuminate\\Console\\OutputStyle))\n#33 /home/vagrant/Code/laravel-shop/vendor/laravel/framework/src/Illuminate/Console/Command.php(121): Symfony\\Component\\Console\\Command\\Command->run(Object(Symfony\\Component\\Console\\Input\\ArgvInput), Object(Illuminate\\Console\\OutputStyle))\n#34 /home/vagrant/Code/laravel-shop/vendor/symfony/console/Application.php(912): Illuminate\\Console\\Command->run(Object(Symfony\\Component\\Console\\Input\\ArgvInput), Object(Symfony\\Component\\Console\\Output\\ConsoleOutput))\n#35 /home/vagrant/Code/laravel-shop/vendor/symfony/console/Application.php(264): Symfony\\Component\\Console\\Application->doRunCommand(Object(Illuminate\\Queue\\Console\\WorkCommand), Object(Symfony\\Component\\Console\\Input\\ArgvInput), Object(Symfony\\Component\\Console\\Output\\ConsoleOutput))\n#36 /home/vagrant/Code/laravel-shop/vendor/symfony/console/Application.php(140): Symfony\\Component\\Console\\Application->doRun(Object(Symfony\\Component\\Console\\Input\\ArgvInput), Object(Symfony\\Component\\Console\\Output\\ConsoleOutput))\n#37 /home/vagrant/Code/laravel-shop/vendor/laravel/framework/src/Illuminate/Console/Application.php(93): Symfony\\Component\\Console\\Application->run(Object(Symfony\\Component\\Console\\Input\\ArgvInput), Object(Symfony\\Component\\Console\\Output\\ConsoleOutput))\n#38 /home/vagrant/Code/laravel-shop/vendor/laravel/framework/src/Illuminate/Foundation/Console/Kernel.php(129): Illuminate\\Console\\Application->run(Object(Symfony\\Component\\Console\\Input\\ArgvInput), Object(Symfony\\Component\\Console\\Output\\ConsoleOutput))\n#39 /home/vagrant/Code/laravel-shop/artisan(37): Illuminate\\Foundation\\Console\\Kernel->handle(Object(Symfony\\Component\\Console\\Input\\ArgvInput), Object(Symfony\\Component\\Console\\Output\\ConsoleOutput))\n#40 {main}','2020-05-29 17:10:37'),
	(8,'redis','default','{\"uuid\":\"bde408e8-02bf-4422-ab4e-80b5fea432ba\",\"displayName\":\"App\\\\Listeners\\\\UpdateProductRating\",\"job\":\"Illuminate\\\\Queue\\\\CallQueuedHandler@call\",\"maxTries\":null,\"maxExceptions\":null,\"delay\":null,\"timeout\":null,\"timeoutAt\":null,\"data\":{\"commandName\":\"Illuminate\\\\Events\\\\CallQueuedListener\",\"command\":\"O:36:\\\"Illuminate\\\\Events\\\\CallQueuedListener\\\":8:{s:5:\\\"class\\\";s:33:\\\"App\\\\Listeners\\\\UpdateProductRating\\\";s:6:\\\"method\\\";s:6:\\\"handle\\\";s:4:\\\"data\\\";a:1:{i:0;O:24:\\\"App\\\\Events\\\\OrderReviewed\\\":2:{s:8:\\\"\\u0000*\\u0000order\\\";O:45:\\\"Illuminate\\\\Contracts\\\\Database\\\\ModelIdentifier\\\":4:{s:5:\\\"class\\\";s:16:\\\"App\\\\Models\\\\Order\\\";s:2:\\\"id\\\";i:10;s:9:\\\"relations\\\";a:0:{}s:10:\\\"connection\\\";s:5:\\\"mysql\\\";}s:6:\\\"socket\\\";N;}}s:5:\\\"tries\\\";N;s:10:\\\"retryAfter\\\";N;s:9:\\\"timeoutAt\\\";N;s:7:\\\"timeout\\\";N;s:3:\\\"job\\\";N;}\"},\"id\":\"nxFj1FTO4AvCCr7ZlIHL5AnKVWBjNRFI\",\"attempts\":0}','Error: Call to undefined method Illuminate\\Database\\MySqlConnection::row() in /home/vagrant/Code/laravel-shop/vendor/laravel/framework/src/Illuminate/Database/DatabaseManager.php:367\nStack trace:\n#0 /home/vagrant/Code/laravel-shop/vendor/laravel/framework/src/Illuminate/Support/Facades/Facade.php(261): Illuminate\\Database\\DatabaseManager->__call(\'row\', Array)\n#1 /home/vagrant/Code/laravel-shop/app/Listeners/UpdateProductRating.php(25): Illuminate\\Support\\Facades\\Facade::__callStatic(\'row\', Array)\n#2 [internal function]: App\\Listeners\\UpdateProductRating->handle(Object(App\\Events\\OrderReviewed))\n#3 /home/vagrant/Code/laravel-shop/vendor/laravel/framework/src/Illuminate/Events/CallQueuedListener.php(93): call_user_func_array(Array, Array)\n#4 [internal function]: Illuminate\\Events\\CallQueuedListener->handle(Object(Illuminate\\Foundation\\Application))\n#5 /home/vagrant/Code/laravel-shop/vendor/laravel/framework/src/Illuminate/Container/BoundMethod.php(33): call_user_func_array(Array, Array)\n#6 /home/vagrant/Code/laravel-shop/vendor/laravel/framework/src/Illuminate/Container/Util.php(36): Illuminate\\Container\\BoundMethod::Illuminate\\Container\\{closure}()\n#7 /home/vagrant/Code/laravel-shop/vendor/laravel/framework/src/Illuminate/Container/BoundMethod.php(91): Illuminate\\Container\\Util::unwrapIfClosure(Object(Closure))\n#8 /home/vagrant/Code/laravel-shop/vendor/laravel/framework/src/Illuminate/Container/BoundMethod.php(35): Illuminate\\Container\\BoundMethod::callBoundMethod(Object(Illuminate\\Foundation\\Application), Array, Object(Closure))\n#9 /home/vagrant/Code/laravel-shop/vendor/laravel/framework/src/Illuminate/Container/Container.php(592): Illuminate\\Container\\BoundMethod::call(Object(Illuminate\\Foundation\\Application), Array, Array, NULL)\n#10 /home/vagrant/Code/laravel-shop/vendor/laravel/framework/src/Illuminate/Bus/Dispatcher.php(94): Illuminate\\Container\\Container->call(Array)\n#11 /home/vagrant/Code/laravel-shop/vendor/laravel/framework/src/Illuminate/Pipeline/Pipeline.php(128): Illuminate\\Bus\\Dispatcher->Illuminate\\Bus\\{closure}(Object(Illuminate\\Events\\CallQueuedListener))\n#12 /home/vagrant/Code/laravel-shop/vendor/laravel/framework/src/Illuminate/Pipeline/Pipeline.php(103): Illuminate\\Pipeline\\Pipeline->Illuminate\\Pipeline\\{closure}(Object(Illuminate\\Events\\CallQueuedListener))\n#13 /home/vagrant/Code/laravel-shop/vendor/laravel/framework/src/Illuminate/Bus/Dispatcher.php(98): Illuminate\\Pipeline\\Pipeline->then(Object(Closure))\n#14 /home/vagrant/Code/laravel-shop/vendor/laravel/framework/src/Illuminate/Queue/CallQueuedHandler.php(83): Illuminate\\Bus\\Dispatcher->dispatchNow(Object(Illuminate\\Events\\CallQueuedListener), false)\n#15 /home/vagrant/Code/laravel-shop/vendor/laravel/framework/src/Illuminate/Pipeline/Pipeline.php(128): Illuminate\\Queue\\CallQueuedHandler->Illuminate\\Queue\\{closure}(Object(Illuminate\\Events\\CallQueuedListener))\n#16 /home/vagrant/Code/laravel-shop/vendor/laravel/framework/src/Illuminate/Pipeline/Pipeline.php(103): Illuminate\\Pipeline\\Pipeline->Illuminate\\Pipeline\\{closure}(Object(Illuminate\\Events\\CallQueuedListener))\n#17 /home/vagrant/Code/laravel-shop/vendor/laravel/framework/src/Illuminate/Queue/CallQueuedHandler.php(85): Illuminate\\Pipeline\\Pipeline->then(Object(Closure))\n#18 /home/vagrant/Code/laravel-shop/vendor/laravel/framework/src/Illuminate/Queue/CallQueuedHandler.php(59): Illuminate\\Queue\\CallQueuedHandler->dispatchThroughMiddleware(Object(Illuminate\\Queue\\Jobs\\RedisJob), Object(Illuminate\\Events\\CallQueuedListener))\n#19 /home/vagrant/Code/laravel-shop/vendor/laravel/framework/src/Illuminate/Queue/Jobs/Job.php(98): Illuminate\\Queue\\CallQueuedHandler->call(Object(Illuminate\\Queue\\Jobs\\RedisJob), Array)\n#20 /home/vagrant/Code/laravel-shop/vendor/laravel/framework/src/Illuminate/Queue/Worker.php(356): Illuminate\\Queue\\Jobs\\Job->fire()\n#21 /home/vagrant/Code/laravel-shop/vendor/laravel/framework/src/Illuminate/Queue/Worker.php(306): Illuminate\\Queue\\Worker->process(\'redis\', Object(Illuminate\\Queue\\Jobs\\RedisJob), Object(Illuminate\\Queue\\WorkerOptions))\n#22 /home/vagrant/Code/laravel-shop/vendor/laravel/framework/src/Illuminate/Queue/Worker.php(132): Illuminate\\Queue\\Worker->runJob(Object(Illuminate\\Queue\\Jobs\\RedisJob), \'redis\', Object(Illuminate\\Queue\\WorkerOptions))\n#23 /home/vagrant/Code/laravel-shop/vendor/laravel/framework/src/Illuminate/Queue/Console/WorkCommand.php(112): Illuminate\\Queue\\Worker->daemon(\'redis\', \'default\', Object(Illuminate\\Queue\\WorkerOptions))\n#24 /home/vagrant/Code/laravel-shop/vendor/laravel/framework/src/Illuminate/Queue/Console/WorkCommand.php(96): Illuminate\\Queue\\Console\\WorkCommand->runWorker(\'redis\', \'default\')\n#25 [internal function]: Illuminate\\Queue\\Console\\WorkCommand->handle()\n#26 /home/vagrant/Code/laravel-shop/vendor/laravel/framework/src/Illuminate/Container/BoundMethod.php(33): call_user_func_array(Array, Array)\n#27 /home/vagrant/Code/laravel-shop/vendor/laravel/framework/src/Illuminate/Container/Util.php(36): Illuminate\\Container\\BoundMethod::Illuminate\\Container\\{closure}()\n#28 /home/vagrant/Code/laravel-shop/vendor/laravel/framework/src/Illuminate/Container/BoundMethod.php(91): Illuminate\\Container\\Util::unwrapIfClosure(Object(Closure))\n#29 /home/vagrant/Code/laravel-shop/vendor/laravel/framework/src/Illuminate/Container/BoundMethod.php(35): Illuminate\\Container\\BoundMethod::callBoundMethod(Object(Illuminate\\Foundation\\Application), Array, Object(Closure))\n#30 /home/vagrant/Code/laravel-shop/vendor/laravel/framework/src/Illuminate/Container/Container.php(592): Illuminate\\Container\\BoundMethod::call(Object(Illuminate\\Foundation\\Application), Array, Array, NULL)\n#31 /home/vagrant/Code/laravel-shop/vendor/laravel/framework/src/Illuminate/Console/Command.php(134): Illuminate\\Container\\Container->call(Array)\n#32 /home/vagrant/Code/laravel-shop/vendor/symfony/console/Command/Command.php(255): Illuminate\\Console\\Command->execute(Object(Symfony\\Component\\Console\\Input\\ArgvInput), Object(Illuminate\\Console\\OutputStyle))\n#33 /home/vagrant/Code/laravel-shop/vendor/laravel/framework/src/Illuminate/Console/Command.php(121): Symfony\\Component\\Console\\Command\\Command->run(Object(Symfony\\Component\\Console\\Input\\ArgvInput), Object(Illuminate\\Console\\OutputStyle))\n#34 /home/vagrant/Code/laravel-shop/vendor/symfony/console/Application.php(912): Illuminate\\Console\\Command->run(Object(Symfony\\Component\\Console\\Input\\ArgvInput), Object(Symfony\\Component\\Console\\Output\\ConsoleOutput))\n#35 /home/vagrant/Code/laravel-shop/vendor/symfony/console/Application.php(264): Symfony\\Component\\Console\\Application->doRunCommand(Object(Illuminate\\Queue\\Console\\WorkCommand), Object(Symfony\\Component\\Console\\Input\\ArgvInput), Object(Symfony\\Component\\Console\\Output\\ConsoleOutput))\n#36 /home/vagrant/Code/laravel-shop/vendor/symfony/console/Application.php(140): Symfony\\Component\\Console\\Application->doRun(Object(Symfony\\Component\\Console\\Input\\ArgvInput), Object(Symfony\\Component\\Console\\Output\\ConsoleOutput))\n#37 /home/vagrant/Code/laravel-shop/vendor/laravel/framework/src/Illuminate/Console/Application.php(93): Symfony\\Component\\Console\\Application->run(Object(Symfony\\Component\\Console\\Input\\ArgvInput), Object(Symfony\\Component\\Console\\Output\\ConsoleOutput))\n#38 /home/vagrant/Code/laravel-shop/vendor/laravel/framework/src/Illuminate/Foundation/Console/Kernel.php(129): Illuminate\\Console\\Application->run(Object(Symfony\\Component\\Console\\Input\\ArgvInput), Object(Symfony\\Component\\Console\\Output\\ConsoleOutput))\n#39 /home/vagrant/Code/laravel-shop/artisan(37): Illuminate\\Foundation\\Console\\Kernel->handle(Object(Symfony\\Component\\Console\\Input\\ArgvInput), Object(Symfony\\Component\\Console\\Output\\ConsoleOutput))\n#40 {main}','2020-05-29 17:11:22'),
	(9,'redis','default','{\"uuid\":\"51ebb1bb-c504-444b-96ef-a81abffd8abe\",\"displayName\":\"App\\\\Listeners\\\\UpdateProductRating\",\"job\":\"Illuminate\\\\Queue\\\\CallQueuedHandler@call\",\"maxTries\":null,\"maxExceptions\":null,\"delay\":null,\"timeout\":null,\"timeoutAt\":null,\"data\":{\"commandName\":\"Illuminate\\\\Events\\\\CallQueuedListener\",\"command\":\"O:36:\\\"Illuminate\\\\Events\\\\CallQueuedListener\\\":8:{s:5:\\\"class\\\";s:33:\\\"App\\\\Listeners\\\\UpdateProductRating\\\";s:6:\\\"method\\\";s:6:\\\"handle\\\";s:4:\\\"data\\\";a:1:{i:0;O:24:\\\"App\\\\Events\\\\OrderReviewed\\\":2:{s:8:\\\"\\u0000*\\u0000order\\\";O:45:\\\"Illuminate\\\\Contracts\\\\Database\\\\ModelIdentifier\\\":4:{s:5:\\\"class\\\";s:16:\\\"App\\\\Models\\\\Order\\\";s:2:\\\"id\\\";i:10;s:9:\\\"relations\\\";a:0:{}s:10:\\\"connection\\\";s:5:\\\"mysql\\\";}s:6:\\\"socket\\\";N;}}s:5:\\\"tries\\\";N;s:10:\\\"retryAfter\\\";N;s:9:\\\"timeoutAt\\\";N;s:7:\\\"timeout\\\";N;s:3:\\\"job\\\";N;}\"},\"id\":\"LMdW7zpefl8nYXOOx66iC4pWEIR0Gh0P\",\"attempts\":0}','Error: Call to undefined method Illuminate\\Database\\MySqlConnection::row() in /home/vagrant/Code/laravel-shop/vendor/laravel/framework/src/Illuminate/Database/DatabaseManager.php:367\nStack trace:\n#0 /home/vagrant/Code/laravel-shop/vendor/laravel/framework/src/Illuminate/Support/Facades/Facade.php(261): Illuminate\\Database\\DatabaseManager->__call(\'row\', Array)\n#1 /home/vagrant/Code/laravel-shop/app/Listeners/UpdateProductRating.php(25): Illuminate\\Support\\Facades\\Facade::__callStatic(\'row\', Array)\n#2 [internal function]: App\\Listeners\\UpdateProductRating->handle(Object(App\\Events\\OrderReviewed))\n#3 /home/vagrant/Code/laravel-shop/vendor/laravel/framework/src/Illuminate/Events/CallQueuedListener.php(93): call_user_func_array(Array, Array)\n#4 [internal function]: Illuminate\\Events\\CallQueuedListener->handle(Object(Illuminate\\Foundation\\Application))\n#5 /home/vagrant/Code/laravel-shop/vendor/laravel/framework/src/Illuminate/Container/BoundMethod.php(33): call_user_func_array(Array, Array)\n#6 /home/vagrant/Code/laravel-shop/vendor/laravel/framework/src/Illuminate/Container/Util.php(36): Illuminate\\Container\\BoundMethod::Illuminate\\Container\\{closure}()\n#7 /home/vagrant/Code/laravel-shop/vendor/laravel/framework/src/Illuminate/Container/BoundMethod.php(91): Illuminate\\Container\\Util::unwrapIfClosure(Object(Closure))\n#8 /home/vagrant/Code/laravel-shop/vendor/laravel/framework/src/Illuminate/Container/BoundMethod.php(35): Illuminate\\Container\\BoundMethod::callBoundMethod(Object(Illuminate\\Foundation\\Application), Array, Object(Closure))\n#9 /home/vagrant/Code/laravel-shop/vendor/laravel/framework/src/Illuminate/Container/Container.php(592): Illuminate\\Container\\BoundMethod::call(Object(Illuminate\\Foundation\\Application), Array, Array, NULL)\n#10 /home/vagrant/Code/laravel-shop/vendor/laravel/framework/src/Illuminate/Bus/Dispatcher.php(94): Illuminate\\Container\\Container->call(Array)\n#11 /home/vagrant/Code/laravel-shop/vendor/laravel/framework/src/Illuminate/Pipeline/Pipeline.php(128): Illuminate\\Bus\\Dispatcher->Illuminate\\Bus\\{closure}(Object(Illuminate\\Events\\CallQueuedListener))\n#12 /home/vagrant/Code/laravel-shop/vendor/laravel/framework/src/Illuminate/Pipeline/Pipeline.php(103): Illuminate\\Pipeline\\Pipeline->Illuminate\\Pipeline\\{closure}(Object(Illuminate\\Events\\CallQueuedListener))\n#13 /home/vagrant/Code/laravel-shop/vendor/laravel/framework/src/Illuminate/Bus/Dispatcher.php(98): Illuminate\\Pipeline\\Pipeline->then(Object(Closure))\n#14 /home/vagrant/Code/laravel-shop/vendor/laravel/framework/src/Illuminate/Queue/CallQueuedHandler.php(83): Illuminate\\Bus\\Dispatcher->dispatchNow(Object(Illuminate\\Events\\CallQueuedListener), false)\n#15 /home/vagrant/Code/laravel-shop/vendor/laravel/framework/src/Illuminate/Pipeline/Pipeline.php(128): Illuminate\\Queue\\CallQueuedHandler->Illuminate\\Queue\\{closure}(Object(Illuminate\\Events\\CallQueuedListener))\n#16 /home/vagrant/Code/laravel-shop/vendor/laravel/framework/src/Illuminate/Pipeline/Pipeline.php(103): Illuminate\\Pipeline\\Pipeline->Illuminate\\Pipeline\\{closure}(Object(Illuminate\\Events\\CallQueuedListener))\n#17 /home/vagrant/Code/laravel-shop/vendor/laravel/framework/src/Illuminate/Queue/CallQueuedHandler.php(85): Illuminate\\Pipeline\\Pipeline->then(Object(Closure))\n#18 /home/vagrant/Code/laravel-shop/vendor/laravel/framework/src/Illuminate/Queue/CallQueuedHandler.php(59): Illuminate\\Queue\\CallQueuedHandler->dispatchThroughMiddleware(Object(Illuminate\\Queue\\Jobs\\RedisJob), Object(Illuminate\\Events\\CallQueuedListener))\n#19 /home/vagrant/Code/laravel-shop/vendor/laravel/framework/src/Illuminate/Queue/Jobs/Job.php(98): Illuminate\\Queue\\CallQueuedHandler->call(Object(Illuminate\\Queue\\Jobs\\RedisJob), Array)\n#20 /home/vagrant/Code/laravel-shop/vendor/laravel/framework/src/Illuminate/Queue/Worker.php(356): Illuminate\\Queue\\Jobs\\Job->fire()\n#21 /home/vagrant/Code/laravel-shop/vendor/laravel/framework/src/Illuminate/Queue/Worker.php(306): Illuminate\\Queue\\Worker->process(\'redis\', Object(Illuminate\\Queue\\Jobs\\RedisJob), Object(Illuminate\\Queue\\WorkerOptions))\n#22 /home/vagrant/Code/laravel-shop/vendor/laravel/framework/src/Illuminate/Queue/Worker.php(132): Illuminate\\Queue\\Worker->runJob(Object(Illuminate\\Queue\\Jobs\\RedisJob), \'redis\', Object(Illuminate\\Queue\\WorkerOptions))\n#23 /home/vagrant/Code/laravel-shop/vendor/laravel/framework/src/Illuminate/Queue/Console/WorkCommand.php(112): Illuminate\\Queue\\Worker->daemon(\'redis\', \'default\', Object(Illuminate\\Queue\\WorkerOptions))\n#24 /home/vagrant/Code/laravel-shop/vendor/laravel/framework/src/Illuminate/Queue/Console/WorkCommand.php(96): Illuminate\\Queue\\Console\\WorkCommand->runWorker(\'redis\', \'default\')\n#25 [internal function]: Illuminate\\Queue\\Console\\WorkCommand->handle()\n#26 /home/vagrant/Code/laravel-shop/vendor/laravel/framework/src/Illuminate/Container/BoundMethod.php(33): call_user_func_array(Array, Array)\n#27 /home/vagrant/Code/laravel-shop/vendor/laravel/framework/src/Illuminate/Container/Util.php(36): Illuminate\\Container\\BoundMethod::Illuminate\\Container\\{closure}()\n#28 /home/vagrant/Code/laravel-shop/vendor/laravel/framework/src/Illuminate/Container/BoundMethod.php(91): Illuminate\\Container\\Util::unwrapIfClosure(Object(Closure))\n#29 /home/vagrant/Code/laravel-shop/vendor/laravel/framework/src/Illuminate/Container/BoundMethod.php(35): Illuminate\\Container\\BoundMethod::callBoundMethod(Object(Illuminate\\Foundation\\Application), Array, Object(Closure))\n#30 /home/vagrant/Code/laravel-shop/vendor/laravel/framework/src/Illuminate/Container/Container.php(592): Illuminate\\Container\\BoundMethod::call(Object(Illuminate\\Foundation\\Application), Array, Array, NULL)\n#31 /home/vagrant/Code/laravel-shop/vendor/laravel/framework/src/Illuminate/Console/Command.php(134): Illuminate\\Container\\Container->call(Array)\n#32 /home/vagrant/Code/laravel-shop/vendor/symfony/console/Command/Command.php(255): Illuminate\\Console\\Command->execute(Object(Symfony\\Component\\Console\\Input\\ArgvInput), Object(Illuminate\\Console\\OutputStyle))\n#33 /home/vagrant/Code/laravel-shop/vendor/laravel/framework/src/Illuminate/Console/Command.php(121): Symfony\\Component\\Console\\Command\\Command->run(Object(Symfony\\Component\\Console\\Input\\ArgvInput), Object(Illuminate\\Console\\OutputStyle))\n#34 /home/vagrant/Code/laravel-shop/vendor/symfony/console/Application.php(912): Illuminate\\Console\\Command->run(Object(Symfony\\Component\\Console\\Input\\ArgvInput), Object(Symfony\\Component\\Console\\Output\\ConsoleOutput))\n#35 /home/vagrant/Code/laravel-shop/vendor/symfony/console/Application.php(264): Symfony\\Component\\Console\\Application->doRunCommand(Object(Illuminate\\Queue\\Console\\WorkCommand), Object(Symfony\\Component\\Console\\Input\\ArgvInput), Object(Symfony\\Component\\Console\\Output\\ConsoleOutput))\n#36 /home/vagrant/Code/laravel-shop/vendor/symfony/console/Application.php(140): Symfony\\Component\\Console\\Application->doRun(Object(Symfony\\Component\\Console\\Input\\ArgvInput), Object(Symfony\\Component\\Console\\Output\\ConsoleOutput))\n#37 /home/vagrant/Code/laravel-shop/vendor/laravel/framework/src/Illuminate/Console/Application.php(93): Symfony\\Component\\Console\\Application->run(Object(Symfony\\Component\\Console\\Input\\ArgvInput), Object(Symfony\\Component\\Console\\Output\\ConsoleOutput))\n#38 /home/vagrant/Code/laravel-shop/vendor/laravel/framework/src/Illuminate/Foundation/Console/Kernel.php(129): Illuminate\\Console\\Application->run(Object(Symfony\\Component\\Console\\Input\\ArgvInput), Object(Symfony\\Component\\Console\\Output\\ConsoleOutput))\n#39 /home/vagrant/Code/laravel-shop/artisan(37): Illuminate\\Foundation\\Console\\Kernel->handle(Object(Symfony\\Component\\Console\\Input\\ArgvInput), Object(Symfony\\Component\\Console\\Output\\ConsoleOutput))\n#40 {main}','2020-05-29 17:13:38');

/*!40000 ALTER TABLE `failed_jobs` ENABLE KEYS */;
UNLOCK TABLES;


# Dump of table migrations
# ------------------------------------------------------------

DROP TABLE IF EXISTS `migrations`;

CREATE TABLE `migrations` (
  `id` int(10) unsigned NOT NULL AUTO_INCREMENT,
  `migration` varchar(255) COLLATE utf8mb4_unicode_ci NOT NULL,
  `batch` int(11) NOT NULL,
  PRIMARY KEY (`id`)
) ENGINE=InnoDB DEFAULT CHARSET=utf8mb4 COLLATE=utf8mb4_unicode_ci;

LOCK TABLES `migrations` WRITE;
/*!40000 ALTER TABLE `migrations` DISABLE KEYS */;

INSERT INTO `migrations` (`id`, `migration`, `batch`)
VALUES
	(1,'2014_10_12_000000_create_users_table',1),
	(2,'2014_10_12_100000_create_password_resets_table',1),
	(3,'2019_08_19_000000_create_failed_jobs_table',1),
	(4,'2020_05_20_154205_create_user_addresses_table',2),
	(5,'2016_01_04_173148_create_admin_tables',3),
	(6,'2020_05_22_145742_create_products_table',4),
	(7,'2020_05_22_145818_create_product_skus_table',4),
	(8,'2020_05_22_145743_create_products_table',5),
	(9,'2020_05_22_145819_create_product_skus_table',5),
	(10,'2020_05_25_114924_create_user_favorite_products_table',6),
	(11,'2020_05_25_153739_create_cart_items_table',7),
	(12,'2020_05_26_131856_create_orders_table',8),
	(13,'2020_05_26_131931_create_order_items_table',8),
	(14,'2020_05_30_145059_create_coupon_codes_table',9),
	(15,'2020_05_30_150410_orders_add_coupon_code_id',9);

/*!40000 ALTER TABLE `migrations` ENABLE KEYS */;
UNLOCK TABLES;


# Dump of table order_items
# ------------------------------------------------------------

DROP TABLE IF EXISTS `order_items`;

CREATE TABLE `order_items` (
  `id` bigint(20) unsigned NOT NULL AUTO_INCREMENT,
  `order_id` bigint(20) unsigned NOT NULL,
  `product_id` bigint(20) unsigned NOT NULL,
  `product_sku_id` bigint(20) unsigned NOT NULL,
  `amount` int(10) unsigned NOT NULL,
  `price` decimal(10,2) NOT NULL,
  `rating` int(10) unsigned DEFAULT NULL,
  `review` text COLLATE utf8mb4_unicode_ci,
  `reviewed_at` timestamp NULL DEFAULT NULL,
  PRIMARY KEY (`id`),
  KEY `order_items_order_id_foreign` (`order_id`),
  KEY `order_items_product_id_foreign` (`product_id`),
  KEY `order_items_product_sku_id_foreign` (`product_sku_id`),
  CONSTRAINT `order_items_order_id_foreign` FOREIGN KEY (`order_id`) REFERENCES `orders` (`id`) ON DELETE CASCADE,
  CONSTRAINT `order_items_product_id_foreign` FOREIGN KEY (`product_id`) REFERENCES `products` (`id`) ON DELETE CASCADE,
  CONSTRAINT `order_items_product_sku_id_foreign` FOREIGN KEY (`product_sku_id`) REFERENCES `product_skus` (`id`) ON DELETE CASCADE
) ENGINE=InnoDB DEFAULT CHARSET=utf8mb4 COLLATE=utf8mb4_unicode_ci;

LOCK TABLES `order_items` WRITE;
/*!40000 ALTER TABLE `order_items` DISABLE KEYS */;

INSERT INTO `order_items` (`id`, `order_id`, `product_id`, `product_sku_id`, `amount`, `price`, `rating`, `review`, `reviewed_at`)
VALUES
	(1,1,6,17,2,7999.00,NULL,NULL,NULL),
	(2,1,4,10,2,2047.00,NULL,NULL,NULL),
	(6,5,4,11,1,1883.00,NULL,NULL,NULL),
	(7,6,11,32,1,3494.00,NULL,NULL,NULL),
	(8,7,4,11,1,1883.00,NULL,NULL,NULL),
	(9,8,4,11,2,1883.00,NULL,NULL,NULL),
	(10,9,10,29,5,3465.00,5,'不错不错','2020-05-29 16:30:51'),
	(11,10,10,29,1,3465.00,1,'111111','2020-05-29 17:14:26'),
	(12,11,11,32,1,3494.00,NULL,NULL,NULL),
	(13,12,13,38,1,9294.00,NULL,NULL,NULL),
	(14,13,18,51,1,592.00,5,'11111','2020-05-30 13:26:01'),
	(15,14,4,11,1,1883.00,NULL,NULL,NULL),
	(16,15,2,5,1,8174.00,NULL,NULL,NULL),
	(17,15,3,6,1,3431.00,NULL,NULL,NULL),
	(18,15,2,3,1,0.01,NULL,NULL,NULL);

/*!40000 ALTER TABLE `order_items` ENABLE KEYS */;
UNLOCK TABLES;


# Dump of table orders
# ------------------------------------------------------------

DROP TABLE IF EXISTS `orders`;

CREATE TABLE `orders` (
  `id` bigint(20) unsigned NOT NULL AUTO_INCREMENT,
  `no` varchar(255) COLLATE utf8mb4_unicode_ci NOT NULL,
  `user_id` bigint(20) unsigned NOT NULL,
  `address` text COLLATE utf8mb4_unicode_ci NOT NULL,
  `total_amount` decimal(8,2) NOT NULL,
  `remark` text COLLATE utf8mb4_unicode_ci,
  `paid_at` datetime DEFAULT NULL,
  `coupon_code_id` bigint(20) unsigned DEFAULT NULL,
  `payment_method` varchar(255) COLLATE utf8mb4_unicode_ci DEFAULT NULL,
  `payment_no` varchar(255) COLLATE utf8mb4_unicode_ci DEFAULT NULL,
  `refund_status` varchar(255) COLLATE utf8mb4_unicode_ci NOT NULL DEFAULT 'pending',
  `refund_no` varchar(255) COLLATE utf8mb4_unicode_ci DEFAULT NULL,
  `closed` tinyint(1) NOT NULL DEFAULT '0',
  `reviewed` tinyint(1) NOT NULL DEFAULT '0',
  `ship_status` varchar(255) COLLATE utf8mb4_unicode_ci NOT NULL DEFAULT 'pending',
  `ship_data` text COLLATE utf8mb4_unicode_ci,
  `extra` text COLLATE utf8mb4_unicode_ci,
  `created_at` timestamp NULL DEFAULT NULL,
  `updated_at` timestamp NULL DEFAULT NULL,
  PRIMARY KEY (`id`),
  UNIQUE KEY `orders_no_unique` (`no`),
  UNIQUE KEY `orders_refund_no_unique` (`refund_no`),
  KEY `orders_user_id_foreign` (`user_id`),
  KEY `orders_coupon_code_id_foreign` (`coupon_code_id`),
  CONSTRAINT `orders_coupon_code_id_foreign` FOREIGN KEY (`coupon_code_id`) REFERENCES `coupon_codes` (`id`) ON DELETE SET NULL,
  CONSTRAINT `orders_user_id_foreign` FOREIGN KEY (`user_id`) REFERENCES `users` (`id`) ON DELETE CASCADE
) ENGINE=InnoDB DEFAULT CHARSET=utf8mb4 COLLATE=utf8mb4_unicode_ci;

LOCK TABLES `orders` WRITE;
/*!40000 ALTER TABLE `orders` DISABLE KEYS */;

INSERT INTO `orders` (`id`, `no`, `user_id`, `address`, `total_amount`, `remark`, `paid_at`, `coupon_code_id`, `payment_method`, `payment_no`, `refund_status`, `refund_no`, `closed`, `reviewed`, `ship_status`, `ship_data`, `extra`, `created_at`, `updated_at`)
VALUES
	(1,'20200527113440776110',1,'{\"address\":\"\\u6d77\\u5357\\u7701\\u6d77\\u53e3\\u5e02\\u9f99\\u534e\\u533a\\u6d77\\u79c0\\u4e2d\\u8def\\u661f\\u534e\\u5927\\u53a61706\",\"zip\":571300,\"contact_name\":\"\\u53f6\\u5b50\",\"contact_phone\":\"18289639280\"}',20092.00,'备注备注备注备注备注备注备注备注',NULL,NULL,NULL,NULL,'pending',NULL,0,0,'pending',NULL,NULL,'2020-05-27 11:34:40','2020-05-27 11:34:40'),
	(5,'20200527142945455090',1,'{\"address\":\"\\u6d77\\u5357\\u7701\\u6d77\\u53e3\\u5e02\\u9f99\\u534e\\u533a\\u6d77\\u79c0\\u4e2d\\u8def\\u661f\\u534e\\u5927\\u53a61706\",\"zip\":571300,\"contact_name\":\"\\u53f6\\u5b50\",\"contact_phone\":\"18289639280\"}',1883.00,NULL,NULL,NULL,NULL,NULL,'pending',NULL,1,0,'pending',NULL,NULL,'2020-05-27 14:29:45','2020-05-27 14:30:16'),
	(6,'20200527175213468901',1,'{\"address\":\"\\u6d77\\u5357\\u7701\\u6d77\\u53e3\\u5e02\\u9f99\\u534e\\u533a\\u6d77\\u79c0\\u4e2d\\u8def\\u661f\\u534e\\u5927\\u53a61706\",\"zip\":571300,\"contact_name\":\"\\u53f6\\u5b50\",\"contact_phone\":\"18289639280\"}',3494.00,'测试商品订单未支付，自动关闭的情况',NULL,NULL,NULL,NULL,'pending',NULL,1,0,'pending',NULL,NULL,'2020-05-27 17:52:13','2020-05-29 09:08:06'),
	(7,'20200528105157166729',1,'{\"address\":\"\\u6d77\\u5357\\u7701\\u6d77\\u53e3\\u5e02\\u9f99\\u534e\\u533a\\u6d77\\u79c0\\u4e2d\\u8def\\u661f\\u534e\\u5927\\u53a61706\",\"zip\":571300,\"contact_name\":\"\\u53f6\\u5b50\",\"contact_phone\":\"18289639280\"}',1883.00,'购物车代码封装备注',NULL,NULL,NULL,NULL,'pending',NULL,1,0,'pending',NULL,NULL,'2020-05-28 10:51:57','2020-05-29 09:08:06'),
	(8,'20200528113617894272',1,'{\"address\":\"\\u5e7f\\u4e1c\\u7701\\u6df1\\u5733\\u5e02\\u798f\\u7530\\u533a\\u7b2c89\\u8857\\u9053\\u7b2c759111\\u53f7\",\"zip\":274800,\"contact_name\":\"\\u6b27\\u9633\\u54f2\",\"contact_phone\":\"13125075617\"}',3766.00,'订单备注！！！',NULL,NULL,NULL,NULL,'pending',NULL,1,0,'pending',NULL,NULL,'2020-05-28 11:36:17','2020-05-29 09:08:06'),
	(9,'20200528152146348118',1,'{\"address\":\"\\u6d77\\u5357\\u7701\\u6d77\\u53e3\\u5e02\\u9f99\\u534e\\u533a\\u6d77\\u79c0\\u4e2d\\u8def\\u661f\\u534e\\u5927\\u53a61706\",\"zip\":571300,\"contact_name\":\"\\u53f6\\u5b50\",\"contact_phone\":\"18289639280\"}',17325.00,'支付宝支付测试','2020-05-28 16:03:02',NULL,'alipay','2020052822001450660508262932','pending',NULL,0,1,'received','{\"express_company\":\"\\u987a\\u4e30\",\"express_no\":\"12345678\"}','{\"refund_reason\":\"\\u9000\\u6b3e\\u6d4b\\u8bd5\",\"refund_disagree_reason\":\"\\u6d4b\\u8bd5\\u62d2\\u7edd\\u9000\\u6b3e\"}','2020-05-28 15:21:46','2020-05-30 10:08:32'),
	(10,'20200529164910070512',1,'{\"address\":\"\\u6d77\\u5357\\u7701\\u6d77\\u53e3\\u5e02\\u9f99\\u534e\\u533a\\u6d77\\u79c0\\u4e2d\\u8def\\u661f\\u534e\\u5927\\u53a61706\",\"zip\":571300,\"contact_name\":\"\\u53f6\\u5b50\",\"contact_phone\":\"18289639280\"}',3465.00,'评价测试备注','2020-05-28 17:03:02',NULL,NULL,NULL,'pending',NULL,1,1,'pending',NULL,NULL,'2020-05-29 16:49:10','2020-05-29 17:14:26'),
	(11,'20200530115517250391',1,'{\"address\":\"\\u6d77\\u5357\\u7701\\u6d77\\u53e3\\u5e02\\u9f99\\u534e\\u533a\\u6d77\\u79c0\\u4e2d\\u8def\\u661f\\u534e\\u5927\\u53a61706\",\"zip\":571300,\"contact_name\":\"\\u53f6\\u5b50\",\"contact_phone\":\"18289639280\"}',3494.00,'支付3494.00元',NULL,NULL,NULL,NULL,'pending',NULL,0,0,'pending',NULL,NULL,'2020-05-30 11:55:17','2020-05-30 11:55:17'),
	(12,'20200530120233152837',1,'{\"address\":\"\\u6d77\\u5357\\u7701\\u6d77\\u53e3\\u5e02\\u9f99\\u534e\\u533a\\u6d77\\u79c0\\u4e2d\\u8def\\u661f\\u534e\\u5927\\u53a61706\",\"zip\":571300,\"contact_name\":\"\\u53f6\\u5b50\",\"contact_phone\":\"18289639280\"}',9294.00,'232323','2020-05-30 12:04:52',NULL,'alipay','2020053022001450660508263539','applied',NULL,0,0,'pending',NULL,'{\"refund_reason\":\"\\u6d4b\\u8bd5\\u9000\\u6b3e\\u54c8\\u54c8\\u54c8\\u54c8\\u54c8\"}','2020-05-30 12:02:33','2020-05-30 12:06:26'),
	(13,'20200530132205064455',1,'{\"address\":\"\\u6d77\\u5357\\u7701\\u6d77\\u53e3\\u5e02\\u9f99\\u534e\\u533a\\u6d77\\u79c0\\u4e2d\\u8def\\u661f\\u534e\\u5927\\u53a61706\",\"zip\":571300,\"contact_name\":\"\\u53f6\\u5b50\",\"contact_phone\":\"18289639280\"}',592.00,'666666666','2020-05-30 13:24:29',NULL,'alipay','2020053022001450660508263828','success',NULL,0,1,'pending',NULL,'{\"refund_reason\":\"\\u624b\\u673a\\u592a\\u5783\\u573e\\u4e86\\uff01\\uff01\\uff01\\u9000\\u6b3e\"}','2020-05-30 13:22:05','2020-05-30 13:26:01'),
	(14,'20200603132137617872',1,'{\"address\":\"\\u6d77\\u5357\\u7701\\u6d77\\u53e3\\u5e02\\u9f99\\u534e\\u533a\\u6d77\\u79c0\\u4e2d\\u8def\\u661f\\u534e\\u5927\\u53a61706\",\"zip\":571300,\"contact_name\":\"\\u53f6\\u5b50\",\"contact_phone\":\"18289639280\"}',1751.19,NULL,NULL,1,NULL,NULL,'pending',NULL,0,0,'pending',NULL,NULL,'2020-06-03 13:21:37','2020-06-03 13:21:37'),
	(15,'20200603144445392756',1,'{\"address\":\"\\u6d77\\u5357\\u7701\\u6d77\\u53e3\\u5e02\\u9f99\\u534e\\u533a\\u6d77\\u79c0\\u4e2d\\u8def\\u661f\\u534e\\u5927\\u53a61706\",\"zip\":571300,\"contact_name\":\"\\u53f6\\u5b50\",\"contact_phone\":\"18289639280\"}',9864.26,NULL,NULL,2,NULL,NULL,'pending',NULL,0,0,'pending',NULL,NULL,'2020-06-03 14:44:45','2020-06-03 14:44:45');

/*!40000 ALTER TABLE `orders` ENABLE KEYS */;
UNLOCK TABLES;


# Dump of table password_resets
# ------------------------------------------------------------

DROP TABLE IF EXISTS `password_resets`;

CREATE TABLE `password_resets` (
  `email` varchar(255) COLLATE utf8mb4_unicode_ci NOT NULL,
  `token` varchar(255) COLLATE utf8mb4_unicode_ci NOT NULL,
  `created_at` timestamp NULL DEFAULT NULL,
  KEY `password_resets_email_index` (`email`)
) ENGINE=InnoDB DEFAULT CHARSET=utf8mb4 COLLATE=utf8mb4_unicode_ci;



# Dump of table product_skus
# ------------------------------------------------------------

DROP TABLE IF EXISTS `product_skus`;

CREATE TABLE `product_skus` (
  `id` bigint(20) unsigned NOT NULL AUTO_INCREMENT,
  `title` varchar(255) COLLATE utf8mb4_unicode_ci NOT NULL,
  `description` text COLLATE utf8mb4_unicode_ci NOT NULL,
  `price` decimal(10,2) NOT NULL,
  `stock` int(10) unsigned NOT NULL,
  `product_id` bigint(20) unsigned NOT NULL,
  `created_at` timestamp NULL DEFAULT NULL,
  `updated_at` timestamp NULL DEFAULT NULL,
  PRIMARY KEY (`id`),
  KEY `product_skus_product_id_foreign` (`product_id`),
  CONSTRAINT `product_skus_product_id_foreign` FOREIGN KEY (`product_id`) REFERENCES `products` (`id`) ON DELETE CASCADE
) ENGINE=InnoDB DEFAULT CHARSET=utf8mb4 COLLATE=utf8mb4_unicode_ci;

LOCK TABLES `product_skus` WRITE;
/*!40000 ALTER TABLE `product_skus` DISABLE KEYS */;

INSERT INTO `product_skus` (`id`, `title`, `description`, `price`, `stock`, `product_id`, `created_at`, `updated_at`)
VALUES
	(1,'银色64G','IphoneX 银色64G',5999.00,100,1,'2020-05-22 17:25:19','2020-05-22 17:57:21'),
	(2,'灰色256G','IphoneX 灰色256G',9999.00,90,1,'2020-05-22 17:25:19','2020-05-22 17:25:19'),
	(3,'est','Accusamus nihil molestiae et eaque ipsum et.',0.01,21226,2,'2020-05-23 16:07:56','2020-06-03 14:44:45'),
	(4,'sunt','Quod ab vero dolorem.',7772.00,99149,2,'2020-05-23 16:07:56','2020-05-23 16:07:56'),
	(5,'corporis','Corporis sit totam ad.',200.00,78118,2,'2020-05-23 16:07:56','2020-06-03 14:50:56'),
	(6,'architecto','Dolore corrupti quo omnis qui.',3431.00,21406,3,'2020-05-23 16:07:56','2020-06-03 14:44:45'),
	(7,'et','Nihil iste quos inventore velit consequatur.',6115.00,57881,3,'2020-05-23 16:07:56','2020-05-23 16:07:56'),
	(8,'veniam','Ducimus perspiciatis earum aut ut non cupiditate ipsum.',7983.00,98828,3,'2020-05-23 16:07:56','2020-05-23 16:07:56'),
	(9,'voluptatum','Hic tempora animi aliquam et omnis sunt.',2977.00,87719,4,'2020-05-23 16:07:56','2020-05-23 16:07:56'),
	(10,'dolore','Placeat error ut facilis assumenda accusantium excepturi.',2047.00,42437,4,'2020-05-23 16:07:56','2020-05-27 11:34:40'),
	(11,'consequuntur','Velit rem sapiente quia delectus.',1883.00,21863,4,'2020-05-23 16:07:56','2020-06-03 13:21:37'),
	(12,'dolore','Et totam ea voluptatem sint sint perferendis facere in.',4785.00,81162,5,'2020-05-23 16:07:57','2020-05-23 16:07:57'),
	(13,'error','Culpa debitis aut repudiandae expedita est magni omnis.',3465.00,10178,5,'2020-05-23 16:07:57','2020-05-23 16:07:57'),
	(14,'expedita','Illo amet qui porro facere iste debitis harum.',6171.00,46389,5,'2020-05-23 16:07:57','2020-05-23 16:07:57'),
	(15,'nisi','Velit sunt ad qui id dolorum aut.',9851.00,29396,6,'2020-05-23 16:07:57','2020-05-23 16:07:57'),
	(16,'id','Earum sunt ab deleniti voluptas molestias.',9128.00,35371,6,'2020-05-23 16:07:57','2020-05-23 16:07:57'),
	(17,'voluptatum','Sit unde aut soluta quos sit voluptas labore.',7999.00,25746,6,'2020-05-23 16:07:57','2020-05-27 11:34:40'),
	(18,'sint','Veritatis velit architecto fuga soluta magnam perspiciatis.',559.00,85621,7,'2020-05-23 16:07:57','2020-05-23 16:07:57'),
	(19,'minima','Dolore rerum aliquid sint et saepe.',9081.00,36951,7,'2020-05-23 16:07:57','2020-05-23 16:07:57'),
	(20,'quo','Fugit est sapiente qui sapiente labore cum ab.',5544.00,2352,7,'2020-05-23 16:07:57','2020-05-23 16:07:57'),
	(21,'et','Amet esse delectus aut voluptatem repellendus nesciunt eos.',2812.00,75903,8,'2020-05-23 16:07:57','2020-05-23 16:07:57'),
	(22,'veritatis','Vel alias rerum sunt.',7737.00,30960,8,'2020-05-23 16:07:57','2020-05-23 16:07:57'),
	(23,'id','In voluptas in provident quas vel aut illum.',2510.00,38901,8,'2020-05-23 16:07:57','2020-05-23 16:07:57'),
	(24,'odit','Repellat libero omnis itaque sit repellat.',1187.00,90092,9,'2020-05-23 16:07:57','2020-05-23 16:07:57'),
	(25,'est','Odit corrupti perferendis quos vel.',5965.00,17466,9,'2020-05-23 16:07:57','2020-05-23 16:07:57'),
	(26,'qui','Voluptatem quisquam blanditiis eum aspernatur distinctio dicta provident.',8342.00,44350,9,'2020-05-23 16:07:57','2020-05-23 16:07:57'),
	(27,'eius','Quidem molestiae eligendi aliquid aliquam occaecati velit at.',1099.00,45167,10,'2020-05-23 16:07:57','2020-05-23 16:07:57'),
	(28,'ut','Sapiente et eum et praesentium nemo.',26.00,59328,10,'2020-05-23 16:07:57','2020-05-23 16:07:57'),
	(29,'molestiae','Et incidunt eveniet quod a beatae facere ipsum.',3465.00,23089,10,'2020-05-23 16:07:57','2020-05-29 16:49:43'),
	(30,'quia','Enim veniam magni placeat cum voluptatum.',4263.00,7912,11,'2020-05-23 16:07:57','2020-05-23 16:07:57'),
	(31,'quaerat','Laboriosam excepturi aut soluta magnam cupiditate impedit vitae atque.',5778.00,86500,11,'2020-05-23 16:07:57','2020-05-23 16:07:57'),
	(32,'sit','Corrupti rerum accusantium nulla commodi quis sunt placeat.',3494.00,99893,11,'2020-05-23 16:07:57','2020-05-30 11:55:17'),
	(33,'velit','Ut velit et ut id sunt blanditiis necessitatibus.',47.00,28896,12,'2020-05-23 16:07:57','2020-05-23 16:07:57'),
	(34,'laudantium','Ut voluptatem sunt et et ipsa molestiae.',7302.00,18699,12,'2020-05-23 16:07:57','2020-05-23 16:07:57'),
	(35,'accusamus','Explicabo rerum aliquid distinctio facere.',6563.00,28791,12,'2020-05-23 16:07:57','2020-05-23 16:07:57'),
	(36,'facilis','Architecto earum ab velit vel.',8838.00,9765,13,'2020-05-23 16:07:57','2020-05-23 16:07:57'),
	(37,'enim','Sed et pariatur error culpa quia mollitia.',6688.00,9908,13,'2020-05-23 16:07:57','2020-05-23 16:07:57'),
	(38,'sunt','Quidem alias numquam necessitatibus rerum qui repellat.',9294.00,60647,13,'2020-05-23 16:07:57','2020-05-30 12:02:33'),
	(39,'labore','Dolore quia est aliquid sequi.',1860.00,19224,14,'2020-05-23 16:07:57','2020-05-23 16:07:57'),
	(40,'ex','Dignissimos aut temporibus aut beatae.',309.00,23352,14,'2020-05-23 16:07:57','2020-05-23 16:07:57'),
	(41,'aperiam','Fuga iure possimus et reprehenderit fugiat.',3997.00,46418,14,'2020-05-23 16:07:57','2020-05-23 16:07:57'),
	(42,'et','Ratione est ducimus tempore aliquid voluptas.',8711.00,13517,15,'2020-05-23 16:07:57','2020-05-23 16:07:57'),
	(43,'et','Ut quos molestiae ut possimus tenetur id quam aut.',8692.00,94861,15,'2020-05-23 16:07:57','2020-05-23 16:07:57'),
	(44,'explicabo','Rerum cupiditate aut occaecati amet.',2950.00,14904,15,'2020-05-23 16:07:57','2020-05-23 16:07:57'),
	(45,'non','Tempore ut recusandae praesentium ex exercitationem est qui.',1877.00,34238,16,'2020-05-23 16:07:57','2020-05-23 16:07:57'),
	(46,'ipsum','Itaque laboriosam voluptatem ipsam quae ut.',8723.00,91767,16,'2020-05-23 16:07:57','2020-05-23 16:07:57'),
	(47,'necessitatibus','Aut ad minus tempore rerum.',1021.00,56078,16,'2020-05-23 16:07:57','2020-05-23 16:07:57'),
	(48,'vero','Sint similique voluptas nesciunt ea.',5444.00,42156,17,'2020-05-23 16:07:57','2020-05-23 16:07:57'),
	(49,'asperiores','Assumenda voluptas et in officiis aut et officia.',4684.00,21063,17,'2020-05-23 16:07:57','2020-05-23 16:07:57'),
	(50,'dicta','Excepturi sequi fugiat blanditiis est dolores fugit.',9016.00,38764,17,'2020-05-23 16:07:57','2020-05-23 16:07:57'),
	(51,'dolor','Nisi neque necessitatibus est dolorem.',592.00,27376,18,'2020-05-23 16:07:57','2020-05-30 13:22:05'),
	(52,'vel','Nobis est magnam blanditiis fuga voluptate suscipit quis.',5489.00,89041,18,'2020-05-23 16:07:57','2020-05-23 16:07:57'),
	(53,'repellat','Fugiat voluptate nihil eos.',4845.00,40682,18,'2020-05-23 16:07:57','2020-05-23 16:07:57'),
	(54,'cupiditate','Aut exercitationem est eius.',4282.00,24368,19,'2020-05-23 16:07:57','2020-05-23 16:07:57'),
	(55,'ea','Qui in beatae quaerat temporibus earum atque.',1505.00,5373,19,'2020-05-23 16:07:57','2020-05-23 16:07:57'),
	(56,'ut','Id est consequatur quisquam iusto esse et.',9366.00,30200,19,'2020-05-23 16:07:57','2020-05-23 16:07:57'),
	(57,'harum','Dolor suscipit enim vero quidem vel.',9069.00,69336,20,'2020-05-23 16:07:57','2020-05-23 16:07:57'),
	(58,'minus','Illo laborum modi non voluptas non.',5394.00,78929,20,'2020-05-23 16:07:57','2020-05-23 16:07:57'),
	(59,'laborum','Voluptas quasi saepe eos.',6021.00,46629,20,'2020-05-23 16:07:57','2020-05-23 16:07:57'),
	(60,'autem','Laboriosam sed distinctio qui.',8902.00,86983,21,'2020-05-23 16:07:57','2020-05-23 16:07:57'),
	(61,'nobis','Ratione maiores labore asperiores quisquam ipsam est.',2240.00,28073,21,'2020-05-23 16:07:57','2020-05-23 16:07:57'),
	(62,'aperiam','Quae placeat ex neque architecto.',803.00,58782,21,'2020-05-23 16:07:57','2020-05-23 16:07:57'),
	(63,'quos','Sint id sit omnis enim velit.',4669.00,29298,22,'2020-05-23 16:07:57','2020-05-23 16:07:57'),
	(64,'nihil','Ipsa sit occaecati illum laboriosam pariatur dolores fugiat et.',4827.00,18496,22,'2020-05-23 16:07:57','2020-05-23 16:07:57'),
	(65,'totam','Quia dolorum quis asperiores aut.',7718.00,48324,22,'2020-05-23 16:07:57','2020-05-23 16:07:57'),
	(66,'dolorem','Quam iure beatae cupiditate ipsa nisi excepturi voluptas quia.',1528.00,30453,23,'2020-05-23 16:07:57','2020-05-23 16:07:57'),
	(67,'dolorem','Quas nostrum in et illo tempore neque.',7629.00,65344,23,'2020-05-23 16:07:57','2020-05-23 16:07:57'),
	(68,'sit','Quis aperiam soluta qui eveniet est laboriosam.',4961.00,9168,23,'2020-05-23 16:07:57','2020-05-23 16:07:57'),
	(69,'non','Ex atque libero quis veniam odio magni occaecati.',9284.00,73691,24,'2020-05-23 16:07:57','2020-05-23 16:07:57'),
	(70,'voluptas','Earum inventore recusandae sit nobis.',7781.00,74137,24,'2020-05-23 16:07:57','2020-05-23 16:07:57'),
	(71,'dolores','Sequi repellendus molestiae excepturi.',1854.00,41405,24,'2020-05-23 16:07:57','2020-05-23 16:07:57'),
	(72,'numquam','Aperiam qui adipisci dignissimos blanditiis voluptatem eius dicta.',8862.00,32621,25,'2020-05-23 16:07:57','2020-05-23 16:07:57'),
	(73,'sit','Dolore aut et in nisi delectus.',8876.00,47143,25,'2020-05-23 16:07:57','2020-05-23 16:07:57'),
	(74,'voluptatum','Sunt velit voluptas nobis voluptatibus exercitationem delectus.',2550.00,59713,25,'2020-05-23 16:07:57','2020-05-23 16:07:57'),
	(75,'alias','Ex velit est beatae a.',8774.00,57914,26,'2020-05-23 16:07:57','2020-05-23 16:07:57'),
	(76,'itaque','Debitis ex deserunt voluptatem reprehenderit.',5905.00,38602,26,'2020-05-23 16:07:57','2020-05-23 16:07:57'),
	(77,'similique','Aspernatur similique et iure ratione.',4424.00,68854,26,'2020-05-23 16:07:57','2020-05-23 16:07:57'),
	(78,'voluptas','Omnis nisi perspiciatis fuga fugit debitis aut eligendi.',5951.00,48536,27,'2020-05-23 16:07:57','2020-05-23 16:07:57'),
	(79,'non','Eos omnis doloribus et odit.',4683.00,20258,27,'2020-05-23 16:07:57','2020-05-23 16:07:57'),
	(80,'deserunt','Commodi sunt deleniti qui quis.',2131.00,53193,27,'2020-05-23 16:07:57','2020-05-23 16:07:57'),
	(81,'nihil','Consequatur culpa reprehenderit quia saepe doloribus.',8788.00,67245,28,'2020-05-23 16:07:57','2020-05-23 16:07:57'),
	(82,'saepe','Et labore officiis vero non.',6650.00,98610,28,'2020-05-23 16:07:57','2020-05-23 16:07:57'),
	(83,'delectus','Iure qui id qui sint amet sequi.',9760.00,65304,28,'2020-05-23 16:07:57','2020-05-23 16:07:57'),
	(84,'esse','Ipsum voluptatem nesciunt iste qui enim et libero.',3712.00,73202,29,'2020-05-23 16:07:57','2020-05-23 16:07:57'),
	(85,'sapiente','A voluptatibus cum reprehenderit iste culpa nemo voluptatibus.',7218.00,63660,29,'2020-05-23 16:07:57','2020-05-23 16:07:57'),
	(86,'sapiente','Quos quod aut est nobis expedita mollitia.',6370.00,78518,29,'2020-05-23 16:07:57','2020-05-23 16:07:57'),
	(87,'maxime','Illo quo cum magni voluptas qui ea eveniet.',8734.00,36153,30,'2020-05-23 16:07:57','2020-05-23 16:07:57'),
	(88,'facilis','Labore quo autem incidunt repellat maiores.',3151.00,18386,30,'2020-05-23 16:07:57','2020-05-23 16:07:57'),
	(89,'minima','Dolores ex odit ut quae consequatur quidem omnis earum.',9138.00,87361,30,'2020-05-23 16:07:57','2020-05-23 16:07:57'),
	(90,'totam','Aliquam adipisci impedit ex repellat cumque magni.',8779.00,71220,31,'2020-05-23 16:07:57','2020-05-23 16:07:57'),
	(91,'rerum','Facere suscipit animi voluptatem inventore.',4127.00,29616,31,'2020-05-23 16:07:57','2020-05-23 16:07:57'),
	(92,'aliquid','Quae delectus ad hic perferendis aut aut ullam animi.',2143.00,45880,31,'2020-05-23 16:07:57','2020-05-23 16:07:57');

/*!40000 ALTER TABLE `product_skus` ENABLE KEYS */;
UNLOCK TABLES;


# Dump of table products
# ------------------------------------------------------------

DROP TABLE IF EXISTS `products`;

CREATE TABLE `products` (
  `id` bigint(20) unsigned NOT NULL AUTO_INCREMENT,
  `title` varchar(255) COLLATE utf8mb4_unicode_ci NOT NULL,
  `description` text COLLATE utf8mb4_unicode_ci NOT NULL,
  `image` varchar(255) COLLATE utf8mb4_unicode_ci NOT NULL,
  `on_sale` tinyint(1) NOT NULL DEFAULT '1',
  `rating` double(8,2) NOT NULL DEFAULT '5.00',
  `sold_count` int(10) unsigned NOT NULL DEFAULT '0',
  `review_count` int(10) unsigned NOT NULL DEFAULT '0',
  `price` decimal(10,2) NOT NULL,
  `created_at` timestamp NULL DEFAULT NULL,
  `updated_at` timestamp NULL DEFAULT NULL,
  PRIMARY KEY (`id`)
) ENGINE=InnoDB DEFAULT CHARSET=utf8mb4 COLLATE=utf8mb4_unicode_ci;

LOCK TABLES `products` WRITE;
/*!40000 ALTER TABLE `products` DISABLE KEYS */;

INSERT INTO `products` (`id`, `title`, `description`, `image`, `on_sale`, `rating`, `sold_count`, `review_count`, `price`, `created_at`, `updated_at`)
VALUES
	(1,'Apple/苹果 IphoneX','<p>IphoneX商品描述</p><p>IphoneX商品描述</p><p>IphoneX商品描述</p><p><br></p>','images/64e19d7e555ccb24324b78d8d1535b21.jpg',0,5.00,0,0,5999.00,'2020-05-22 17:25:19','2020-05-23 16:09:12'),
	(2,'aut','<p>Recusandae possimus soluta nesciunt nisi.</p>','https://cdn.learnku.com/uploads/images/201806/01/5320/pa7DrV43Mw.jpg',1,1.00,0,0,0.01,'2020-05-23 16:07:56','2020-06-03 13:32:29'),
	(3,'et','Labore iure assumenda quos blanditiis voluptate voluptas maxime et.','https://cdn.learnku.com/uploads/images/201806/01/5320/pa7DrV43Mw.jpg',1,4.00,0,0,3431.00,'2020-05-23 16:07:56','2020-05-23 16:07:56'),
	(4,'rerum','Labore iste ex laboriosam consequatur saepe non fuga et.','https://cdn.learnku.com/uploads/images/201806/01/5320/2JMRaFwRpo.jpg',1,5.00,0,0,1883.00,'2020-05-23 16:07:56','2020-05-23 16:07:57'),
	(5,'sunt','<p>Ea animi id et dolorum.</p>','https://cdn.learnku.com/uploads/images/201806/01/5320/82Wf2sg8gM.jpg',0,5.00,0,0,3465.00,'2020-05-23 16:07:56','2020-05-25 18:02:50'),
	(6,'et','Vel ipsam et officiis dolor totam dolorem.','https://cdn.learnku.com/uploads/images/201806/01/5320/nIvBAQO5Pj.jpg',1,1.00,0,0,7999.00,'2020-05-23 16:07:56','2020-05-23 16:07:57'),
	(7,'culpa','Tempora voluptates ut soluta sunt quo aut.','https://cdn.learnku.com/uploads/images/201806/01/5320/nIvBAQO5Pj.jpg',1,2.00,0,0,559.00,'2020-05-23 16:07:56','2020-05-23 16:07:57'),
	(8,'perspiciatis','Rerum rerum cum consequatur ea pariatur.','https://cdn.learnku.com/uploads/images/201806/01/5320/nIvBAQO5Pj.jpg',1,3.00,0,0,2510.00,'2020-05-23 16:07:56','2020-05-23 16:07:57'),
	(9,'illum','Eligendi quisquam error sit et rerum.','https://cdn.learnku.com/uploads/images/201806/01/5320/r3BNRe4zXG.jpg',1,0.00,0,0,1187.00,'2020-05-23 16:07:56','2020-05-23 16:07:57'),
	(10,'laboriosam','Saepe quaerat veritatis eaque eligendi maxime.','https://cdn.learnku.com/uploads/images/201806/01/5320/XrtIwzrxj7.jpg',1,3.00,5,2,26.00,'2020-05-23 16:07:56','2020-05-29 17:14:27'),
	(11,'nam','Sit ut consequatur consequatur at.','https://cdn.learnku.com/uploads/images/201806/01/5320/7kG1HekGK6.jpg',1,0.00,0,0,3494.00,'2020-05-23 16:07:56','2020-05-23 16:07:57'),
	(12,'amet','Natus doloribus dolorum voluptas sunt dolor aut.','https://cdn.learnku.com/uploads/images/201806/01/5320/pa7DrV43Mw.jpg',1,1.00,0,0,47.00,'2020-05-23 16:07:56','2020-05-23 16:07:57'),
	(13,'repellendus','Ut rerum eum laborum ut.','https://cdn.learnku.com/uploads/images/201806/01/5320/r3BNRe4zXG.jpg',1,3.00,0,0,6688.00,'2020-05-23 16:07:56','2020-05-23 16:07:57'),
	(14,'molestiae','Ut et laudantium suscipit dolor natus et et.','https://cdn.learnku.com/uploads/images/201806/01/5320/pa7DrV43Mw.jpg',1,2.00,0,0,309.00,'2020-05-23 16:07:56','2020-05-23 16:07:57'),
	(15,'neque','Laborum vitae eligendi laudantium excepturi ipsam rerum.','https://cdn.learnku.com/uploads/images/201806/01/5320/2JMRaFwRpo.jpg',1,4.00,0,0,2950.00,'2020-05-23 16:07:56','2020-05-23 16:07:57'),
	(16,'reiciendis','Sed ratione non neque et corrupti asperiores.','https://cdn.learnku.com/uploads/images/201806/01/5320/C0bVuKB2nt.jpg',1,4.00,0,0,1021.00,'2020-05-23 16:07:56','2020-05-23 16:07:57'),
	(17,'qui','Suscipit omnis labore ea cupiditate quos aliquid.','https://cdn.learnku.com/uploads/images/201806/01/5320/r3BNRe4zXG.jpg',1,0.00,0,0,4684.00,'2020-05-23 16:07:56','2020-05-23 16:07:57'),
	(18,'id','Eveniet hic dolorum cumque blanditiis sint.','https://cdn.learnku.com/uploads/images/201806/01/5320/1B3n0ATKrn.jpg',1,1.00,0,0,592.00,'2020-05-23 16:07:56','2020-05-23 16:07:57'),
	(19,'architecto','Quia nemo quis quisquam aut iusto numquam.','https://cdn.learnku.com/uploads/images/201806/01/5320/1B3n0ATKrn.jpg',1,5.00,0,0,1505.00,'2020-05-23 16:07:56','2020-05-23 16:07:57'),
	(20,'perferendis','Culpa quia iste laborum tenetur ut alias non.','https://cdn.learnku.com/uploads/images/201806/01/5320/nIvBAQO5Pj.jpg',1,0.00,0,0,5394.00,'2020-05-23 16:07:56','2020-05-23 16:07:57'),
	(21,'ut','Nostrum qui illum quod magnam eaque modi vitae.','https://cdn.learnku.com/uploads/images/201806/01/5320/C0bVuKB2nt.jpg',1,5.00,0,0,803.00,'2020-05-23 16:07:56','2020-05-23 16:07:57'),
	(22,'officia','Modi et beatae repudiandae sit eaque.','https://cdn.learnku.com/uploads/images/201806/01/5320/2JMRaFwRpo.jpg',1,0.00,0,0,4669.00,'2020-05-23 16:07:56','2020-05-23 16:07:57'),
	(23,'dolorem','Fugit ullam reprehenderit earum fugit.','https://cdn.learnku.com/uploads/images/201806/01/5320/1B3n0ATKrn.jpg',1,4.00,0,0,1528.00,'2020-05-23 16:07:56','2020-05-23 16:07:57'),
	(24,'dolorem','Dolorem odio consequatur sint.','https://cdn.learnku.com/uploads/images/201806/01/5320/82Wf2sg8gM.jpg',1,5.00,0,0,1854.00,'2020-05-23 16:07:56','2020-05-23 16:07:57'),
	(25,'aut','Dolore explicabo consequuntur dolorem laborum.','https://cdn.learnku.com/uploads/images/201806/01/5320/r3BNRe4zXG.jpg',1,3.00,0,0,2550.00,'2020-05-23 16:07:56','2020-05-23 16:07:57'),
	(26,'consequatur','Dolores dolorum fugit esse reprehenderit.','https://cdn.learnku.com/uploads/images/201806/01/5320/nIvBAQO5Pj.jpg',1,0.00,0,0,4424.00,'2020-05-23 16:07:56','2020-05-23 16:07:57'),
	(27,'error','Consequatur repudiandae aut necessitatibus officia magnam et aperiam.','https://cdn.learnku.com/uploads/images/201806/01/5320/r3BNRe4zXG.jpg',1,1.00,0,0,2131.00,'2020-05-23 16:07:56','2020-05-23 16:07:57'),
	(28,'a','Voluptatem reprehenderit dolor veniam dolores.','https://cdn.learnku.com/uploads/images/201806/01/5320/82Wf2sg8gM.jpg',1,3.00,0,0,6650.00,'2020-05-23 16:07:56','2020-05-23 16:07:57'),
	(29,'rerum','Expedita qui aut quasi error.','https://cdn.learnku.com/uploads/images/201806/01/5320/XrtIwzrxj7.jpg',1,3.00,0,0,3712.00,'2020-05-23 16:07:56','2020-05-23 16:07:57'),
	(30,'corrupti','Dolorem pariatur est accusantium quibusdam sed.','https://cdn.learnku.com/uploads/images/201806/01/5320/nIvBAQO5Pj.jpg',1,4.00,0,0,3151.00,'2020-05-23 16:07:56','2020-05-23 16:07:57'),
	(31,'accusamus','Molestias deleniti architecto nisi.','https://cdn.learnku.com/uploads/images/201806/01/5320/82Wf2sg8gM.jpg',1,1.00,0,0,2143.00,'2020-05-23 16:07:56','2020-05-23 16:07:57');

/*!40000 ALTER TABLE `products` ENABLE KEYS */;
UNLOCK TABLES;


# Dump of table user_addresses
# ------------------------------------------------------------

DROP TABLE IF EXISTS `user_addresses`;

CREATE TABLE `user_addresses` (
  `id` bigint(20) unsigned NOT NULL AUTO_INCREMENT,
  `user_id` bigint(20) unsigned NOT NULL,
  `province` varchar(255) COLLATE utf8mb4_unicode_ci NOT NULL,
  `city` varchar(255) COLLATE utf8mb4_unicode_ci NOT NULL,
  `district` varchar(255) COLLATE utf8mb4_unicode_ci NOT NULL,
  `address` varchar(255) COLLATE utf8mb4_unicode_ci NOT NULL,
  `zip` int(10) unsigned NOT NULL,
  `contact_name` varchar(255) COLLATE utf8mb4_unicode_ci NOT NULL,
  `contact_phone` varchar(255) COLLATE utf8mb4_unicode_ci NOT NULL,
  `last_used_at` datetime DEFAULT NULL,
  `created_at` timestamp NULL DEFAULT NULL,
  `updated_at` timestamp NULL DEFAULT NULL,
  PRIMARY KEY (`id`),
  KEY `user_addresses_user_id_foreign` (`user_id`),
  CONSTRAINT `user_addresses_user_id_foreign` FOREIGN KEY (`user_id`) REFERENCES `users` (`id`) ON DELETE CASCADE
) ENGINE=InnoDB DEFAULT CHARSET=utf8mb4 COLLATE=utf8mb4_unicode_ci;

LOCK TABLES `user_addresses` WRITE;
/*!40000 ALTER TABLE `user_addresses` DISABLE KEYS */;

INSERT INTO `user_addresses` (`id`, `user_id`, `province`, `city`, `district`, `address`, `zip`, `contact_name`, `contact_phone`, `last_used_at`, `created_at`, `updated_at`)
VALUES
	(1,1,'广东省','深圳市','福田区','第89街道第759111号',274800,'欧阳哲','13125075617','2020-05-28 11:36:17','2020-05-20 16:24:26','2020-05-28 11:36:17'),
	(2,1,'广东省','深圳市','福田区','第95街道第859号',186200,'仲淑珍','18050527418',NULL,'2020-05-20 16:24:26','2020-05-20 16:24:26'),
	(4,1,'海南省','海口市','龙华区','海秀中路星华大厦1706',571300,'叶子','18289639280','2020-06-03 14:44:45','2020-05-20 17:33:59','2020-06-03 14:44:45');

/*!40000 ALTER TABLE `user_addresses` ENABLE KEYS */;
UNLOCK TABLES;


# Dump of table user_favorite_products
# ------------------------------------------------------------

DROP TABLE IF EXISTS `user_favorite_products`;

CREATE TABLE `user_favorite_products` (
  `id` bigint(20) unsigned NOT NULL AUTO_INCREMENT,
  `user_id` bigint(20) unsigned NOT NULL,
  `product_id` bigint(20) unsigned NOT NULL,
  `created_at` timestamp NULL DEFAULT NULL,
  `updated_at` timestamp NULL DEFAULT NULL,
  PRIMARY KEY (`id`),
  KEY `user_favorite_products_user_id_foreign` (`user_id`),
  KEY `user_favorite_products_product_id_foreign` (`product_id`),
  CONSTRAINT `user_favorite_products_product_id_foreign` FOREIGN KEY (`product_id`) REFERENCES `products` (`id`) ON DELETE CASCADE,
  CONSTRAINT `user_favorite_products_user_id_foreign` FOREIGN KEY (`user_id`) REFERENCES `users` (`id`) ON DELETE CASCADE
) ENGINE=InnoDB DEFAULT CHARSET=utf8mb4 COLLATE=utf8mb4_unicode_ci;

LOCK TABLES `user_favorite_products` WRITE;
/*!40000 ALTER TABLE `user_favorite_products` DISABLE KEYS */;

INSERT INTO `user_favorite_products` (`id`, `user_id`, `product_id`, `created_at`, `updated_at`)
VALUES
	(4,1,2,'2020-05-25 14:58:15','2020-05-25 14:58:15'),
	(6,1,4,'2020-05-25 15:35:36','2020-05-25 15:35:36');

/*!40000 ALTER TABLE `user_favorite_products` ENABLE KEYS */;
UNLOCK TABLES;


# Dump of table users
# ------------------------------------------------------------

DROP TABLE IF EXISTS `users`;

CREATE TABLE `users` (
  `id` bigint(20) unsigned NOT NULL AUTO_INCREMENT,
  `name` varchar(255) COLLATE utf8mb4_unicode_ci NOT NULL,
  `email` varchar(255) COLLATE utf8mb4_unicode_ci NOT NULL,
  `email_verified_at` timestamp NULL DEFAULT NULL,
  `password` varchar(255) COLLATE utf8mb4_unicode_ci NOT NULL,
  `remember_token` varchar(100) COLLATE utf8mb4_unicode_ci DEFAULT NULL,
  `created_at` timestamp NULL DEFAULT NULL,
  `updated_at` timestamp NULL DEFAULT NULL,
  PRIMARY KEY (`id`),
  UNIQUE KEY `users_email_unique` (`email`)
) ENGINE=InnoDB DEFAULT CHARSET=utf8mb4 COLLATE=utf8mb4_unicode_ci;

LOCK TABLES `users` WRITE;
/*!40000 ALTER TABLE `users` DISABLE KEYS */;

INSERT INTO `users` (`id`, `name`, `email`, `email_verified_at`, `password`, `remember_token`, `created_at`, `updated_at`)
VALUES
	(1,'summer','summer@qq.com','2020-05-20 07:28:53','$2y$10$3edYo7fe3H3pCTsXPoKOrejhc3BXP0LGNcveegJbO0YsyZo2VxRxO',NULL,'2020-05-20 07:20:07','2020-05-20 07:28:53'),
	(2,'test-mail','test@qq.com','2020-05-20 07:29:47','$2y$10$Fiq2AtPZjV/UUcLeagKXJOiPbUlbfZI.zlAJD0LUwe7OgjM5JNlBy',NULL,'2020-05-20 07:29:36','2020-05-20 07:29:47');

/*!40000 ALTER TABLE `users` ENABLE KEYS */;
UNLOCK TABLES;



/*!40111 SET SQL_NOTES=@OLD_SQL_NOTES */;
/*!40101 SET SQL_MODE=@OLD_SQL_MODE */;
/*!40014 SET FOREIGN_KEY_CHECKS=@OLD_FOREIGN_KEY_CHECKS */;
/*!40101 SET CHARACTER_SET_CLIENT=@OLD_CHARACTER_SET_CLIENT */;
/*!40101 SET CHARACTER_SET_RESULTS=@OLD_CHARACTER_SET_RESULTS */;
/*!40101 SET COLLATION_CONNECTION=@OLD_COLLATION_CONNECTION */;
